{"meta":{"timestamp":"2024-11-17T18:45:45.513864","version":"7.4.0","argv":["--os","windows","-j","./samples/rootkit/104bac01383354b836c8b92bc62dc639626556464e8c3396a96f1b7d39b38573"],"sample":{"md5":"0697064bd2bd2bb45685a310dbdd963a","sha1":"b00ac4c4d5793254e0b0a4406fc2912fe854a0ce","sha256":"104bac01383354b836c8b92bc62dc639626556464e8c3396a96f1b7d39b38573","path":"/samples/rootkit/104bac01383354b836c8b92bc62dc639626556464e8c3396a96f1b7d39b38573"},"flavor":"static","analysis":{"format":"pe","arch":"amd64","os":"windows","extractor":"VivisectFeatureExtractor","rules":["/tmp/_MEISMvrxj/rules"],"base_address":{"type":"absolute","value":5368709120},"layout":{"functions":[{"address":{"type":"absolute","value":5368713216},"matched_basic_blocks":[{"address":{"type":"absolute","value":5368713399}},{"address":{"type":"absolute","value":5368713461}}]},{"address":{"type":"absolute","value":5368713528},"matched_basic_blocks":[{"address":{"type":"absolute","value":5368713553}},{"address":{"type":"absolute","value":5368713618}}]},{"address":{"type":"absolute","value":5368713624},"matched_basic_blocks":[{"address":{"type":"absolute","value":5368713624}},{"address":{"type":"absolute","value":5368713739}}]},{"address":{"type":"absolute","value":5368713764},"matched_basic_blocks":[{"address":{"type":"absolute","value":5368713764}},{"address":{"type":"absolute","value":5368713810}},{"address":{"type":"absolute","value":5368714265}}]},{"address":{"type":"absolute","value":5368714388},"matched_basic_blocks":[{"address":{"type":"absolute","value":5368714499}}]},{"address":{"type":"absolute","value":5368714828},"matched_basic_blocks":[{"address":{"type":"absolute","value":5368714828}},{"address":{"type":"absolute","value":5368714960}}]},{"address":{"type":"absolute","value":5368714972},"matched_basic_blocks":[{"address":{"type":"absolute","value":5368714972}},{"address":{"type":"absolute","value":5368715004}},{"address":{"type":"absolute","value":5368715021}},{"address":{"type":"absolute","value":5368715066}},{"address":{"type":"absolute","value":5368715075}},{"address":{"type":"absolute","value":5368715153}}]},{"address":{"type":"absolute","value":5368715232},"matched_basic_blocks":[{"address":{"type":"absolute","value":5368715232}},{"address":{"type":"absolute","value":5368715267}},{"address":{"type":"absolute","value":5368715284}},{"address":{"type":"absolute","value":5368715332}},{"address":{"type":"absolute","value":5368715341}},{"address":{"type":"absolute","value":5368715412}}]},{"address":{"type":"absolute","value":5368715488},"matched_basic_blocks":[{"address":{"type":"absolute","value":5368715488}},{"address":{"type":"absolute","value":5368715598}},{"address":{"type":"absolute","value":5368715660}}]},{"address":{"type":"absolute","value":5368715672},"matched_basic_blocks":[{"address":{"type":"absolute","value":5368715672}},{"address":{"type":"absolute","value":5368715786}},{"address":{"type":"absolute","value":5368715843}}]},{"address":{"type":"absolute","value":5368715888},"matched_basic_blocks":[{"address":{"type":"absolute","value":5368716094}}]},{"address":{"type":"absolute","value":5368716240},"matched_basic_blocks":[{"address":{"type":"absolute","value":5368716240}}]},{"address":{"type":"absolute","value":5368716272},"matched_basic_blocks":[{"address":{"type":"absolute","value":5368716272}},{"address":{"type":"absolute","value":5368716372}},{"address":{"type":"absolute","value":5368716744}}]},{"address":{"type":"absolute","value":5368716812},"matched_basic_blocks":[{"address":{"type":"absolute","value":5368716812}},{"address":{"type":"absolute","value":5368716931}}]},{"address":{"type":"absolute","value":5368716944},"matched_basic_blocks":[{"address":{"type":"absolute","value":5368716944}},{"address":{"type":"absolute","value":5368717046}}]},{"address":{"type":"absolute","value":5368717060},"matched_basic_blocks":[{"address":{"type":"absolute","value":5368717060}},{"address":{"type":"absolute","value":5368717198}}]},{"address":{"type":"absolute","value":5368717212},"matched_basic_blocks":[{"address":{"type":"absolute","value":5368717212}},{"address":{"type":"absolute","value":5368717319}}]},{"address":{"type":"absolute","value":5368717332},"matched_basic_blocks":[{"address":{"type":"absolute","value":5368717332}},{"address":{"type":"absolute","value":5368717460}}]},{"address":{"type":"absolute","value":5368717472},"matched_basic_blocks":[{"address":{"type":"absolute","value":5368717472}}]},{"address":{"type":"absolute","value":5368717584},"matched_basic_blocks":[{"address":{"type":"absolute","value":5368717631}},{"address":{"type":"absolute","value":5368717797}},{"address":{"type":"absolute","value":5368717827}},{"address":{"type":"absolute","value":5368717857}},{"address":{"type":"absolute","value":5368717902}}]},{"address":{"type":"absolute","value":5368717984},"matched_basic_blocks":[{"address":{"type":"absolute","value":5368718015}},{"address":{"type":"absolute","value":5368718099}},{"address":{"type":"absolute","value":5368718112}}]},{"address":{"type":"absolute","value":5368718128},"matched_basic_blocks":[{"address":{"type":"absolute","value":5368718171}},{"address":{"type":"absolute","value":5368718244}},{"address":{"type":"absolute","value":5368718282}}]},{"address":{"type":"absolute","value":5368718532},"matched_basic_blocks":[{"address":{"type":"absolute","value":5368718532}},{"address":{"type":"absolute","value":5368718747}},{"address":{"type":"absolute","value":5368718799}},{"address":{"type":"absolute","value":5368718876}}]},{"address":{"type":"absolute","value":5368718904},"matched_basic_blocks":[{"address":{"type":"absolute","value":5368718904}},{"address":{"type":"absolute","value":5368719119}},{"address":{"type":"absolute","value":5368719171}},{"address":{"type":"absolute","value":5368719248}}]},{"address":{"type":"absolute","value":5368719276},"matched_basic_blocks":[{"address":{"type":"absolute","value":5368719319}},{"address":{"type":"absolute","value":5368719404}},{"address":{"type":"absolute","value":5368719453}},{"address":{"type":"absolute","value":5368719465}},{"address":{"type":"absolute","value":5368719493}},{"address":{"type":"absolute","value":5368719553}},{"address":{"type":"absolute","value":5368719563}}]},{"address":{"type":"absolute","value":5368719616},"matched_basic_blocks":[{"address":{"type":"absolute","value":5368719659}},{"address":{"type":"absolute","value":5368719744}},{"address":{"type":"absolute","value":5368719793}},{"address":{"type":"absolute","value":5368719805}},{"address":{"type":"absolute","value":5368719833}},{"address":{"type":"absolute","value":5368719893}},{"address":{"type":"absolute","value":5368719903}}]},{"address":{"type":"absolute","value":5368719956},"matched_basic_blocks":[{"address":{"type":"absolute","value":5368719999}},{"address":{"type":"absolute","value":5368720084}},{"address":{"type":"absolute","value":5368720133}},{"address":{"type":"absolute","value":5368720145}},{"address":{"type":"absolute","value":5368720173}},{"address":{"type":"absolute","value":5368720233}},{"address":{"type":"absolute","value":5368720243}}]},{"address":{"type":"absolute","value":5368720296},"matched_basic_blocks":[{"address":{"type":"absolute","value":5368720339}},{"address":{"type":"absolute","value":5368720424}},{"address":{"type":"absolute","value":5368720474}},{"address":{"type":"absolute","value":5368720486}},{"address":{"type":"absolute","value":5368720513}},{"address":{"type":"absolute","value":5368720573}},{"address":{"type":"absolute","value":5368720583}}]},{"address":{"type":"absolute","value":5368720636},"matched_basic_blocks":[{"address":{"type":"absolute","value":5368720679}},{"address":{"type":"absolute","value":5368720764}},{"address":{"type":"absolute","value":5368720813}},{"address":{"type":"absolute","value":5368720825}},{"address":{"type":"absolute","value":5368720853}},{"address":{"type":"absolute","value":5368720913}},{"address":{"type":"absolute","value":5368720923}}]},{"address":{"type":"absolute","value":5368720976},"matched_basic_blocks":[{"address":{"type":"absolute","value":5368721019}},{"address":{"type":"absolute","value":5368721088}},{"address":{"type":"absolute","value":5368721129}},{"address":{"type":"absolute","value":5368721141}},{"address":{"type":"absolute","value":5368721169}},{"address":{"type":"absolute","value":5368721229}},{"address":{"type":"absolute","value":5368721239}}]},{"address":{"type":"absolute","value":5368721296},"matched_basic_blocks":[{"address":{"type":"absolute","value":5368721296}},{"address":{"type":"absolute","value":5368721319}},{"address":{"type":"absolute","value":5368721410}}]},{"address":{"type":"absolute","value":5368721416},"matched_basic_blocks":[{"address":{"type":"absolute","value":5368721594}},{"address":{"type":"absolute","value":5368721641}},{"address":{"type":"absolute","value":5368721717}},{"address":{"type":"absolute","value":5368721837}}]},{"address":{"type":"absolute","value":5368721856},"matched_basic_blocks":[{"address":{"type":"absolute","value":5368721856}}]},{"address":{"type":"absolute","value":5368721888},"matched_basic_blocks":[{"address":{"type":"absolute","value":5368721888}}]},{"address":{"type":"absolute","value":5368721908},"matched_basic_blocks":[{"address":{"type":"absolute","value":5368721936}},{"address":{"type":"absolute","value":5368721978}},{"address":{"type":"absolute","value":5368722025}}]},{"address":{"type":"absolute","value":5368722040},"matched_basic_blocks":[{"address":{"type":"absolute","value":5368722068}},{"address":{"type":"absolute","value":5368722110}},{"address":{"type":"absolute","value":5368722157}}]},{"address":{"type":"absolute","value":5368722172},"matched_basic_blocks":[{"address":{"type":"absolute","value":5368722218}},{"address":{"type":"absolute","value":5368722261}},{"address":{"type":"absolute","value":5368722306}}]},{"address":{"type":"absolute","value":5368722324},"matched_basic_blocks":[{"address":{"type":"absolute","value":5368722370}},{"address":{"type":"absolute","value":5368722413}},{"address":{"type":"absolute","value":5368722458}}]},{"address":{"type":"absolute","value":5368723252},"matched_basic_blocks":[{"address":{"type":"absolute","value":5368723252}},{"address":{"type":"absolute","value":5368723332}},{"address":{"type":"absolute","value":5368723472}}]},{"address":{"type":"absolute","value":5368723500},"matched_basic_blocks":[{"address":{"type":"absolute","value":5368723500}},{"address":{"type":"absolute","value":5368723561}},{"address":{"type":"absolute","value":5368723692}}]},{"address":{"type":"absolute","value":5368723712},"matched_basic_blocks":[{"address":{"type":"absolute","value":5368723811}}]},{"address":{"type":"absolute","value":5368723820},"matched_basic_blocks":[{"address":{"type":"absolute","value":5368723820}},{"address":{"type":"absolute","value":5368724050}}]},{"address":{"type":"absolute","value":5368724192},"matched_basic_blocks":[{"address":{"type":"absolute","value":5368724192}},{"address":{"type":"absolute","value":5368724422}}]},{"address":{"type":"absolute","value":5368724576},"matched_basic_blocks":[{"address":{"type":"absolute","value":5368724576}},{"address":{"type":"absolute","value":5368724763}},{"address":{"type":"absolute","value":5368724881}},{"address":{"type":"absolute","value":5368724895}}]},{"address":{"type":"absolute","value":5368724916},"matched_basic_blocks":[{"address":{"type":"absolute","value":5368724916}}]},{"address":{"type":"absolute","value":5368725200},"matched_basic_blocks":[{"address":{"type":"absolute","value":5368725429}},{"address":{"type":"absolute","value":5368725607}}]},{"address":{"type":"absolute","value":5368725952},"matched_basic_blocks":[{"address":{"type":"absolute","value":5368725952}},{"address":{"type":"absolute","value":5368726003}},{"address":{"type":"absolute","value":5368726121}}]},{"address":{"type":"absolute","value":5368726128},"matched_basic_blocks":[{"address":{"type":"absolute","value":5368726217}}]},{"address":{"type":"absolute","value":5368726236},"matched_basic_blocks":[{"address":{"type":"absolute","value":5368726325}}]},{"address":{"type":"absolute","value":5368726344},"matched_basic_blocks":[{"address":{"type":"absolute","value":5368726511}}]},{"address":{"type":"absolute","value":5368727296},"matched_basic_blocks":[{"address":{"type":"absolute","value":5368727296}},{"address":{"type":"absolute","value":5368727371}}]},{"address":{"type":"absolute","value":5368727392},"matched_basic_blocks":[{"address":{"type":"absolute","value":5368727437}}]},{"address":{"type":"absolute","value":5368727456},"matched_basic_blocks":[{"address":{"type":"absolute","value":5368727501}}]},{"address":{"type":"absolute","value":5368727508},"matched_basic_blocks":[{"address":{"type":"absolute","value":5368727508}},{"address":{"type":"absolute","value":5368727575}},{"address":{"type":"absolute","value":5368727592}},{"address":{"type":"absolute","value":5368727603}},{"address":{"type":"absolute","value":5368727645}},{"address":{"type":"absolute","value":5368727800}}]},{"address":{"type":"absolute","value":5368727840},"matched_basic_blocks":[{"address":{"type":"absolute","value":5368728111}},{"address":{"type":"absolute","value":5368728184}}]},{"address":{"type":"absolute","value":5368728216},"matched_basic_blocks":[{"address":{"type":"absolute","value":5368730508}},{"address":{"type":"absolute","value":5368730644}}]},{"address":{"type":"absolute","value":5368728228},"matched_basic_blocks":[{"address":{"type":"absolute","value":5368730508}},{"address":{"type":"absolute","value":5368730644}}]},{"address":{"type":"absolute","value":5368728240},"matched_basic_blocks":[{"address":{"type":"absolute","value":5368730672}},{"address":{"type":"absolute","value":5368730822}}]},{"address":{"type":"absolute","value":5368728256},"matched_basic_blocks":[{"address":{"type":"absolute","value":5368730672}},{"address":{"type":"absolute","value":5368730822}}]},{"address":{"type":"absolute","value":5368728272},"matched_basic_blocks":[{"address":{"type":"absolute","value":5368728411}}]},{"address":{"type":"absolute","value":5368728428},"matched_basic_blocks":[{"address":{"type":"absolute","value":5368728567}}]},{"address":{"type":"absolute","value":5368728584},"matched_basic_blocks":[{"address":{"type":"absolute","value":5368728722}},{"address":{"type":"absolute","value":5368728740}},{"address":{"type":"absolute","value":5368729147}}]},{"address":{"type":"absolute","value":5368729184},"matched_basic_blocks":[{"address":{"type":"absolute","value":5368729477}}]},{"address":{"type":"absolute","value":5368729580},"matched_basic_blocks":[{"address":{"type":"absolute","value":5368729580}},{"address":{"type":"absolute","value":5368729680}},{"address":{"type":"absolute","value":5368729764}},{"address":{"type":"absolute","value":5368730003}}]},{"address":{"type":"absolute","value":5368730064},"matched_basic_blocks":[{"address":{"type":"absolute","value":5368730064}},{"address":{"type":"absolute","value":5368730104}},{"address":{"type":"absolute","value":5368730114}}]},{"address":{"type":"absolute","value":5368730120},"matched_basic_blocks":[{"address":{"type":"absolute","value":5368730120}}]},{"address":{"type":"absolute","value":5368730156},"matched_basic_blocks":[{"address":{"type":"absolute","value":5368730156}},{"address":{"type":"absolute","value":5368730259}}]},{"address":{"type":"absolute","value":5368730320},"matched_basic_blocks":[{"address":{"type":"absolute","value":5368730495}}]},{"address":{"type":"absolute","value":5368730508},"matched_basic_blocks":[{"address":{"type":"absolute","value":5368730508}},{"address":{"type":"absolute","value":5368730644}}]},{"address":{"type":"absolute","value":5368730856},"matched_basic_blocks":[{"address":{"type":"absolute","value":5368730856}}]},{"address":{"type":"absolute","value":5368730944},"matched_basic_blocks":[{"address":{"type":"absolute","value":5368730958}}]},{"address":{"type":"absolute","value":5368730968},"matched_basic_blocks":[{"address":{"type":"absolute","value":5368731065}}]},{"address":{"type":"absolute","value":5368731136},"matched_basic_blocks":[{"address":{"type":"absolute","value":5368731180}}]},{"address":{"type":"absolute","value":5368731192},"matched_basic_blocks":[{"address":{"type":"absolute","value":5368731341}},{"address":{"type":"absolute","value":5368731357}},{"address":{"type":"absolute","value":5368731375}},{"address":{"type":"absolute","value":5368731574}},{"address":{"type":"absolute","value":5368731973}}]},{"address":{"type":"absolute","value":5368732016},"matched_basic_blocks":[{"address":{"type":"absolute","value":5368732060}}]},{"address":{"type":"absolute","value":5368732072},"matched_basic_blocks":[{"address":{"type":"absolute","value":5368732166}},{"address":{"type":"absolute","value":5368732257}}]},{"address":{"type":"absolute","value":5368732596},"matched_basic_blocks":[{"address":{"type":"absolute","value":5368732693}}]},{"address":{"type":"absolute","value":5368732712},"matched_basic_blocks":[{"address":{"type":"absolute","value":5368732809}}]},{"address":{"type":"absolute","value":5368732828},"matched_basic_blocks":[{"address":{"type":"absolute","value":5368732828}},{"address":{"type":"absolute","value":5368733005}},{"address":{"type":"absolute","value":5368733137}},{"address":{"type":"absolute","value":5368733256}}]},{"address":{"type":"absolute","value":5368733296},"matched_basic_blocks":[{"address":{"type":"absolute","value":5368733296}},{"address":{"type":"absolute","value":5368733391}},{"address":{"type":"absolute","value":5368733464}}]},{"address":{"type":"absolute","value":5368733528},"matched_basic_blocks":[{"address":{"type":"absolute","value":5368733537}}]},{"address":{"type":"absolute","value":5368733584},"matched_basic_blocks":[{"address":{"type":"absolute","value":5368733584}},{"address":{"type":"absolute","value":5368733669}},{"address":{"type":"absolute","value":5368733925}},{"address":{"type":"absolute","value":5368733972}}]},{"address":{"type":"absolute","value":5368734000},"matched_basic_blocks":[{"address":{"type":"absolute","value":5368734000}}]},{"address":{"type":"absolute","value":5368734032},"matched_basic_blocks":[{"address":{"type":"absolute","value":5368734032}}]},{"address":{"type":"absolute","value":5368734052},"matched_basic_blocks":[{"address":{"type":"absolute","value":5368734052}},{"address":{"type":"absolute","value":5368734256}},{"address":{"type":"absolute","value":5368734461}},{"address":{"type":"absolute","value":5368734725}}]},{"address":{"type":"absolute","value":5368734740},"matched_basic_blocks":[{"address":{"type":"absolute","value":5368734740}},{"address":{"type":"absolute","value":5368734944}},{"address":{"type":"absolute","value":5368735149}},{"address":{"type":"absolute","value":5368735413}}]},{"address":{"type":"absolute","value":5368735428},"matched_basic_blocks":[{"address":{"type":"absolute","value":5368735478}},{"address":{"type":"absolute","value":5368735535}}]},{"address":{"type":"absolute","value":5368735548},"matched_basic_blocks":[{"address":{"type":"absolute","value":5368735595}},{"address":{"type":"absolute","value":5368735652}}]},{"address":{"type":"absolute","value":5368735664},"matched_basic_blocks":[{"address":{"type":"absolute","value":5368735779}},{"address":{"type":"absolute","value":5368735830}}]},{"address":{"type":"absolute","value":5368735904},"matched_basic_blocks":[{"address":{"type":"absolute","value":5368735951}},{"address":{"type":"absolute","value":5368736008}}]},{"address":{"type":"absolute","value":5368736020},"matched_basic_blocks":[{"address":{"type":"absolute","value":5368736135}},{"address":{"type":"absolute","value":5368736212}}]},{"address":{"type":"absolute","value":5368736300},"matched_basic_blocks":[{"address":{"type":"absolute","value":5368736415}},{"address":{"type":"absolute","value":5368736466}}]},{"address":{"type":"absolute","value":5368736540},"matched_basic_blocks":[{"address":{"type":"absolute","value":5368736655}},{"address":{"type":"absolute","value":5368736706}}]},{"address":{"type":"absolute","value":5368736784},"matched_basic_blocks":[{"address":{"type":"absolute","value":5368736942}},{"address":{"type":"absolute","value":5368737001}}]},{"address":{"type":"absolute","value":5368737020},"matched_basic_blocks":[{"address":{"type":"absolute","value":5368738916}},{"address":{"type":"absolute","value":5368739009}},{"address":{"type":"absolute","value":5368739037}},{"address":{"type":"absolute","value":5368739044}},{"address":{"type":"absolute","value":5368739226}}]},{"address":{"type":"absolute","value":5368737032},"matched_basic_blocks":[{"address":{"type":"absolute","value":5368738916}},{"address":{"type":"absolute","value":5368739009}},{"address":{"type":"absolute","value":5368739037}},{"address":{"type":"absolute","value":5368739044}},{"address":{"type":"absolute","value":5368739226}}]},{"address":{"type":"absolute","value":5368737044},"matched_basic_blocks":[{"address":{"type":"absolute","value":5368739044}},{"address":{"type":"absolute","value":5368739226}}]},{"address":{"type":"absolute","value":5368737060},"matched_basic_blocks":[{"address":{"type":"absolute","value":5368739044}},{"address":{"type":"absolute","value":5368739226}}]},{"address":{"type":"absolute","value":5368737076},"matched_basic_blocks":[{"address":{"type":"absolute","value":5368737199}},{"address":{"type":"absolute","value":5368737212}}]},{"address":{"type":"absolute","value":5368737224},"matched_basic_blocks":[{"address":{"type":"absolute","value":5368737224}}]},{"address":{"type":"absolute","value":5368737252},"matched_basic_blocks":[{"address":{"type":"absolute","value":5368737252}},{"address":{"type":"absolute","value":5368737359}},{"address":{"type":"absolute","value":5368737606}},{"address":{"type":"absolute","value":5368737609}}]},{"address":{"type":"absolute","value":5368737756},"matched_basic_blocks":[{"address":{"type":"absolute","value":5368737756}}]},{"address":{"type":"absolute","value":5368737792},"matched_basic_blocks":[{"address":{"type":"absolute","value":5368737792}}]},{"address":{"type":"absolute","value":5368737824},"matched_basic_blocks":[{"address":{"type":"absolute","value":5368737824}}]},{"address":{"type":"absolute","value":5368737852},"matched_basic_blocks":[{"address":{"type":"absolute","value":5368737927}},{"address":{"type":"absolute","value":5368737942}},{"address":{"type":"absolute","value":5368738010}}]},{"address":{"type":"absolute","value":5368738052},"matched_basic_blocks":[{"address":{"type":"absolute","value":5368738120}},{"address":{"type":"absolute","value":5368738138}},{"address":{"type":"absolute","value":5368738220}}]},{"address":{"type":"absolute","value":5368738264},"matched_basic_blocks":[{"address":{"type":"absolute","value":5368738120}},{"address":{"type":"absolute","value":5368738138}},{"address":{"type":"absolute","value":5368738220}}]},{"address":{"type":"absolute","value":5368738272},"matched_basic_blocks":[{"address":{"type":"absolute","value":5368738348}},{"address":{"type":"absolute","value":5368738438}}]},{"address":{"type":"absolute","value":5368738476},"matched_basic_blocks":[{"address":{"type":"absolute","value":5368738476}}]},{"address":{"type":"absolute","value":5368738512},"matched_basic_blocks":[{"address":{"type":"absolute","value":5368738552}},{"address":{"type":"absolute","value":5368738592}},{"address":{"type":"absolute","value":5368738606}}]},{"address":{"type":"absolute","value":5368738676},"matched_basic_blocks":[{"address":{"type":"absolute","value":5368738676}},{"address":{"type":"absolute","value":5368738897}}]},{"address":{"type":"absolute","value":5368738916},"matched_basic_blocks":[{"address":{"type":"absolute","value":5368738916}},{"address":{"type":"absolute","value":5368739009}},{"address":{"type":"absolute","value":5368739037}},{"address":{"type":"absolute","value":5368739226}}]},{"address":{"type":"absolute","value":5368739044},"matched_basic_blocks":[{"address":{"type":"absolute","value":5368739044}},{"address":{"type":"absolute","value":5368739226}}]},{"address":{"type":"absolute","value":5368739268},"matched_basic_blocks":[{"address":{"type":"absolute","value":5368739627}}]},{"address":{"type":"absolute","value":5368739680},"matched_basic_blocks":[{"address":{"type":"absolute","value":5368725952}},{"address":{"type":"absolute","value":5368726003}},{"address":{"type":"absolute","value":5368726121}},{"address":{"type":"absolute","value":5368739680}}]},{"address":{"type":"absolute","value":5368739720},"matched_basic_blocks":[{"address":{"type":"absolute","value":5368739767}},{"address":{"type":"absolute","value":5368740100}},{"address":{"type":"absolute","value":5368740142}}]},{"address":{"type":"absolute","value":5368740544},"matched_basic_blocks":[{"address":{"type":"absolute","value":5368740576}},{"address":{"type":"absolute","value":5368740677}},{"address":{"type":"absolute","value":5368740704}},{"address":{"type":"absolute","value":5368740832}},{"address":{"type":"absolute","value":5368740864}},{"address":{"type":"absolute","value":5368740914}},{"address":{"type":"absolute","value":5368740974}},{"address":{"type":"absolute","value":5368741093}},{"address":{"type":"absolute","value":5368741268}},{"address":{"type":"absolute","value":5368741330}}]},{"address":{"type":"absolute","value":5368741376},"matched_basic_blocks":[{"address":{"type":"absolute","value":5368741408}},{"address":{"type":"absolute","value":5368741488}},{"address":{"type":"absolute","value":5368741522}},{"address":{"type":"absolute","value":5368741584}}]},{"address":{"type":"absolute","value":5368774656},"matched_basic_blocks":[{"address":{"type":"absolute","value":5368774656}}]}]},"feature_counts":{"file":743,"functions":[{"address":{"type":"absolute","value":5368713216},"count":88},{"address":{"type":"absolute","value":5368713488},"count":13},{"address":{"type":"absolute","value":5368713508},"count":11},{"address":{"type":"absolute","value":5368713528},"count":41},{"address":{"type":"absolute","value":5368713624},"count":59},{"address":{"type":"absolute","value":5368713764},"count":112},{"address":{"type":"absolute","value":5368714388},"count":86},{"address":{"type":"absolute","value":5368714828},"count":52},{"address":{"type":"absolute","value":5368714972},"count":71},{"address":{"type":"absolute","value":5368715232},"count":76},{"address":{"type":"absolute","value":5368715488},"count":68},{"address":{"type":"absolute","value":5368715672},"count":78},{"address":{"type":"absolute","value":5368715888},"count":78},{"address":{"type":"absolute","value":5368716240},"count":25},{"address":{"type":"absolute","value":5368716272},"count":93},{"address":{"type":"absolute","value":5368716812},"count":52},{"address":{"type":"absolute","value":5368716944},"count":50},{"address":{"type":"absolute","value":5368717060},"count":54},{"address":{"type":"absolute","value":5368717212},"count":56},{"address":{"type":"absolute","value":5368717332},"count":63},{"address":{"type":"absolute","value":5368717472},"count":48},{"address":{"type":"absolute","value":5368717584},"count":82},{"address":{"type":"absolute","value":5368717984},"count":68},{"address":{"type":"absolute","value":5368718128},"count":86},{"address":{"type":"absolute","value":5368718532},"count":89},{"address":{"type":"absolute","value":5368718904},"count":89},{"address":{"type":"absolute","value":5368719276},"count":87},{"address":{"type":"absolute","value":5368719616},"count":84},{"address":{"type":"absolute","value":5368719956},"count":86},{"address":{"type":"absolute","value":5368720296},"count":87},{"address":{"type":"absolute","value":5368720636},"count":83},{"address":{"type":"absolute","value":5368720976},"count":81},{"address":{"type":"absolute","value":5368721296},"count":40},{"address":{"type":"absolute","value":5368721416},"count":65},{"address":{"type":"absolute","value":5368721856},"count":16},{"address":{"type":"absolute","value":5368721888},"count":16},{"address":{"type":"absolute","value":5368721908},"count":43},{"address":{"type":"absolute","value":5368722040},"count":43},{"address":{"type":"absolute","value":5368722172},"count":47},{"address":{"type":"absolute","value":5368722324},"count":47},{"address":{"type":"absolute","value":5368722476},"count":12},{"address":{"type":"absolute","value":5368723252},"count":65},{"address":{"type":"absolute","value":5368723500},"count":60},{"address":{"type":"absolute","value":5368723712},"count":55},{"address":{"type":"absolute","value":5368723820},"count":81},{"address":{"type":"absolute","value":5368724192},"count":81},{"address":{"type":"absolute","value":5368724576},"count":63},{"address":{"type":"absolute","value":5368724916},"count":58},{"address":{"type":"absolute","value":5368725200},"count":84},{"address":{"type":"absolute","value":5368725952},"count":48},{"address":{"type":"absolute","value":5368726128},"count":43},{"address":{"type":"absolute","value":5368726236},"count":43},{"address":{"type":"absolute","value":5368726344},"count":100},{"address":{"type":"absolute","value":5368727296},"count":42},{"address":{"type":"absolute","value":5368727392},"count":23},{"address":{"type":"absolute","value":5368727456},"count":23},{"address":{"type":"absolute","value":5368727508},"count":77},{"address":{"type":"absolute","value":5368727840},"count":83},{"address":{"type":"absolute","value":5368728216},"count":64},{"address":{"type":"absolute","value":5368728228},"count":64},{"address":{"type":"absolute","value":5368728240},"count":68},{"address":{"type":"absolute","value":5368728256},"count":68},{"address":{"type":"absolute","value":5368728272},"count":44},{"address":{"type":"absolute","value":5368728428},"count":44},{"address":{"type":"absolute","value":5368728584},"count":85},{"address":{"type":"absolute","value":5368729184},"count":79},{"address":{"type":"absolute","value":5368729580},"count":93},{"address":{"type":"absolute","value":5368730064},"count":33},{"address":{"type":"absolute","value":5368730120},"count":21},{"address":{"type":"absolute","value":5368730156},"count":58},{"address":{"type":"absolute","value":5368730320},"count":71},{"address":{"type":"absolute","value":5368730508},"count":64},{"address":{"type":"absolute","value":5368730856},"count":26},{"address":{"type":"absolute","value":5368730944},"count":19},{"address":{"type":"absolute","value":5368730968},"count":52},{"address":{"type":"absolute","value":5368731136},"count":28},{"address":{"type":"absolute","value":5368731192},"count":95},{"address":{"type":"absolute","value":5368731996},"count":11},{"address":{"type":"absolute","value":5368732016},"count":28},{"address":{"type":"absolute","value":5368732072},"count":110},{"address":{"type":"absolute","value":5368732596},"count":33},{"address":{"type":"absolute","value":5368732712},"count":33},{"address":{"type":"absolute","value":5368732828},"count":93},{"address":{"type":"absolute","value":5368733296},"count":61},{"address":{"type":"absolute","value":5368733476},"count":39},{"address":{"type":"absolute","value":5368733528},"count":41},{"address":{"type":"absolute","value":5368733584},"count":67},{"address":{"type":"absolute","value":5368734000},"count":16},{"address":{"type":"absolute","value":5368734032},"count":16},{"address":{"type":"absolute","value":5368734052},"count":107},{"address":{"type":"absolute","value":5368734740},"count":107},{"address":{"type":"absolute","value":5368735428},"count":47},{"address":{"type":"absolute","value":5368735548},"count":48},{"address":{"type":"absolute","value":5368735664},"count":72},{"address":{"type":"absolute","value":5368735904},"count":48},{"address":{"type":"absolute","value":5368736020},"count":77},{"address":{"type":"absolute","value":5368736300},"count":72},{"address":{"type":"absolute","value":5368736540},"count":72},{"address":{"type":"absolute","value":5368736784},"count":48},{"address":{"type":"absolute","value":5368737020},"count":70},{"address":{"type":"absolute","value":5368737032},"count":70},{"address":{"type":"absolute","value":5368737044},"count":70},{"address":{"type":"absolute","value":5368737060},"count":70},{"address":{"type":"absolute","value":5368737076},"count":56},{"address":{"type":"absolute","value":5368737224},"count":18},{"address":{"type":"absolute","value":5368737252},"count":112},{"address":{"type":"absolute","value":5368737756},"count":17},{"address":{"type":"absolute","value":5368737792},"count":19},{"address":{"type":"absolute","value":5368737824},"count":18},{"address":{"type":"absolute","value":5368737852},"count":74},{"address":{"type":"absolute","value":5368738052},"count":76},{"address":{"type":"absolute","value":5368738264},"count":76},{"address":{"type":"absolute","value":5368738272},"count":79},{"address":{"type":"absolute","value":5368738476},"count":21},{"address":{"type":"absolute","value":5368738512},"count":57},{"address":{"type":"absolute","value":5368738676},"count":81},{"address":{"type":"absolute","value":5368738916},"count":70},{"address":{"type":"absolute","value":5368739044},"count":70},{"address":{"type":"absolute","value":5368739268},"count":53},{"address":{"type":"absolute","value":5368739680},"count":49},{"address":{"type":"absolute","value":5368739708},"count":8},{"address":{"type":"absolute","value":5368739720},"count":94},{"address":{"type":"absolute","value":5368740172},"count":9},{"address":{"type":"absolute","value":5368740184},"count":8},{"address":{"type":"absolute","value":5368740190},"count":8},{"address":{"type":"absolute","value":5368740196},"count":8},{"address":{"type":"absolute","value":5368740202},"count":8},{"address":{"type":"absolute","value":5368740208},"count":8},{"address":{"type":"absolute","value":5368740272},"count":7},{"address":{"type":"absolute","value":5368740470},"count":8},{"address":{"type":"absolute","value":5368740476},"count":8},{"address":{"type":"absolute","value":5368740544},"count":105},{"address":{"type":"absolute","value":5368741376},"count":73},{"address":{"type":"absolute","value":5368774656},"count":20},{"address":{"type":"absolute","value":5368774700},"count":25}]},"library_functions":[{"address":{"type":"absolute","value":5368722488},"name":"?ReadNameDictFromStream@CPropertySection@@QEAAHPEAUIStream@@@Z"},{"address":{"type":"absolute","value":5368740240},"name":"__security_check_cookie"},{"address":{"type":"absolute","value":5368740512},"name":"_guard_dispatch_icall_nop"}]}},"rules":{"create or open registry key":{"meta":{"name":"create or open registry key","authors":["michael.hunhoff@mandiant.com","anushka.virgaonkar@mandiant.com"],"scopes":{"static":"basic block","dynamic":"call"},"attack":[],"mbc":[{"parts":["Operating System","Registry","Create Registry Key"],"objective":"Operating System","behavior":"Registry","method":"Create Registry Key","id":"C0036.004"},{"parts":["Operating System","Registry","Open Registry Key"],"objective":"Operating System","behavior":"Registry","method":"Open Registry Key","id":"C0036.003"}],"references":[],"examples":["Practical Malware Analysis Lab 03-02.dll_:0x10004706","Practical Malware Analysis Lab 11-01.exe_:0x401000","493167E85E45363D09495D0841C30648:0x404D60","B5F85C26D7AA5A1FB4AF5821B6B5AB9B:0x4045F2","B5F85C26D7AA5A1FB4AF5821B6B5AB9B:0x40433E","692f7fd6d198e804d6af98eb9e390d61:0x6000003"],"description":"","lib":true,"is_subscope_rule":false,"maec":{}},"source":"rule:\n  meta:\n    name: create or open registry key\n    authors:\n      - michael.hunhoff@mandiant.com\n      - anushka.virgaonkar@mandiant.com\n    lib: true\n    scopes:\n      static: basic block\n      dynamic: call\n    mbc:\n      - Operating System::Registry::Create Registry Key [C0036.004]\n      - Operating System::Registry::Open Registry Key [C0036.003]\n    examples:\n      - Practical Malware Analysis Lab 03-02.dll_:0x10004706\n      - Practical Malware Analysis Lab 11-01.exe_:0x401000\n      - 493167E85E45363D09495D0841C30648:0x404D60\n      - B5F85C26D7AA5A1FB4AF5821B6B5AB9B:0x4045F2\n      - B5F85C26D7AA5A1FB4AF5821B6B5AB9B:0x40433E\n      - 692f7fd6d198e804d6af98eb9e390d61:0x6000003\n  features:\n    - or:\n      - api: advapi32.RegOpenKey\n      - api: advapi32.RegOpenKeyEx\n      - api: advapi32.RegCreateKey\n      - api: advapi32.RegCreateKeyEx\n      - api: advapi32.RegOpenCurrentUser\n      - api: advapi32.RegOpenKeyTransacted\n      - api: advapi32.RegOpenUserClassesRoot\n      - api: advapi32.RegCreateKeyTransacted\n      - api: ZwOpenKey\n      - api: ZwOpenKeyEx\n      - api: ZwCreateKey\n      - api: ZwOpenKeyTransacted\n      - api: ZwOpenKeyTransactedEx\n      - api: ZwCreateKeyTransacted\n      - api: NtOpenKey\n      - api: NtCreateKey\n      - api: SHRegOpenUSKey\n      - api: SHRegCreateUSKey\n      - api: RtlCreateRegistryKey\n      - api: Microsoft.Win32.RegistryKey::OpenSubKey\n      - api: Microsoft.Win32.RegistryKey::OpenBaseKey\n      - api: Microsoft.Win32.RegistryKey::OpenRemoteBaseKey\n      - api: Microsoft.Win32.RegistryKey::CreateSubKey\n","matches":[[{"type":"absolute","value":5368713810},{"success":true,"node":{"type":"statement","statement":{"type":"or"}},"children":[{"success":false,"node":{"type":"feature","feature":{"type":"api","api":"RegOpenKey"}},"children":[],"locations":[],"captures":{}},{"success":false,"node":{"type":"feature","feature":{"type":"api","api":"RegOpenKeyEx"}},"children":[],"locations":[],"captures":{}},{"success":false,"node":{"type":"feature","feature":{"type":"api","api":"RegCreateKey"}},"children":[],"locations":[],"captures":{}},{"success":false,"node":{"type":"feature","feature":{"type":"api","api":"RegCreateKeyEx"}},"children":[],"locations":[],"captures":{}},{"success":false,"node":{"type":"feature","feature":{"type":"api","api":"RegOpenCurrentUser"}},"children":[],"locations":[],"captures":{}},{"success":false,"node":{"type":"feature","feature":{"type":"api","api":"RegOpenKeyTransacted"}},"children":[],"locations":[],"captures":{}},{"success":false,"node":{"type":"feature","feature":{"type":"api","api":"RegOpenUserClassesRoot"}},"children":[],"locations":[],"captures":{}},{"success":false,"node":{"type":"feature","feature":{"type":"api","api":"RegCreateKeyTransacted"}},"children":[],"locations":[],"captures":{}},{"success":true,"node":{"type":"feature","feature":{"type":"api","api":"ZwOpenKey"}},"children":[],"locations":[{"type":"absolute","value":5368713866}],"captures":{}},{"success":false,"node":{"type":"feature","feature":{"type":"api","api":"ZwOpenKeyEx"}},"children":[],"locations":[],"captures":{}},{"success":false,"node":{"type":"feature","feature":{"type":"api","api":"ZwCreateKey"}},"children":[],"locations":[],"captures":{}},{"success":false,"node":{"type":"feature","feature":{"type":"api","api":"ZwOpenKeyTransacted"}},"children":[],"locations":[],"captures":{}},{"success":false,"node":{"type":"feature","feature":{"type":"api","api":"ZwOpenKeyTransactedEx"}},"children":[],"locations":[],"captures":{}},{"success":false,"node":{"type":"feature","feature":{"type":"api","api":"ZwCreateKeyTransacted"}},"children":[],"locations":[],"captures":{}},{"success":false,"node":{"type":"feature","feature":{"type":"api","api":"NtOpenKey"}},"children":[],"locations":[],"captures":{}},{"success":false,"node":{"type":"feature","feature":{"type":"api","api":"NtCreateKey"}},"children":[],"locations":[],"captures":{}},{"success":false,"node":{"type":"feature","feature":{"type":"api","api":"SHRegOpenUSKey"}},"children":[],"locations":[],"captures":{}},{"success":false,"node":{"type":"feature","feature":{"type":"api","api":"SHRegCreateUSKey"}},"children":[],"locations":[],"captures":{}},{"success":false,"node":{"type":"feature","feature":{"type":"api","api":"RtlCreateRegistryKey"}},"children":[],"locations":[],"captures":{}},{"success":false,"node":{"type":"feature","feature":{"type":"api","api":"Microsoft.Win32.RegistryKey::OpenSubKey"}},"children":[],"locations":[],"captures":{}},{"success":false,"node":{"type":"feature","feature":{"type":"api","api":"Microsoft.Win32.RegistryKey::OpenBaseKey"}},"children":[],"locations":[],"captures":{}},{"success":false,"node":{"type":"feature","feature":{"type":"api","api":"Microsoft.Win32.RegistryKey::OpenRemoteBaseKey"}},"children":[],"locations":[],"captures":{}},{"success":false,"node":{"type":"feature","feature":{"type":"api","api":"Microsoft.Win32.RegistryKey::CreateSubKey"}},"children":[],"locations":[],"captures":{}}],"locations":[],"captures":{}}]]},"complete processing asynchronous IO request":{"meta":{"name":"complete processing asynchronous IO request","namespace":"host-interaction/driver","authors":["moritz.raabe@mandiant.com"],"scopes":{"static":"basic block","dynamic":"thread"},"attack":[],"mbc":[],"references":[],"examples":["Practical Malware Analysis Lab 10-03.sys_:0x10666"],"description":"signals that driver has finished all processing for a given IRP (part of major function)","lib":false,"is_subscope_rule":false,"maec":{}},"source":"rule:\n  meta:\n    name: complete processing asynchronous IO request\n    namespace: host-interaction/driver\n    authors:\n      - moritz.raabe@mandiant.com\n    description: signals that driver has finished all processing for a given IRP (part of major function)\n    scopes:\n      static: basic block\n      dynamic: thread\n    examples:\n      - Practical Malware Analysis Lab 10-03.sys_:0x10666\n  features:\n    - or:\n      - api: IoCompleteRequest\n      - api: IofCompleteRequest\n","matches":[[{"type":"absolute","value":5368716240},{"success":true,"node":{"type":"statement","statement":{"type":"or"}},"children":[{"success":false,"node":{"type":"feature","feature":{"type":"api","api":"IoCompleteRequest"}},"children":[],"locations":[],"captures":{}},{"success":true,"node":{"type":"feature","feature":{"type":"api","api":"IofCompleteRequest"}},"children":[],"locations":[{"type":"absolute","value":5368716258}],"captures":{}}],"locations":[],"captures":{}}],[{"type":"absolute","value":5368716744},{"success":true,"node":{"type":"statement","statement":{"type":"or"}},"children":[{"success":false,"node":{"type":"feature","feature":{"type":"api","api":"IoCompleteRequest"}},"children":[],"locations":[],"captures":{}},{"success":true,"node":{"type":"feature","feature":{"type":"api","api":"IofCompleteRequest"}},"children":[],"locations":[{"type":"absolute","value":5368716760}],"captures":{}}],"locations":[],"captures":{}}]]},"register minifilter driver":{"meta":{"name":"register minifilter driver","namespace":"host-interaction/filter","authors":["michael.hunhoff@mandiant.com"],"scopes":{"static":"basic block","dynamic":"call"},"attack":[],"mbc":[{"parts":["Hardware","Install Driver","Minifilter"],"objective":"Hardware","behavior":"Install Driver","method":"Minifilter","id":"C0037.001"}],"references":["https://docs.microsoft.com/en-us/windows-hardware/drivers/ifs/filter-manager-concepts"],"examples":["B5F85C26D7AA5A1FB4AF5821B6B5AB9B:0x4060C8"],"description":"","lib":false,"is_subscope_rule":false,"maec":{}},"source":"rule:\n  meta:\n    name: register minifilter driver\n    namespace: host-interaction/filter\n    authors:\n      - michael.hunhoff@mandiant.com\n    scopes:\n      static: basic block\n      dynamic: call\n    mbc:\n      - Hardware::Install Driver::Minifilter [C0037.001]\n    references:\n      - https://docs.microsoft.com/en-us/windows-hardware/drivers/ifs/filter-manager-concepts\n    examples:\n      - B5F85C26D7AA5A1FB4AF5821B6B5AB9B:0x4060C8\n  features:\n    - and:\n      - api: FltRegisterFilter\n","matches":[[{"type":"absolute","value":5368721594},{"success":true,"node":{"type":"statement","statement":{"type":"and"}},"children":[{"success":true,"node":{"type":"feature","feature":{"type":"api","api":"FltRegisterFilter"}},"children":[],"locations":[{"type":"absolute","value":5368721630}],"captures":{}}],"locations":[],"captures":{}}]]},"start minifilter driver":{"meta":{"name":"start minifilter driver","namespace":"host-interaction/filter","authors":["michael.hunhoff@mandiant.com"],"scopes":{"static":"basic block","dynamic":"call"},"attack":[],"mbc":[{"parts":["Hardware","Load Driver","Minifilter"],"objective":"Hardware","behavior":"Load Driver","method":"Minifilter","id":"C0023.001"}],"references":["https://docs.microsoft.com/en-us/windows-hardware/drivers/ifs/filter-manager-concepts"],"examples":["B5F85C26D7AA5A1FB4AF5821B6B5AB9B:0x406360"],"description":"","lib":false,"is_subscope_rule":false,"maec":{}},"source":"rule:\n  meta:\n    name: start minifilter driver\n    namespace: host-interaction/filter\n    authors:\n      - michael.hunhoff@mandiant.com\n    scopes:\n      static: basic block\n      dynamic: call\n    mbc:\n      - Hardware::Load Driver::Minifilter [C0023.001]\n    references:\n      - https://docs.microsoft.com/en-us/windows-hardware/drivers/ifs/filter-manager-concepts\n    examples:\n      - B5F85C26D7AA5A1FB4AF5821B6B5AB9B:0x406360\n  features:\n    - and:\n      - api: FltStartFiltering\n","matches":[[{"type":"absolute","value":5368721641},{"success":true,"node":{"type":"statement","statement":{"type":"and"}},"children":[{"success":true,"node":{"type":"feature","feature":{"type":"api","api":"FltStartFiltering"}},"children":[],"locations":[{"type":"absolute","value":5368721648}],"captures":{}}],"locations":[],"captures":{}}]]},"open process":{"meta":{"name":"open process","authors":["0x534a@mailbox.org"],"scopes":{"static":"basic block","dynamic":"call"},"attack":[],"mbc":[{"parts":["Process","Open Process"],"objective":"Process","behavior":"Open Process","method":"","id":"C0065"}],"references":[],"examples":["Practical Malware Analysis Lab 17-02.dll_:0x1000D10D"],"description":"","lib":true,"is_subscope_rule":false,"maec":{}},"source":"rule:\n  meta:\n    name: open process\n    authors:\n      - 0x534a@mailbox.org\n    lib: true\n    scopes:\n      static: basic block\n      dynamic: call\n    mbc:\n      - Process::Open Process [C0065]\n    examples:\n      - Practical Malware Analysis Lab 17-02.dll_:0x1000D10D\n  features:\n    - or:\n      - api: kernel32.OpenProcess\n      - api: NtOpenProcess\n      - api: ZwOpenProcess\n","matches":[[{"type":"absolute","value":5368728740},{"success":true,"node":{"type":"statement","statement":{"type":"or"}},"children":[{"success":false,"node":{"type":"feature","feature":{"type":"api","api":"OpenProcess"}},"children":[],"locations":[],"captures":{}},{"success":false,"node":{"type":"feature","feature":{"type":"api","api":"NtOpenProcess"}},"children":[],"locations":[],"captures":{}},{"success":true,"node":{"type":"feature","feature":{"type":"api","api":"ZwOpenProcess"}},"children":[],"locations":[{"type":"absolute","value":5368728802}],"captures":{}}],"locations":[],"captures":{}}],[{"type":"absolute","value":5368731375},{"success":true,"node":{"type":"statement","statement":{"type":"or"}},"children":[{"success":false,"node":{"type":"feature","feature":{"type":"api","api":"OpenProcess"}},"children":[],"locations":[],"captures":{}},{"success":false,"node":{"type":"feature","feature":{"type":"api","api":"NtOpenProcess"}},"children":[],"locations":[],"captures":{}},{"success":true,"node":{"type":"feature","feature":{"type":"api","api":"ZwOpenProcess"}},"children":[],"locations":[{"type":"absolute","value":5368731437}],"captures":{}}],"locations":[],"captures":{}}]]},"contain loop":{"meta":{"name":"contain loop","authors":["moritz.raabe@mandiant.com"],"scopes":{"static":"function"},"attack":[],"mbc":[],"references":[],"examples":["08AC667C65D36D6542917655571E61C8:0x406EAA"],"description":"","lib":true,"is_subscope_rule":false,"maec":{}},"source":"rule:\n  meta:\n    name: contain loop\n    authors:\n      - moritz.raabe@mandiant.com\n    lib: true\n    scopes:\n      static: function\n      dynamic: unsupported  # requires characteristic features\n    examples:\n      - 08AC667C65D36D6542917655571E61C8:0x406EAA\n  features:\n    - or:\n      - characteristic: loop\n      - characteristic: tight loop\n      - characteristic: recursive call\n","matches":[[{"type":"absolute","value":5368713216},{"success":true,"node":{"type":"statement","statement":{"type":"or"}},"children":[{"success":true,"node":{"type":"feature","feature":{"type":"characteristic","characteristic":"loop"}},"children":[],"locations":[{"type":"absolute","value":5368713216}],"captures":{}},{"success":false,"node":{"type":"feature","feature":{"type":"characteristic","characteristic":"tight loop"}},"children":[],"locations":[],"captures":{}},{"success":false,"node":{"type":"feature","feature":{"type":"characteristic","characteristic":"recursive call"}},"children":[],"locations":[],"captures":{}}],"locations":[],"captures":{}}],[{"type":"absolute","value":5368714972},{"success":true,"node":{"type":"statement","statement":{"type":"or"}},"children":[{"success":true,"node":{"type":"feature","feature":{"type":"characteristic","characteristic":"loop"}},"children":[],"locations":[{"type":"absolute","value":5368714972}],"captures":{}},{"success":false,"node":{"type":"feature","feature":{"type":"characteristic","characteristic":"tight loop"}},"children":[],"locations":[],"captures":{}},{"success":false,"node":{"type":"feature","feature":{"type":"characteristic","characteristic":"recursive call"}},"children":[],"locations":[],"captures":{}}],"locations":[],"captures":{}}],[{"type":"absolute","value":5368715232},{"success":true,"node":{"type":"statement","statement":{"type":"or"}},"children":[{"success":true,"node":{"type":"feature","feature":{"type":"characteristic","characteristic":"loop"}},"children":[],"locations":[{"type":"absolute","value":5368715232}],"captures":{}},{"success":false,"node":{"type":"feature","feature":{"type":"characteristic","characteristic":"tight loop"}},"children":[],"locations":[],"captures":{}},{"success":false,"node":{"type":"feature","feature":{"type":"characteristic","characteristic":"recursive call"}},"children":[],"locations":[],"captures":{}}],"locations":[],"captures":{}}],[{"type":"absolute","value":5368719276},{"success":true,"node":{"type":"statement","statement":{"type":"or"}},"children":[{"success":true,"node":{"type":"feature","feature":{"type":"characteristic","characteristic":"loop"}},"children":[],"locations":[{"type":"absolute","value":5368719276}],"captures":{}},{"success":false,"node":{"type":"feature","feature":{"type":"characteristic","characteristic":"tight loop"}},"children":[],"locations":[],"captures":{}},{"success":false,"node":{"type":"feature","feature":{"type":"characteristic","characteristic":"recursive call"}},"children":[],"locations":[],"captures":{}}],"locations":[],"captures":{}}],[{"type":"absolute","value":5368719616},{"success":true,"node":{"type":"statement","statement":{"type":"or"}},"children":[{"success":true,"node":{"type":"feature","feature":{"type":"characteristic","characteristic":"loop"}},"children":[],"locations":[{"type":"absolute","value":5368719616}],"captures":{}},{"success":false,"node":{"type":"feature","feature":{"type":"characteristic","characteristic":"tight loop"}},"children":[],"locations":[],"captures":{}},{"success":false,"node":{"type":"feature","feature":{"type":"characteristic","characteristic":"recursive call"}},"children":[],"locations":[],"captures":{}}],"locations":[],"captures":{}}],[{"type":"absolute","value":5368719956},{"success":true,"node":{"type":"statement","statement":{"type":"or"}},"children":[{"success":true,"node":{"type":"feature","feature":{"type":"characteristic","characteristic":"loop"}},"children":[],"locations":[{"type":"absolute","value":5368719956}],"captures":{}},{"success":false,"node":{"type":"feature","feature":{"type":"characteristic","characteristic":"tight loop"}},"children":[],"locations":[],"captures":{}},{"success":false,"node":{"type":"feature","feature":{"type":"characteristic","characteristic":"recursive call"}},"children":[],"locations":[],"captures":{}}],"locations":[],"captures":{}}],[{"type":"absolute","value":5368720296},{"success":true,"node":{"type":"statement","statement":{"type":"or"}},"children":[{"success":true,"node":{"type":"feature","feature":{"type":"characteristic","characteristic":"loop"}},"children":[],"locations":[{"type":"absolute","value":5368720296}],"captures":{}},{"success":false,"node":{"type":"feature","feature":{"type":"characteristic","characteristic":"tight loop"}},"children":[],"locations":[],"captures":{}},{"success":false,"node":{"type":"feature","feature":{"type":"characteristic","characteristic":"recursive call"}},"children":[],"locations":[],"captures":{}}],"locations":[],"captures":{}}],[{"type":"absolute","value":5368720636},{"success":true,"node":{"type":"statement","statement":{"type":"or"}},"children":[{"success":true,"node":{"type":"feature","feature":{"type":"characteristic","characteristic":"loop"}},"children":[],"locations":[{"type":"absolute","value":5368720636}],"captures":{}},{"success":false,"node":{"type":"feature","feature":{"type":"characteristic","characteristic":"tight loop"}},"children":[],"locations":[],"captures":{}},{"success":false,"node":{"type":"feature","feature":{"type":"characteristic","characteristic":"recursive call"}},"children":[],"locations":[],"captures":{}}],"locations":[],"captures":{}}],[{"type":"absolute","value":5368720976},{"success":true,"node":{"type":"statement","statement":{"type":"or"}},"children":[{"success":true,"node":{"type":"feature","feature":{"type":"characteristic","characteristic":"loop"}},"children":[],"locations":[{"type":"absolute","value":5368720976}],"captures":{}},{"success":false,"node":{"type":"feature","feature":{"type":"characteristic","characteristic":"tight loop"}},"children":[],"locations":[],"captures":{}},{"success":false,"node":{"type":"feature","feature":{"type":"characteristic","characteristic":"recursive call"}},"children":[],"locations":[],"captures":{}}],"locations":[],"captures":{}}],[{"type":"absolute","value":5368723252},{"success":true,"node":{"type":"statement","statement":{"type":"or"}},"children":[{"success":true,"node":{"type":"feature","feature":{"type":"characteristic","characteristic":"loop"}},"children":[],"locations":[{"type":"absolute","value":5368723252}],"captures":{}},{"success":false,"node":{"type":"feature","feature":{"type":"characteristic","characteristic":"tight loop"}},"children":[],"locations":[],"captures":{}},{"success":false,"node":{"type":"feature","feature":{"type":"characteristic","characteristic":"recursive call"}},"children":[],"locations":[],"captures":{}}],"locations":[],"captures":{}}],[{"type":"absolute","value":5368723500},{"success":true,"node":{"type":"statement","statement":{"type":"or"}},"children":[{"success":true,"node":{"type":"feature","feature":{"type":"characteristic","characteristic":"loop"}},"children":[],"locations":[{"type":"absolute","value":5368723500}],"captures":{}},{"success":false,"node":{"type":"feature","feature":{"type":"characteristic","characteristic":"tight loop"}},"children":[],"locations":[],"captures":{}},{"success":false,"node":{"type":"feature","feature":{"type":"characteristic","characteristic":"recursive call"}},"children":[],"locations":[],"captures":{}}],"locations":[],"captures":{}}],[{"type":"absolute","value":5368727508},{"success":true,"node":{"type":"statement","statement":{"type":"or"}},"children":[{"success":true,"node":{"type":"feature","feature":{"type":"characteristic","characteristic":"loop"}},"children":[],"locations":[{"type":"absolute","value":5368727508}],"captures":{}},{"success":false,"node":{"type":"feature","feature":{"type":"characteristic","characteristic":"tight loop"}},"children":[],"locations":[],"captures":{}},{"success":false,"node":{"type":"feature","feature":{"type":"characteristic","characteristic":"recursive call"}},"children":[],"locations":[],"captures":{}}],"locations":[],"captures":{}}],[{"type":"absolute","value":5368728216},{"success":true,"node":{"type":"statement","statement":{"type":"or"}},"children":[{"success":true,"node":{"type":"feature","feature":{"type":"characteristic","characteristic":"loop"}},"children":[],"locations":[{"type":"absolute","value":5368728216}],"captures":{}},{"success":false,"node":{"type":"feature","feature":{"type":"characteristic","characteristic":"tight loop"}},"children":[],"locations":[],"captures":{}},{"success":false,"node":{"type":"feature","feature":{"type":"characteristic","characteristic":"recursive call"}},"children":[],"locations":[],"captures":{}}],"locations":[],"captures":{}}],[{"type":"absolute","value":5368728228},{"success":true,"node":{"type":"statement","statement":{"type":"or"}},"children":[{"success":true,"node":{"type":"feature","feature":{"type":"characteristic","characteristic":"loop"}},"children":[],"locations":[{"type":"absolute","value":5368728228}],"captures":{}},{"success":false,"node":{"type":"feature","feature":{"type":"characteristic","characteristic":"tight loop"}},"children":[],"locations":[],"captures":{}},{"success":false,"node":{"type":"feature","feature":{"type":"characteristic","characteristic":"recursive call"}},"children":[],"locations":[],"captures":{}}],"locations":[],"captures":{}}],[{"type":"absolute","value":5368728240},{"success":true,"node":{"type":"statement","statement":{"type":"or"}},"children":[{"success":true,"node":{"type":"feature","feature":{"type":"characteristic","characteristic":"loop"}},"children":[],"locations":[{"type":"absolute","value":5368728240}],"captures":{}},{"success":false,"node":{"type":"feature","feature":{"type":"characteristic","characteristic":"tight loop"}},"children":[],"locations":[],"captures":{}},{"success":false,"node":{"type":"feature","feature":{"type":"characteristic","characteristic":"recursive call"}},"children":[],"locations":[],"captures":{}}],"locations":[],"captures":{}}],[{"type":"absolute","value":5368728256},{"success":true,"node":{"type":"statement","statement":{"type":"or"}},"children":[{"success":true,"node":{"type":"feature","feature":{"type":"characteristic","characteristic":"loop"}},"children":[],"locations":[{"type":"absolute","value":5368728256}],"captures":{}},{"success":false,"node":{"type":"feature","feature":{"type":"characteristic","characteristic":"tight loop"}},"children":[],"locations":[],"captures":{}},{"success":false,"node":{"type":"feature","feature":{"type":"characteristic","characteristic":"recursive call"}},"children":[],"locations":[],"captures":{}}],"locations":[],"captures":{}}],[{"type":"absolute","value":5368728584},{"success":true,"node":{"type":"statement","statement":{"type":"or"}},"children":[{"success":true,"node":{"type":"feature","feature":{"type":"characteristic","characteristic":"loop"}},"children":[],"locations":[{"type":"absolute","value":5368728584}],"captures":{}},{"success":false,"node":{"type":"feature","feature":{"type":"characteristic","characteristic":"tight loop"}},"children":[],"locations":[],"captures":{}},{"success":false,"node":{"type":"feature","feature":{"type":"characteristic","characteristic":"recursive call"}},"children":[],"locations":[],"captures":{}}],"locations":[],"captures":{}}],[{"type":"absolute","value":5368730156},{"success":true,"node":{"type":"statement","statement":{"type":"or"}},"children":[{"success":true,"node":{"type":"feature","feature":{"type":"characteristic","characteristic":"loop"}},"children":[],"locations":[{"type":"absolute","value":5368730156}],"captures":{}},{"success":false,"node":{"type":"feature","feature":{"type":"characteristic","characteristic":"tight loop"}},"children":[],"locations":[],"captures":{}},{"success":false,"node":{"type":"feature","feature":{"type":"characteristic","characteristic":"recursive call"}},"children":[],"locations":[],"captures":{}}],"locations":[],"captures":{}}],[{"type":"absolute","value":5368730508},{"success":true,"node":{"type":"statement","statement":{"type":"or"}},"children":[{"success":true,"node":{"type":"feature","feature":{"type":"characteristic","characteristic":"loop"}},"children":[],"locations":[{"type":"absolute","value":5368730508}],"captures":{}},{"success":false,"node":{"type":"feature","feature":{"type":"characteristic","characteristic":"tight loop"}},"children":[],"locations":[],"captures":{}},{"success":false,"node":{"type":"feature","feature":{"type":"characteristic","characteristic":"recursive call"}},"children":[],"locations":[],"captures":{}}],"locations":[],"captures":{}}],[{"type":"absolute","value":5368730968},{"success":true,"node":{"type":"statement","statement":{"type":"or"}},"children":[{"success":true,"node":{"type":"feature","feature":{"type":"characteristic","characteristic":"loop"}},"children":[],"locations":[{"type":"absolute","value":5368730968}],"captures":{}},{"success":false,"node":{"type":"feature","feature":{"type":"characteristic","characteristic":"tight loop"}},"children":[],"locations":[],"captures":{}},{"success":false,"node":{"type":"feature","feature":{"type":"characteristic","characteristic":"recursive call"}},"children":[],"locations":[],"captures":{}}],"locations":[],"captures":{}}],[{"type":"absolute","value":5368731192},{"success":true,"node":{"type":"statement","statement":{"type":"or"}},"children":[{"success":true,"node":{"type":"feature","feature":{"type":"characteristic","characteristic":"loop"}},"children":[],"locations":[{"type":"absolute","value":5368731192}],"captures":{}},{"success":false,"node":{"type":"feature","feature":{"type":"characteristic","characteristic":"tight loop"}},"children":[],"locations":[],"captures":{}},{"success":false,"node":{"type":"feature","feature":{"type":"characteristic","characteristic":"recursive call"}},"children":[],"locations":[],"captures":{}}],"locations":[],"captures":{}}],[{"type":"absolute","value":5368734052},{"success":true,"node":{"type":"statement","statement":{"type":"or"}},"children":[{"success":true,"node":{"type":"feature","feature":{"type":"characteristic","characteristic":"loop"}},"children":[],"locations":[{"type":"absolute","value":5368734052}],"captures":{}},{"success":false,"node":{"type":"feature","feature":{"type":"characteristic","characteristic":"tight loop"}},"children":[],"locations":[],"captures":{}},{"success":false,"node":{"type":"feature","feature":{"type":"characteristic","characteristic":"recursive call"}},"children":[],"locations":[],"captures":{}}],"locations":[],"captures":{}}],[{"type":"absolute","value":5368734740},{"success":true,"node":{"type":"statement","statement":{"type":"or"}},"children":[{"success":true,"node":{"type":"feature","feature":{"type":"characteristic","characteristic":"loop"}},"children":[],"locations":[{"type":"absolute","value":5368734740}],"captures":{}},{"success":false,"node":{"type":"feature","feature":{"type":"characteristic","characteristic":"tight loop"}},"children":[],"locations":[],"captures":{}},{"success":false,"node":{"type":"feature","feature":{"type":"characteristic","characteristic":"recursive call"}},"children":[],"locations":[],"captures":{}}],"locations":[],"captures":{}}],[{"type":"absolute","value":5368736020},{"success":true,"node":{"type":"statement","statement":{"type":"or"}},"children":[{"success":true,"node":{"type":"feature","feature":{"type":"characteristic","characteristic":"loop"}},"children":[],"locations":[{"type":"absolute","value":5368736020}],"captures":{}},{"success":false,"node":{"type":"feature","feature":{"type":"characteristic","characteristic":"tight loop"}},"children":[],"locations":[],"captures":{}},{"success":false,"node":{"type":"feature","feature":{"type":"characteristic","characteristic":"recursive call"}},"children":[],"locations":[],"captures":{}}],"locations":[],"captures":{}}],[{"type":"absolute","value":5368737020},{"success":true,"node":{"type":"statement","statement":{"type":"or"}},"children":[{"success":true,"node":{"type":"feature","feature":{"type":"characteristic","characteristic":"loop"}},"children":[],"locations":[{"type":"absolute","value":5368737020}],"captures":{}},{"success":false,"node":{"type":"feature","feature":{"type":"characteristic","characteristic":"tight loop"}},"children":[],"locations":[],"captures":{}},{"success":false,"node":{"type":"feature","feature":{"type":"characteristic","characteristic":"recursive call"}},"children":[],"locations":[],"captures":{}}],"locations":[],"captures":{}}],[{"type":"absolute","value":5368737032},{"success":true,"node":{"type":"statement","statement":{"type":"or"}},"children":[{"success":true,"node":{"type":"feature","feature":{"type":"characteristic","characteristic":"loop"}},"children":[],"locations":[{"type":"absolute","value":5368737032}],"captures":{}},{"success":false,"node":{"type":"feature","feature":{"type":"characteristic","characteristic":"tight loop"}},"children":[],"locations":[],"captures":{}},{"success":false,"node":{"type":"feature","feature":{"type":"characteristic","characteristic":"recursive call"}},"children":[],"locations":[],"captures":{}}],"locations":[],"captures":{}}],[{"type":"absolute","value":5368737044},{"success":true,"node":{"type":"statement","statement":{"type":"or"}},"children":[{"success":true,"node":{"type":"feature","feature":{"type":"characteristic","characteristic":"loop"}},"children":[],"locations":[{"type":"absolute","value":5368737044}],"captures":{}},{"success":false,"node":{"type":"feature","feature":{"type":"characteristic","characteristic":"tight loop"}},"children":[],"locations":[],"captures":{}},{"success":false,"node":{"type":"feature","feature":{"type":"characteristic","characteristic":"recursive call"}},"children":[],"locations":[],"captures":{}}],"locations":[],"captures":{}}],[{"type":"absolute","value":5368737060},{"success":true,"node":{"type":"statement","statement":{"type":"or"}},"children":[{"success":true,"node":{"type":"feature","feature":{"type":"characteristic","characteristic":"loop"}},"children":[],"locations":[{"type":"absolute","value":5368737060}],"captures":{}},{"success":false,"node":{"type":"feature","feature":{"type":"characteristic","characteristic":"tight loop"}},"children":[],"locations":[],"captures":{}},{"success":false,"node":{"type":"feature","feature":{"type":"characteristic","characteristic":"recursive call"}},"children":[],"locations":[],"captures":{}}],"locations":[],"captures":{}}],[{"type":"absolute","value":5368737252},{"success":true,"node":{"type":"statement","statement":{"type":"or"}},"children":[{"success":true,"node":{"type":"feature","feature":{"type":"characteristic","characteristic":"loop"}},"children":[],"locations":[{"type":"absolute","value":5368737252}],"captures":{}},{"success":false,"node":{"type":"feature","feature":{"type":"characteristic","characteristic":"tight loop"}},"children":[],"locations":[],"captures":{}},{"success":false,"node":{"type":"feature","feature":{"type":"characteristic","characteristic":"recursive call"}},"children":[],"locations":[],"captures":{}}],"locations":[],"captures":{}}],[{"type":"absolute","value":5368737852},{"success":true,"node":{"type":"statement","statement":{"type":"or"}},"children":[{"success":true,"node":{"type":"feature","feature":{"type":"characteristic","characteristic":"loop"}},"children":[],"locations":[{"type":"absolute","value":5368737852}],"captures":{}},{"success":false,"node":{"type":"feature","feature":{"type":"characteristic","characteristic":"tight loop"}},"children":[],"locations":[],"captures":{}},{"success":false,"node":{"type":"feature","feature":{"type":"characteristic","characteristic":"recursive call"}},"children":[],"locations":[],"captures":{}}],"locations":[],"captures":{}}],[{"type":"absolute","value":5368738052},{"success":true,"node":{"type":"statement","statement":{"type":"or"}},"children":[{"success":true,"node":{"type":"feature","feature":{"type":"characteristic","characteristic":"loop"}},"children":[],"locations":[{"type":"absolute","value":5368738052}],"captures":{}},{"success":false,"node":{"type":"feature","feature":{"type":"characteristic","characteristic":"tight loop"}},"children":[],"locations":[],"captures":{}},{"success":false,"node":{"type":"feature","feature":{"type":"characteristic","characteristic":"recursive call"}},"children":[],"locations":[],"captures":{}}],"locations":[],"captures":{}}],[{"type":"absolute","value":5368738264},{"success":true,"node":{"type":"statement","statement":{"type":"or"}},"children":[{"success":true,"node":{"type":"feature","feature":{"type":"characteristic","characteristic":"loop"}},"children":[],"locations":[{"type":"absolute","value":5368738264}],"captures":{}},{"success":false,"node":{"type":"feature","feature":{"type":"characteristic","characteristic":"tight loop"}},"children":[],"locations":[],"captures":{}},{"success":false,"node":{"type":"feature","feature":{"type":"characteristic","characteristic":"recursive call"}},"children":[],"locations":[],"captures":{}}],"locations":[],"captures":{}}],[{"type":"absolute","value":5368738272},{"success":true,"node":{"type":"statement","statement":{"type":"or"}},"children":[{"success":true,"node":{"type":"feature","feature":{"type":"characteristic","characteristic":"loop"}},"children":[],"locations":[{"type":"absolute","value":5368738272}],"captures":{}},{"success":false,"node":{"type":"feature","feature":{"type":"characteristic","characteristic":"tight loop"}},"children":[],"locations":[],"captures":{}},{"success":false,"node":{"type":"feature","feature":{"type":"characteristic","characteristic":"recursive call"}},"children":[],"locations":[],"captures":{}}],"locations":[],"captures":{}}],[{"type":"absolute","value":5368738512},{"success":true,"node":{"type":"statement","statement":{"type":"or"}},"children":[{"success":true,"node":{"type":"feature","feature":{"type":"characteristic","characteristic":"loop"}},"children":[],"locations":[{"type":"absolute","value":5368738512}],"captures":{}},{"success":false,"node":{"type":"feature","feature":{"type":"characteristic","characteristic":"tight loop"}},"children":[],"locations":[],"captures":{}},{"success":false,"node":{"type":"feature","feature":{"type":"characteristic","characteristic":"recursive call"}},"children":[],"locations":[],"captures":{}}],"locations":[],"captures":{}}],[{"type":"absolute","value":5368738916},{"success":true,"node":{"type":"statement","statement":{"type":"or"}},"children":[{"success":true,"node":{"type":"feature","feature":{"type":"characteristic","characteristic":"loop"}},"children":[],"locations":[{"type":"absolute","value":5368738916}],"captures":{}},{"success":false,"node":{"type":"feature","feature":{"type":"characteristic","characteristic":"tight loop"}},"children":[],"locations":[],"captures":{}},{"success":false,"node":{"type":"feature","feature":{"type":"characteristic","characteristic":"recursive call"}},"children":[],"locations":[],"captures":{}}],"locations":[],"captures":{}}],[{"type":"absolute","value":5368739044},{"success":true,"node":{"type":"statement","statement":{"type":"or"}},"children":[{"success":true,"node":{"type":"feature","feature":{"type":"characteristic","characteristic":"loop"}},"children":[],"locations":[{"type":"absolute","value":5368739044}],"captures":{}},{"success":false,"node":{"type":"feature","feature":{"type":"characteristic","characteristic":"tight loop"}},"children":[],"locations":[],"captures":{}},{"success":false,"node":{"type":"feature","feature":{"type":"characteristic","characteristic":"recursive call"}},"children":[],"locations":[],"captures":{}}],"locations":[],"captures":{}}],[{"type":"absolute","value":5368740544},{"success":true,"node":{"type":"statement","statement":{"type":"or"}},"children":[{"success":true,"node":{"type":"feature","feature":{"type":"characteristic","characteristic":"loop"}},"children":[],"locations":[{"type":"absolute","value":5368740544}],"captures":{}},{"success":true,"node":{"type":"feature","feature":{"type":"characteristic","characteristic":"tight loop"}},"children":[],"locations":[{"type":"absolute","value":5368740576},{"type":"absolute","value":5368740608},{"type":"absolute","value":5368740704},{"type":"absolute","value":5368740832},{"type":"absolute","value":5368740864},{"type":"absolute","value":5368740773},{"type":"absolute","value":5368740992},{"type":"absolute","value":5368741024},{"type":"absolute","value":5368741120},{"type":"absolute","value":5368741189},{"type":"absolute","value":5368741248},{"type":"absolute","value":5368741280}],"captures":{}},{"success":false,"node":{"type":"feature","feature":{"type":"characteristic","characteristic":"recursive call"}},"children":[],"locations":[],"captures":{}}],"locations":[],"captures":{}}],[{"type":"absolute","value":5368741376},{"success":true,"node":{"type":"statement","statement":{"type":"or"}},"children":[{"success":false,"node":{"type":"feature","feature":{"type":"characteristic","characteristic":"loop"}},"children":[],"locations":[],"captures":{}},{"success":true,"node":{"type":"feature","feature":{"type":"characteristic","characteristic":"tight loop"}},"children":[],"locations":[{"type":"absolute","value":5368741424},{"type":"absolute","value":5368741522},{"type":"absolute","value":5368741462},{"type":"absolute","value":5368741584}],"captures":{}},{"success":false,"node":{"type":"feature","feature":{"type":"characteristic","characteristic":"recursive call"}},"children":[],"locations":[],"captures":{}}],"locations":[],"captures":{}}]]},"query or enumerate registry value":{"meta":{"name":"query or enumerate registry value","namespace":"host-interaction/registry","authors":["william.ballenthin@mandiant.com","michael.hunhoff@mandiant.com","anushka.virgaonkar@mandiant.com"],"scopes":{"static":"function","dynamic":"thread"},"attack":[{"parts":["Discovery","Query Registry"],"tactic":"Discovery","technique":"Query Registry","subtechnique":"","id":"T1012"}],"mbc":[{"parts":["Operating System","Registry","Query Registry Value"],"objective":"Operating System","behavior":"Registry","method":"Query Registry Value","id":"C0036.006"}],"references":[],"examples":["BFB9B5391A13D0AFD787E87AB90F14F5:0x13145B5A","Practical Malware Analysis Lab 03-02.dll_:0x100047AD"],"description":"","lib":false,"is_subscope_rule":false,"maec":{}},"source":"rule:\n  meta:\n    name: query or enumerate registry value\n    namespace: host-interaction/registry\n    authors:\n      - william.ballenthin@mandiant.com\n      - michael.hunhoff@mandiant.com\n      - anushka.virgaonkar@mandiant.com\n    scopes:\n      static: function\n      dynamic: thread\n    att&ck:\n      - Discovery::Query Registry [T1012]\n    mbc:\n      - Operating System::Registry::Query Registry Value [C0036.006]\n    examples:\n      - BFB9B5391A13D0AFD787E87AB90F14F5:0x13145B5A\n      - Practical Malware Analysis Lab 03-02.dll_:0x100047AD\n  features:\n    - and:\n      - optional:\n        - match: create or open registry key\n      - or:\n        - api: advapi32.RegGetValue\n        - api: advapi32.RegEnumValue\n        - api: advapi32.RegQueryValue\n        - api: advapi32.RegQueryValueEx\n        - api: advapi32.RegQueryMultipleValues\n        - api: ZwQueryValueKey\n        - api: ZwEnumerateValueKey\n        - api: NtQueryValueKey\n        - api: NtEnumerateValueKey\n        - api: RtlQueryRegistryValues\n        - api: SHGetValue\n        - api: SHEnumValue\n        - api: SHRegGetInt\n        - api: SHRegGetPath\n        - api: SHRegGetValue\n        - api: SHQueryValueEx\n        - api: SHRegGetUSValue\n        - api: SHOpenRegStream\n        - api: SHRegEnumUSValue\n        - api: SHOpenRegStream2\n        - api: SHRegQueryUSValue\n        - api: SHRegGetBoolUSValue\n        - api: SHRegGetValueFromHKCUHKLM\n        - api: SHRegGetBoolValueFromHKCUHKLM\n        - api: Microsoft.Win32.RegistryKey::GetValue\n        - api: Microsoft.Win32.RegistryKey::GetValueKind\n        - api: Microsoft.Win32.RegistryKey::GetValueNames\n        - api: Microsoft.Win32.Registry::GetValue\n","matches":[[{"type":"absolute","value":5368713624},{"success":true,"node":{"type":"statement","statement":{"type":"and"}},"children":[{"success":true,"node":{"type":"statement","statement":{"type":"optional"}},"children":[{"success":false,"node":{"type":"feature","feature":{"type":"match","match":"create or open registry key"}},"children":[],"locations":[],"captures":{}}],"locations":[],"captures":{}},{"success":true,"node":{"type":"statement","statement":{"type":"or"}},"children":[{"success":false,"node":{"type":"feature","feature":{"type":"api","api":"RegGetValue"}},"children":[],"locations":[],"captures":{}},{"success":false,"node":{"type":"feature","feature":{"type":"api","api":"RegEnumValue"}},"children":[],"locations":[],"captures":{}},{"success":false,"node":{"type":"feature","feature":{"type":"api","api":"RegQueryValue"}},"children":[],"locations":[],"captures":{}},{"success":false,"node":{"type":"feature","feature":{"type":"api","api":"RegQueryValueEx"}},"children":[],"locations":[],"captures":{}},{"success":false,"node":{"type":"feature","feature":{"type":"api","api":"RegQueryMultipleValues"}},"children":[],"locations":[],"captures":{}},{"success":true,"node":{"type":"feature","feature":{"type":"api","api":"ZwQueryValueKey"}},"children":[],"locations":[{"type":"absolute","value":5368713704}],"captures":{}},{"success":false,"node":{"type":"feature","feature":{"type":"api","api":"ZwEnumerateValueKey"}},"children":[],"locations":[],"captures":{}},{"success":false,"node":{"type":"feature","feature":{"type":"api","api":"NtQueryValueKey"}},"children":[],"locations":[],"captures":{}},{"success":false,"node":{"type":"feature","feature":{"type":"api","api":"NtEnumerateValueKey"}},"children":[],"locations":[],"captures":{}},{"success":false,"node":{"type":"feature","feature":{"type":"api","api":"RtlQueryRegistryValues"}},"children":[],"locations":[],"captures":{}},{"success":false,"node":{"type":"feature","feature":{"type":"api","api":"SHGetValue"}},"children":[],"locations":[],"captures":{}},{"success":false,"node":{"type":"feature","feature":{"type":"api","api":"SHEnumValue"}},"children":[],"locations":[],"captures":{}},{"success":false,"node":{"type":"feature","feature":{"type":"api","api":"SHRegGetInt"}},"children":[],"locations":[],"captures":{}},{"success":false,"node":{"type":"feature","feature":{"type":"api","api":"SHRegGetPath"}},"children":[],"locations":[],"captures":{}},{"success":false,"node":{"type":"feature","feature":{"type":"api","api":"SHRegGetValue"}},"children":[],"locations":[],"captures":{}},{"success":false,"node":{"type":"feature","feature":{"type":"api","api":"SHQueryValueEx"}},"children":[],"locations":[],"captures":{}},{"success":false,"node":{"type":"feature","feature":{"type":"api","api":"SHRegGetUSValue"}},"children":[],"locations":[],"captures":{}},{"success":false,"node":{"type":"feature","feature":{"type":"api","api":"SHOpenRegStream"}},"children":[],"locations":[],"captures":{}},{"success":false,"node":{"type":"feature","feature":{"type":"api","api":"SHRegEnumUSValue"}},"children":[],"locations":[],"captures":{}},{"success":false,"node":{"type":"feature","feature":{"type":"api","api":"SHOpenRegStream2"}},"children":[],"locations":[],"captures":{}},{"success":false,"node":{"type":"feature","feature":{"type":"api","api":"SHRegQueryUSValue"}},"children":[],"locations":[],"captures":{}},{"success":false,"node":{"type":"feature","feature":{"type":"api","api":"SHRegGetBoolUSValue"}},"children":[],"locations":[],"captures":{}},{"success":false,"node":{"type":"feature","feature":{"type":"api","api":"SHRegGetValueFromHKCUHKLM"}},"children":[],"locations":[],"captures":{}},{"success":false,"node":{"type":"feature","feature":{"type":"api","api":"SHRegGetBoolValueFromHKCUHKLM"}},"children":[],"locations":[],"captures":{}},{"success":false,"node":{"type":"feature","feature":{"type":"api","api":"Microsoft.Win32.RegistryKey::GetValue"}},"children":[],"locations":[],"captures":{}},{"success":false,"node":{"type":"feature","feature":{"type":"api","api":"Microsoft.Win32.RegistryKey::GetValueKind"}},"children":[],"locations":[],"captures":{}},{"success":false,"node":{"type":"feature","feature":{"type":"api","api":"Microsoft.Win32.RegistryKey::GetValueNames"}},"children":[],"locations":[],"captures":{}},{"success":false,"node":{"type":"feature","feature":{"type":"api","api":"Microsoft.Win32.Registry::GetValue"}},"children":[],"locations":[],"captures":{}}],"locations":[],"captures":{}}],"locations":[],"captures":{}}],[{"type":"absolute","value":5368714388},{"success":true,"node":{"type":"statement","statement":{"type":"and"}},"children":[{"success":true,"node":{"type":"statement","statement":{"type":"optional"}},"children":[{"success":false,"node":{"type":"feature","feature":{"type":"match","match":"create or open registry key"}},"children":[],"locations":[],"captures":{}}],"locations":[],"captures":{}},{"success":true,"node":{"type":"statement","statement":{"type":"or"}},"children":[{"success":false,"node":{"type":"feature","feature":{"type":"api","api":"RegGetValue"}},"children":[],"locations":[],"captures":{}},{"success":false,"node":{"type":"feature","feature":{"type":"api","api":"RegEnumValue"}},"children":[],"locations":[],"captures":{}},{"success":false,"node":{"type":"feature","feature":{"type":"api","api":"RegQueryValue"}},"children":[],"locations":[],"captures":{}},{"success":false,"node":{"type":"feature","feature":{"type":"api","api":"RegQueryValueEx"}},"children":[],"locations":[],"captures":{}},{"success":false,"node":{"type":"feature","feature":{"type":"api","api":"RegQueryMultipleValues"}},"children":[],"locations":[],"captures":{}},{"success":true,"node":{"type":"feature","feature":{"type":"api","api":"ZwQueryValueKey"}},"children":[],"locations":[{"type":"absolute","value":5368714549},{"type":"absolute","value":5368714661}],"captures":{}},{"success":false,"node":{"type":"feature","feature":{"type":"api","api":"ZwEnumerateValueKey"}},"children":[],"locations":[],"captures":{}},{"success":false,"node":{"type":"feature","feature":{"type":"api","api":"NtQueryValueKey"}},"children":[],"locations":[],"captures":{}},{"success":false,"node":{"type":"feature","feature":{"type":"api","api":"NtEnumerateValueKey"}},"children":[],"locations":[],"captures":{}},{"success":false,"node":{"type":"feature","feature":{"type":"api","api":"RtlQueryRegistryValues"}},"children":[],"locations":[],"captures":{}},{"success":false,"node":{"type":"feature","feature":{"type":"api","api":"SHGetValue"}},"children":[],"locations":[],"captures":{}},{"success":false,"node":{"type":"feature","feature":{"type":"api","api":"SHEnumValue"}},"children":[],"locations":[],"captures":{}},{"success":false,"node":{"type":"feature","feature":{"type":"api","api":"SHRegGetInt"}},"children":[],"locations":[],"captures":{}},{"success":false,"node":{"type":"feature","feature":{"type":"api","api":"SHRegGetPath"}},"children":[],"locations":[],"captures":{}},{"success":false,"node":{"type":"feature","feature":{"type":"api","api":"SHRegGetValue"}},"children":[],"locations":[],"captures":{}},{"success":false,"node":{"type":"feature","feature":{"type":"api","api":"SHQueryValueEx"}},"children":[],"locations":[],"captures":{}},{"success":false,"node":{"type":"feature","feature":{"type":"api","api":"SHRegGetUSValue"}},"children":[],"locations":[],"captures":{}},{"success":false,"node":{"type":"feature","feature":{"type":"api","api":"SHOpenRegStream"}},"children":[],"locations":[],"captures":{}},{"success":false,"node":{"type":"feature","feature":{"type":"api","api":"SHRegEnumUSValue"}},"children":[],"locations":[],"captures":{}},{"success":false,"node":{"type":"feature","feature":{"type":"api","api":"SHOpenRegStream2"}},"children":[],"locations":[],"captures":{}},{"success":false,"node":{"type":"feature","feature":{"type":"api","api":"SHRegQueryUSValue"}},"children":[],"locations":[],"captures":{}},{"success":false,"node":{"type":"feature","feature":{"type":"api","api":"SHRegGetBoolUSValue"}},"children":[],"locations":[],"captures":{}},{"success":false,"node":{"type":"feature","feature":{"type":"api","api":"SHRegGetValueFromHKCUHKLM"}},"children":[],"locations":[],"captures":{}},{"success":false,"node":{"type":"feature","feature":{"type":"api","api":"SHRegGetBoolValueFromHKCUHKLM"}},"children":[],"locations":[],"captures":{}},{"success":false,"node":{"type":"feature","feature":{"type":"api","api":"Microsoft.Win32.RegistryKey::GetValue"}},"children":[],"locations":[],"captures":{}},{"success":false,"node":{"type":"feature","feature":{"type":"api","api":"Microsoft.Win32.RegistryKey::GetValueKind"}},"children":[],"locations":[],"captures":{}},{"success":false,"node":{"type":"feature","feature":{"type":"api","api":"Microsoft.Win32.RegistryKey::GetValueNames"}},"children":[],"locations":[],"captures":{}},{"success":false,"node":{"type":"feature","feature":{"type":"api","api":"Microsoft.Win32.Registry::GetValue"}},"children":[],"locations":[],"captures":{}}],"locations":[],"captures":{}}],"locations":[],"captures":{}}],[{"type":"absolute","value":5368734740},{"success":true,"node":{"type":"statement","statement":{"type":"and"}},"children":[{"success":true,"node":{"type":"statement","statement":{"type":"optional"}},"children":[{"success":false,"node":{"type":"feature","feature":{"type":"match","match":"create or open registry key"}},"children":[],"locations":[],"captures":{}}],"locations":[],"captures":{}},{"success":true,"node":{"type":"statement","statement":{"type":"or"}},"children":[{"success":false,"node":{"type":"feature","feature":{"type":"api","api":"RegGetValue"}},"children":[],"locations":[],"captures":{}},{"success":false,"node":{"type":"feature","feature":{"type":"api","api":"RegEnumValue"}},"children":[],"locations":[],"captures":{}},{"success":false,"node":{"type":"feature","feature":{"type":"api","api":"RegQueryValue"}},"children":[],"locations":[],"captures":{}},{"success":false,"node":{"type":"feature","feature":{"type":"api","api":"RegQueryValueEx"}},"children":[],"locations":[],"captures":{}},{"success":false,"node":{"type":"feature","feature":{"type":"api","api":"RegQueryMultipleValues"}},"children":[],"locations":[],"captures":{}},{"success":false,"node":{"type":"feature","feature":{"type":"api","api":"ZwQueryValueKey"}},"children":[],"locations":[],"captures":{}},{"success":true,"node":{"type":"feature","feature":{"type":"api","api":"ZwEnumerateValueKey"}},"children":[],"locations":[{"type":"absolute","value":5368735191}],"captures":{}},{"success":false,"node":{"type":"feature","feature":{"type":"api","api":"NtQueryValueKey"}},"children":[],"locations":[],"captures":{}},{"success":false,"node":{"type":"feature","feature":{"type":"api","api":"NtEnumerateValueKey"}},"children":[],"locations":[],"captures":{}},{"success":false,"node":{"type":"feature","feature":{"type":"api","api":"RtlQueryRegistryValues"}},"children":[],"locations":[],"captures":{}},{"success":false,"node":{"type":"feature","feature":{"type":"api","api":"SHGetValue"}},"children":[],"locations":[],"captures":{}},{"success":false,"node":{"type":"feature","feature":{"type":"api","api":"SHEnumValue"}},"children":[],"locations":[],"captures":{}},{"success":false,"node":{"type":"feature","feature":{"type":"api","api":"SHRegGetInt"}},"children":[],"locations":[],"captures":{}},{"success":false,"node":{"type":"feature","feature":{"type":"api","api":"SHRegGetPath"}},"children":[],"locations":[],"captures":{}},{"success":false,"node":{"type":"feature","feature":{"type":"api","api":"SHRegGetValue"}},"children":[],"locations":[],"captures":{}},{"success":false,"node":{"type":"feature","feature":{"type":"api","api":"SHQueryValueEx"}},"children":[],"locations":[],"captures":{}},{"success":false,"node":{"type":"feature","feature":{"type":"api","api":"SHRegGetUSValue"}},"children":[],"locations":[],"captures":{}},{"success":false,"node":{"type":"feature","feature":{"type":"api","api":"SHOpenRegStream"}},"children":[],"locations":[],"captures":{}},{"success":false,"node":{"type":"feature","feature":{"type":"api","api":"SHRegEnumUSValue"}},"children":[],"locations":[],"captures":{}},{"success":false,"node":{"type":"feature","feature":{"type":"api","api":"SHOpenRegStream2"}},"children":[],"locations":[],"captures":{}},{"success":false,"node":{"type":"feature","feature":{"type":"api","api":"SHRegQueryUSValue"}},"children":[],"locations":[],"captures":{}},{"success":false,"node":{"type":"feature","feature":{"type":"api","api":"SHRegGetBoolUSValue"}},"children":[],"locations":[],"captures":{}},{"success":false,"node":{"type":"feature","feature":{"type":"api","api":"SHRegGetValueFromHKCUHKLM"}},"children":[],"locations":[],"captures":{}},{"success":false,"node":{"type":"feature","feature":{"type":"api","api":"SHRegGetBoolValueFromHKCUHKLM"}},"children":[],"locations":[],"captures":{}},{"success":false,"node":{"type":"feature","feature":{"type":"api","api":"Microsoft.Win32.RegistryKey::GetValue"}},"children":[],"locations":[],"captures":{}},{"success":false,"node":{"type":"feature","feature":{"type":"api","api":"Microsoft.Win32.RegistryKey::GetValueKind"}},"children":[],"locations":[],"captures":{}},{"success":false,"node":{"type":"feature","feature":{"type":"api","api":"Microsoft.Win32.RegistryKey::GetValueNames"}},"children":[],"locations":[],"captures":{}},{"success":false,"node":{"type":"feature","feature":{"type":"api","api":"Microsoft.Win32.Registry::GetValue"}},"children":[],"locations":[],"captures":{}}],"locations":[],"captures":{}}],"locations":[],"captures":{}}]]},"create device object":{"meta":{"name":"create device object","namespace":"host-interaction/driver","authors":["@mr-tz"],"scopes":{"static":"function","dynamic":"thread"},"attack":[],"mbc":[],"references":[],"examples":["Practical Malware Analysis Lab 10-03.sys_:0x00010706"],"description":"","lib":false,"is_subscope_rule":false,"maec":{}},"source":"rule:\n  meta:\n    name: create device object\n    namespace: host-interaction/driver\n    authors:\n      - \"@mr-tz\"\n    scopes:\n      static: function\n      dynamic: thread\n    examples:\n      - Practical Malware Analysis Lab 10-03.sys_:0x00010706\n  features:\n    - and:\n      - api: IoCreateDevice\n      - optional:\n        - description: sets up a symbolic link between a device object name and a user-visible name for the device\n        - api: IoCreateSymbolicLink\n","matches":[[{"type":"absolute","value":5368715888},{"success":true,"node":{"type":"statement","statement":{"type":"and"}},"children":[{"success":true,"node":{"type":"feature","feature":{"type":"api","api":"IoCreateDevice"}},"children":[],"locations":[{"type":"absolute","value":5368715981}],"captures":{}},{"success":true,"node":{"type":"statement","statement":{"type":"optional","description":"sets up a symbolic link between a device object name and a user-visible name for the device"}},"children":[{"success":true,"node":{"type":"feature","feature":{"type":"api","api":"IoCreateSymbolicLink"}},"children":[],"locations":[{"type":"absolute","value":5368716050}],"captures":{}}],"locations":[],"captures":{}}],"locations":[],"captures":{}}]]},"get system information on Windows":{"meta":{"name":"get system information on Windows","namespace":"host-interaction/os/info","authors":["moritz.raabe@mandiant.com","joakim@intezer.com"],"scopes":{"static":"function","dynamic":"thread"},"attack":[{"parts":["Discovery","System Information Discovery"],"tactic":"Discovery","technique":"System Information Discovery","subtechnique":"","id":"T1082"}],"mbc":[],"references":[],"examples":["563653399B82CD443F120ECEFF836EA3678D4CF11D9B351BB737573C2D856299:0x140002280"],"description":"","lib":false,"is_subscope_rule":false,"maec":{}},"source":"rule:\n  meta:\n    name: get system information on Windows\n    namespace: host-interaction/os/info\n    authors:\n      - moritz.raabe@mandiant.com\n      - joakim@intezer.com\n    scopes:\n      static: function\n      dynamic: thread\n    att&ck:\n      - Discovery::System Information Discovery [T1082]\n    examples:\n      - 563653399B82CD443F120ECEFF836EA3678D4CF11D9B351BB737573C2D856299:0x140002280\n  features:\n    - and:\n      - os: windows\n      - or:\n        - api: kernel32.GetSystemInfo\n        - api: kernel32.GetNativeSystemInfo\n        - api: NtQuerySystemInformation\n        - api: NtQuerySystemInformationEx\n        - api: ntdll.RtlGetNativeSystemInformation\n        - api: ZwQuerySystemInformation\n        - api: ZwQuerySystemInformationEx\n","matches":[[{"type":"absolute","value":5368723500},{"success":true,"node":{"type":"statement","statement":{"type":"and"}},"children":[{"success":true,"node":{"type":"feature","feature":{"type":"os","os":"windows"}},"children":[],"locations":[{"type":"no address"}],"captures":{}},{"success":true,"node":{"type":"statement","statement":{"type":"or"}},"children":[{"success":false,"node":{"type":"feature","feature":{"type":"api","api":"GetSystemInfo"}},"children":[],"locations":[],"captures":{}},{"success":false,"node":{"type":"feature","feature":{"type":"api","api":"GetNativeSystemInfo"}},"children":[],"locations":[],"captures":{}},{"success":false,"node":{"type":"feature","feature":{"type":"api","api":"NtQuerySystemInformation"}},"children":[],"locations":[],"captures":{}},{"success":false,"node":{"type":"feature","feature":{"type":"api","api":"NtQuerySystemInformationEx"}},"children":[],"locations":[],"captures":{}},{"success":false,"node":{"type":"feature","feature":{"type":"api","api":"RtlGetNativeSystemInformation"}},"children":[],"locations":[],"captures":{}},{"success":true,"node":{"type":"feature","feature":{"type":"api","api":"ZwQuerySystemInformation"}},"children":[],"locations":[{"type":"absolute","value":5368723544},{"type":"absolute","value":5368723635}],"captures":{}},{"success":false,"node":{"type":"feature","feature":{"type":"api","api":"ZwQuerySystemInformationEx"}},"children":[],"locations":[],"captures":{}}],"locations":[],"captures":{}}],"locations":[],"captures":{}}]]},"query or enumerate registry key":{"meta":{"name":"query or enumerate registry key","namespace":"host-interaction/registry","authors":["michael.hunhoff@mandiant.com"],"scopes":{"static":"function","dynamic":"thread"},"attack":[{"parts":["Discovery","Query Registry"],"tactic":"Discovery","technique":"Query Registry","subtechnique":"","id":"T1012"}],"mbc":[{"parts":["Operating System","Registry","Query Registry Key"],"objective":"Operating System","behavior":"Registry","method":"Query Registry Key","id":"C0036.005"}],"references":[],"examples":["493167E85E45363D09495D0841C30648:0x404930","B5F85C26D7AA5A1FB4AF5821B6B5AB9B:0x402608"],"description":"","lib":false,"is_subscope_rule":false,"maec":{}},"source":"rule:\n  meta:\n    name: query or enumerate registry key\n    namespace: host-interaction/registry\n    authors:\n      - michael.hunhoff@mandiant.com\n    scopes:\n      static: function\n      dynamic: thread\n    att&ck:\n      - Discovery::Query Registry [T1012]\n    mbc:\n      - Operating System::Registry::Query Registry Key [C0036.005]\n    examples:\n      - 493167E85E45363D09495D0841C30648:0x404930\n      - B5F85C26D7AA5A1FB4AF5821B6B5AB9B:0x402608\n  features:\n    - and:\n      - optional:\n        - match: create or open registry key\n      - or:\n        - api: advapi32.RegEnumKey\n        - api: advapi32.RegEnumKeyEx\n        - api: advapi32.RegQueryInfoKeyA\n        - api: ZwQueryKey\n        - api: ZwEnumerateKey\n        - api: NtQueryKey\n        - api: NtEnumerateKey\n        - api: RtlCheckRegistryKey\n        - api: SHEnumKeyEx\n        - api: SHQueryInfoKey\n        - api: SHRegEnumUSKey\n        - api: SHRegQueryInfoUSKey\n        - api: Microsoft.Win32.RegistryKey::GetSubKeyNames\n        - api: Microsoft.Win32.RegistryKey::OpenBaseKey\n        - api: Microsoft.Win32.RegistryKey::OpenRemoteBaseKey\n        - api: Microsoft.Win32.RegistryKey::OpenSubKey\n","matches":[[{"type":"absolute","value":5368734052},{"success":true,"node":{"type":"statement","statement":{"type":"and"}},"children":[{"success":true,"node":{"type":"statement","statement":{"type":"optional"}},"children":[{"success":false,"node":{"type":"feature","feature":{"type":"match","match":"create or open registry key"}},"children":[],"locations":[],"captures":{}}],"locations":[],"captures":{}},{"success":true,"node":{"type":"statement","statement":{"type":"or"}},"children":[{"success":false,"node":{"type":"feature","feature":{"type":"api","api":"RegEnumKey"}},"children":[],"locations":[],"captures":{}},{"success":false,"node":{"type":"feature","feature":{"type":"api","api":"RegEnumKeyEx"}},"children":[],"locations":[],"captures":{}},{"success":false,"node":{"type":"feature","feature":{"type":"api","api":"RegQueryInfoKeyA"}},"children":[],"locations":[],"captures":{}},{"success":false,"node":{"type":"feature","feature":{"type":"api","api":"ZwQueryKey"}},"children":[],"locations":[],"captures":{}},{"success":true,"node":{"type":"feature","feature":{"type":"api","api":"ZwEnumerateKey"}},"children":[],"locations":[{"type":"absolute","value":5368734503}],"captures":{}},{"success":false,"node":{"type":"feature","feature":{"type":"api","api":"NtQueryKey"}},"children":[],"locations":[],"captures":{}},{"success":false,"node":{"type":"feature","feature":{"type":"api","api":"NtEnumerateKey"}},"children":[],"locations":[],"captures":{}},{"success":false,"node":{"type":"feature","feature":{"type":"api","api":"RtlCheckRegistryKey"}},"children":[],"locations":[],"captures":{}},{"success":false,"node":{"type":"feature","feature":{"type":"api","api":"SHEnumKeyEx"}},"children":[],"locations":[],"captures":{}},{"success":false,"node":{"type":"feature","feature":{"type":"api","api":"SHQueryInfoKey"}},"children":[],"locations":[],"captures":{}},{"success":false,"node":{"type":"feature","feature":{"type":"api","api":"SHRegEnumUSKey"}},"children":[],"locations":[],"captures":{}},{"success":false,"node":{"type":"feature","feature":{"type":"api","api":"SHRegQueryInfoUSKey"}},"children":[],"locations":[],"captures":{}},{"success":false,"node":{"type":"feature","feature":{"type":"api","api":"Microsoft.Win32.RegistryKey::GetSubKeyNames"}},"children":[],"locations":[],"captures":{}},{"success":false,"node":{"type":"feature","feature":{"type":"api","api":"Microsoft.Win32.RegistryKey::OpenBaseKey"}},"children":[],"locations":[],"captures":{}},{"success":false,"node":{"type":"feature","feature":{"type":"api","api":"Microsoft.Win32.RegistryKey::OpenRemoteBaseKey"}},"children":[],"locations":[],"captures":{}},{"success":false,"node":{"type":"feature","feature":{"type":"api","api":"Microsoft.Win32.RegistryKey::OpenSubKey"}},"children":[],"locations":[],"captures":{}}],"locations":[],"captures":{}}],"locations":[],"captures":{}}]]},"contains PDB path":{"meta":{"name":"contains PDB path","namespace":"executable/pe/pdb","authors":["moritz.raabe@mandiant.com"],"scopes":{"static":"file","dynamic":"file"},"attack":[],"mbc":[],"references":[],"examples":["464EF2CA59782CE697BC329713698CCC"],"description":"","lib":false,"is_subscope_rule":false,"maec":{}},"source":"rule:\n  meta:\n    name: contains PDB path\n    namespace: executable/pe/pdb\n    authors:\n      - moritz.raabe@mandiant.com\n    scopes:\n      static: file\n      dynamic: file\n    examples:\n      - 464EF2CA59782CE697BC329713698CCC  # level32.exe\n  features:\n    - string: /:\\\\.*\\.pdb/\n","matches":[[{"type":"no address"},{"success":true,"node":{"type":"feature","feature":{"type":"regex","regex":"/:\\\\.*\\.pdb/"}},"children":[],"locations":[{"type":"file","value":48384}],"captures":{"X:\\Temp\\repo\\hidden\\x64\\Release\\Hidden.pdb":[{"type":"file","value":48384}]}}]]}}}
