{"meta":{"timestamp":"2024-11-17T18:46:01.019570","version":"7.4.0","argv":["--os","windows","-j","./samples/backdoor/1ec52156970a65864711836a379f5a654d78ed1ffe381a27971c37e6ea641a92"],"sample":{"md5":"37bdb9ea33b2fe621587c887f6fb2989","sha1":"f679f96ec6c6f1565558d655632b489b9acb247c","sha256":"1ec52156970a65864711836a379f5a654d78ed1ffe381a27971c37e6ea641a92","path":"/samples/backdoor/1ec52156970a65864711836a379f5a654d78ed1ffe381a27971c37e6ea641a92"},"flavor":"static","analysis":{"format":"dotnet","arch":"i386","os":"any","extractor":"DnfileFeatureExtractor","rules":["/tmp/_MEItvJWSc/rules"],"base_address":{"type":"no address"},"layout":{"functions":[{"address":{"type":"dn token","value":100663299},"matched_basic_blocks":[{"address":{"type":"dn token","value":100663299}}]},{"address":{"type":"dn token","value":100663306},"matched_basic_blocks":[{"address":{"type":"dn token","value":100663306}}]}]},"feature_counts":{"file":365,"functions":[{"address":{"type":"dn token","value":100663297},"count":12},{"address":{"type":"dn token","value":100663298},"count":15},{"address":{"type":"dn token","value":100663299},"count":43},{"address":{"type":"dn token","value":100663300},"count":16},{"address":{"type":"dn token","value":100663301},"count":24},{"address":{"type":"dn token","value":100663302},"count":39},{"address":{"type":"dn token","value":100663303},"count":12},{"address":{"type":"dn token","value":100663304},"count":17},{"address":{"type":"dn token","value":100663305},"count":19},{"address":{"type":"dn token","value":100663306},"count":86},{"address":{"type":"dn token","value":100663307},"count":15},{"address":{"type":"dn token","value":100663308},"count":18},{"address":{"type":"dn token","value":100663309},"count":15},{"address":{"type":"dn token","value":100663310},"count":8},{"address":{"type":"dn token","value":100663311},"count":8}]},"library_functions":[]}},"rules":{"create process on Windows":{"meta":{"name":"create process on Windows","namespace":"host-interaction/process/create","authors":["moritz.raabe@mandiant.com"],"scopes":{"static":"basic block","dynamic":"call"},"attack":[],"mbc":[{"parts":["Process","Create Process"],"objective":"Process","behavior":"Create Process","method":"","id":"C0017"}],"references":[],"examples":["9324D1A8AE37A36AE560C37448C9705A:0x406DB0","Practical Malware Analysis Lab 01-04.exe_:0x4011FC","692f7fd6d198e804d6af98eb9e390d61:0x6000003"],"description":"","lib":false,"is_subscope_rule":false,"maec":{}},"source":"rule:\n  meta:\n    name: create process on Windows\n    namespace: host-interaction/process/create\n    authors:\n      - moritz.raabe@mandiant.com\n    scopes:\n      static: basic block\n      dynamic: call\n    mbc:\n      - Process::Create Process [C0017]\n    examples:\n      - 9324D1A8AE37A36AE560C37448C9705A:0x406DB0\n      - Practical Malware Analysis Lab 01-04.exe_:0x4011FC\n      - 692f7fd6d198e804d6af98eb9e390d61:0x6000003\n  features:\n    - or:\n      - api: kernel32.WinExec\n      - api: kernel32.CreateProcess\n      - api: shell32.ShellExecute\n      - api: shell32.ShellExecuteEx\n      - api: advapi32.CreateProcessAsUser\n      - api: advapi32.CreateProcessWithLogon\n      - api: advapi32.CreateProcessWithToken\n      - api: kernel32.CreateProcessInternal\n      - api: ntdll.NtCreateUserProcess\n      - api: ntdll.NtCreateProcess\n      - api: ntdll.NtCreateProcessEx\n      - api: ntdll.ZwCreateProcess\n      - api: ZwCreateProcessEx\n      - api: ntdll.ZwCreateUserProcess\n      - api: ntdll.RtlCreateUserProcess\n      - api: System.Diagnostics.Process::Start\n","matches":[[{"type":"dn token","value":100663306},{"success":true,"node":{"type":"statement","statement":{"type":"or"}},"children":[{"success":false,"node":{"type":"feature","feature":{"type":"api","api":"WinExec"}},"children":[],"locations":[],"captures":{}},{"success":false,"node":{"type":"feature","feature":{"type":"api","api":"CreateProcess"}},"children":[],"locations":[],"captures":{}},{"success":false,"node":{"type":"feature","feature":{"type":"api","api":"ShellExecute"}},"children":[],"locations":[],"captures":{}},{"success":false,"node":{"type":"feature","feature":{"type":"api","api":"ShellExecuteEx"}},"children":[],"locations":[],"captures":{}},{"success":false,"node":{"type":"feature","feature":{"type":"api","api":"CreateProcessAsUser"}},"children":[],"locations":[],"captures":{}},{"success":false,"node":{"type":"feature","feature":{"type":"api","api":"CreateProcessWithLogon"}},"children":[],"locations":[],"captures":{}},{"success":false,"node":{"type":"feature","feature":{"type":"api","api":"CreateProcessWithToken"}},"children":[],"locations":[],"captures":{}},{"success":false,"node":{"type":"feature","feature":{"type":"api","api":"CreateProcessInternal"}},"children":[],"locations":[],"captures":{}},{"success":false,"node":{"type":"feature","feature":{"type":"api","api":"NtCreateUserProcess"}},"children":[],"locations":[],"captures":{}},{"success":false,"node":{"type":"feature","feature":{"type":"api","api":"NtCreateProcess"}},"children":[],"locations":[],"captures":{}},{"success":false,"node":{"type":"feature","feature":{"type":"api","api":"NtCreateProcessEx"}},"children":[],"locations":[],"captures":{}},{"success":false,"node":{"type":"feature","feature":{"type":"api","api":"ZwCreateProcess"}},"children":[],"locations":[],"captures":{}},{"success":false,"node":{"type":"feature","feature":{"type":"api","api":"ZwCreateProcessEx"}},"children":[],"locations":[],"captures":{}},{"success":false,"node":{"type":"feature","feature":{"type":"api","api":"ZwCreateUserProcess"}},"children":[],"locations":[],"captures":{}},{"success":false,"node":{"type":"feature","feature":{"type":"api","api":"RtlCreateUserProcess"}},"children":[],"locations":[],"captures":{}},{"success":true,"node":{"type":"feature","feature":{"type":"api","api":"System.Diagnostics.Process::Start"}},"children":[],"locations":[{"type":"dn token offset","value":[100663306,258]}],"captures":{}}],"locations":[],"captures":{}}]]},"write file on Windows":{"meta":{"name":"write file on Windows","namespace":"host-interaction/file-system/write","authors":["william.ballenthin@mandiant.com","anushka.virgaonkar@mandiant.com"],"scopes":{"static":"function","dynamic":"thread"},"attack":[],"mbc":[{"parts":["File System","Writes File"],"objective":"File System","behavior":"Writes File","method":"","id":"C0052"}],"references":[],"examples":["Practical Malware Analysis Lab 01-04.exe_:0x4011FC","563653399B82CD443F120ECEFF836EA3678D4CF11D9B351BB737573C2D856299:0x1400025C4"],"description":"","lib":false,"is_subscope_rule":false,"maec":{}},"source":"rule:\n  meta:\n    name: write file on Windows\n    namespace: host-interaction/file-system/write\n    authors:\n      - william.ballenthin@mandiant.com\n      - anushka.virgaonkar@mandiant.com\n    scopes:\n      static: function\n      dynamic: thread\n    mbc:\n      - File System::Writes File [C0052]\n    examples:\n      - Practical Malware Analysis Lab 01-04.exe_:0x4011FC\n      # ntdll\n      - 563653399B82CD443F120ECEFF836EA3678D4CF11D9B351BB737573C2D856299:0x1400025C4\n  features:\n    - or:\n      - and:\n        - os: windows\n        - optional:\n          - basic block:\n            - or:\n              - number: 0x40000000 = GENERIC_WRITE\n              - number: 0x2 = FILE_WRITE_DATA\n              - match: create or open file\n          - call:\n            - or:\n              - number: 0x40000000 = GENERIC_WRITE\n              - number: 0x2 = FILE_WRITE_DATA\n              - match: create or open file\n        - or:\n          - api: kernel32.WriteFile\n          - api: kernel32.WriteFileEx\n          - api: NtWriteFile\n          - api: ZwWriteFile\n          - api: _fwrite\n          - api: fwrite\n      - api: System.IO.File::WriteAllBytes\n      - api: System.IO.File::WriteAllBytesAsync\n      - api: System.IO.File::WriteAllLines\n      - api: System.IO.File::WriteAllLinesAsync\n      - api: System.IO.File::WriteAllText\n      - api: System.IO.File::WriteAllTextAsync\n      - api: System.IO.File::AppendAllLines\n      - api: System.IO.File::AppendAllLinesAsync\n      - api: System.IO.File::AppendAllText\n      - api: System.IO.File::AppendAllTextAsync\n      - api: System.IO.File::AppendText\n      - api: System.IO.FileInfo::AppendText\n","matches":[[{"type":"dn token","value":100663302},{"success":true,"node":{"type":"statement","statement":{"type":"or"}},"children":[{"success":false,"node":{"type":"feature","feature":{"type":"api","api":"System.IO.File::WriteAllBytes"}},"children":[],"locations":[],"captures":{}},{"success":false,"node":{"type":"feature","feature":{"type":"api","api":"System.IO.File::WriteAllBytesAsync"}},"children":[],"locations":[],"captures":{}},{"success":false,"node":{"type":"feature","feature":{"type":"api","api":"System.IO.File::WriteAllLines"}},"children":[],"locations":[],"captures":{}},{"success":false,"node":{"type":"feature","feature":{"type":"api","api":"System.IO.File::WriteAllLinesAsync"}},"children":[],"locations":[],"captures":{}},{"success":false,"node":{"type":"feature","feature":{"type":"api","api":"System.IO.File::WriteAllText"}},"children":[],"locations":[],"captures":{}},{"success":false,"node":{"type":"feature","feature":{"type":"api","api":"System.IO.File::WriteAllTextAsync"}},"children":[],"locations":[],"captures":{}},{"success":false,"node":{"type":"feature","feature":{"type":"api","api":"System.IO.File::AppendAllLines"}},"children":[],"locations":[],"captures":{}},{"success":false,"node":{"type":"feature","feature":{"type":"api","api":"System.IO.File::AppendAllLinesAsync"}},"children":[],"locations":[],"captures":{}},{"success":false,"node":{"type":"feature","feature":{"type":"api","api":"System.IO.File::AppendAllText"}},"children":[],"locations":[],"captures":{}},{"success":false,"node":{"type":"feature","feature":{"type":"api","api":"System.IO.File::AppendAllTextAsync"}},"children":[],"locations":[],"captures":{}},{"success":true,"node":{"type":"feature","feature":{"type":"api","api":"System.IO.File::AppendText"}},"children":[],"locations":[{"type":"dn token offset","value":[100663302,155]}],"captures":{}},{"success":false,"node":{"type":"feature","feature":{"type":"api","api":"System.IO.FileInfo::AppendText"}},"children":[],"locations":[],"captures":{}},{"success":false,"node":{"type":"statement","statement":{"type":"and"}},"children":[{"success":true,"node":{"type":"feature","feature":{"type":"os","os":"windows"}},"children":[],"locations":[{"type":"no address"}],"captures":{}},{"success":true,"node":{"type":"statement","statement":{"type":"optional"}},"children":[{"success":false,"node":{"type":"feature","feature":{"type":"match","match":"write file on Windows/b6bb1729983f48b0b7ea025a8abd0521"}},"children":[],"locations":[],"captures":{}},{"success":false,"node":{"type":"feature","feature":{"type":"match","match":"write file on Windows/0833e45a1159458f87513f08b73aeb21"}},"children":[],"locations":[],"captures":{}}],"locations":[],"captures":{}},{"success":false,"node":{"type":"statement","statement":{"type":"or"}},"children":[{"success":false,"node":{"type":"feature","feature":{"type":"api","api":"WriteFile"}},"children":[],"locations":[],"captures":{}},{"success":false,"node":{"type":"feature","feature":{"type":"api","api":"WriteFileEx"}},"children":[],"locations":[],"captures":{}},{"success":false,"node":{"type":"feature","feature":{"type":"api","api":"NtWriteFile"}},"children":[],"locations":[],"captures":{}},{"success":false,"node":{"type":"feature","feature":{"type":"api","api":"ZwWriteFile"}},"children":[],"locations":[],"captures":{}},{"success":false,"node":{"type":"feature","feature":{"type":"api","api":"_fwrite"}},"children":[],"locations":[],"captures":{}},{"success":false,"node":{"type":"feature","feature":{"type":"api","api":"fwrite"}},"children":[],"locations":[],"captures":{}}],"locations":[],"captures":{}}],"locations":[],"captures":{}}],"locations":[],"captures":{}}]]},"check if directory exists":{"meta":{"name":"check if directory exists","namespace":"host-interaction/file-system/exists","authors":["michael.hunhoff@mandiant.com"],"scopes":{"static":"function","dynamic":"call"},"attack":[{"parts":["Discovery","File and Directory Discovery"],"tactic":"Discovery","technique":"File and Directory Discovery","subtechnique":"","id":"T1083"}],"mbc":[],"references":[],"examples":[],"description":"","lib":false,"is_subscope_rule":false,"maec":{}},"source":"rule:\n  meta:\n    name: check if directory exists\n    namespace: host-interaction/file-system/exists\n    authors:\n      - michael.hunhoff@mandiant.com\n    scopes:\n      static: function\n      dynamic: call\n    att&ck:\n      - Discovery::File and Directory Discovery [T1083]\n  features:\n    - or:\n      - api: System.IO.Directory::Exists\n","matches":[[{"type":"dn token","value":100663302},{"success":true,"node":{"type":"statement","statement":{"type":"or"}},"children":[{"success":true,"node":{"type":"feature","feature":{"type":"api","api":"System.IO.Directory::Exists"}},"children":[],"locations":[{"type":"dn token offset","value":[100663302,23]}],"captures":{}}],"locations":[],"captures":{}}]]},"check if file exists":{"meta":{"name":"check if file exists","namespace":"host-interaction/file-system/exists","authors":["moritz.raabe@mandiant.com","michael.hunhoff@mandiant.com"],"scopes":{"static":"function","dynamic":"call"},"attack":[{"parts":["Discovery","File and Directory Discovery"],"tactic":"Discovery","technique":"File and Directory Discovery","subtechnique":"","id":"T1083"}],"mbc":[{"parts":["Discovery","File and Directory Discovery"],"objective":"Discovery","behavior":"File and Directory Discovery","method":"","id":"E1083"}],"references":[],"examples":["31600AD0D1A7EA615690DF111AE36C73:0x401284"],"description":"","lib":false,"is_subscope_rule":false,"maec":{}},"source":"rule:\n  meta:\n    name: check if file exists\n    namespace: host-interaction/file-system/exists\n    authors:\n      - moritz.raabe@mandiant.com\n      - michael.hunhoff@mandiant.com\n    scopes:\n      static: function\n      dynamic: call\n    att&ck:\n      - Discovery::File and Directory Discovery [T1083]\n    mbc:\n      - Discovery::File and Directory Discovery [E1083]\n    examples:\n      - 31600AD0D1A7EA615690DF111AE36C73:0x401284\n  features:\n    - or:\n      - basic block:\n        - and:\n          - api: kernel32.GetFileAttributes\n          - instruction:\n            - mnemonic: cmp\n            - number: 0xFFFFFFFF = INVALID_FILE_ATTRIBUTES\n      - basic block:\n        - and:\n          - api: kernel32.GetLastError\n          - instruction:\n            - mnemonic: cmp\n            - number: 2 = ERROR_FILE_NOT_FOUND\n      - api: shlwapi.PathFileExists\n      - api: System.IO.File::Exists\n      - property/read: System.IO.FileSystemInfo::Exists\n","matches":[[{"type":"dn token","value":100663302},{"success":true,"node":{"type":"statement","statement":{"type":"or"}},"children":[{"success":false,"node":{"type":"feature","feature":{"type":"match","match":"check if file exists/dfd40dac72c0465fa81157c422b21066"}},"children":[],"locations":[],"captures":{}},{"success":false,"node":{"type":"feature","feature":{"type":"match","match":"check if file exists/7a381703979a4f6eb17ded6944360489"}},"children":[],"locations":[],"captures":{}},{"success":false,"node":{"type":"feature","feature":{"type":"api","api":"PathFileExists"}},"children":[],"locations":[],"captures":{}},{"success":true,"node":{"type":"feature","feature":{"type":"api","api":"System.IO.File::Exists"}},"children":[],"locations":[{"type":"dn token offset","value":[100663302,101]}],"captures":{}},{"success":false,"node":{"type":"feature","feature":{"type":"property","access":"read","property":"System.IO.FileSystemInfo::Exists"}},"children":[],"locations":[],"captures":{}}],"locations":[],"captures":{}}]]},"create directory":{"meta":{"name":"create directory","namespace":"host-interaction/file-system/create","authors":["moritz.raabe@mandiant.com","michael.hunhoff@mandiant.com"],"scopes":{"static":"function","dynamic":"call"},"attack":[],"mbc":[{"parts":["File System","Create Directory"],"objective":"File System","behavior":"Create Directory","method":"","id":"C0046"}],"references":[],"examples":["Practical Malware Analysis Lab 17-02.dll_:0x10008f62","692f7fd6d198e804d6af98eb9e390d61:0x6000003"],"description":"","lib":false,"is_subscope_rule":false,"maec":{}},"source":"rule:\n  meta:\n    name: create directory\n    namespace: host-interaction/file-system/create\n    authors:\n      - moritz.raabe@mandiant.com\n      - michael.hunhoff@mandiant.com\n    scopes:\n      static: function\n      dynamic: call\n    mbc:\n      - File System::Create Directory [C0046]\n    examples:\n      - Practical Malware Analysis Lab 17-02.dll_:0x10008f62\n      - 692f7fd6d198e804d6af98eb9e390d61:0x6000003\n  features:\n    - or:\n      - api: kernel32.CreateDirectory\n      - api: kernel32.CreateDirectoryEx\n      - api: kernel32.CreateDirectoryTransacted\n      - api: NtCreateDirectoryObject\n      - api: ZwCreateDirectoryObject\n      - api: SHCreateDirectory\n      - api: SHCreateDirectoryEx\n      - api: mkdir\n      - api: _mkdir\n      - api: _wmkdir\n      - api: System.IO.Directory::CreateDirectory\n      - api: System.IO.DirectoryInfo::Create\n      - api: System.IO.DirectoryInfo::CreateSubdirectory\n","matches":[[{"type":"dn token","value":100663302},{"success":true,"node":{"type":"statement","statement":{"type":"or"}},"children":[{"success":false,"node":{"type":"feature","feature":{"type":"api","api":"CreateDirectory"}},"children":[],"locations":[],"captures":{}},{"success":false,"node":{"type":"feature","feature":{"type":"api","api":"CreateDirectoryEx"}},"children":[],"locations":[],"captures":{}},{"success":false,"node":{"type":"feature","feature":{"type":"api","api":"CreateDirectoryTransacted"}},"children":[],"locations":[],"captures":{}},{"success":false,"node":{"type":"feature","feature":{"type":"api","api":"NtCreateDirectoryObject"}},"children":[],"locations":[],"captures":{}},{"success":false,"node":{"type":"feature","feature":{"type":"api","api":"ZwCreateDirectoryObject"}},"children":[],"locations":[],"captures":{}},{"success":false,"node":{"type":"feature","feature":{"type":"api","api":"SHCreateDirectory"}},"children":[],"locations":[],"captures":{}},{"success":false,"node":{"type":"feature","feature":{"type":"api","api":"SHCreateDirectoryEx"}},"children":[],"locations":[],"captures":{}},{"success":false,"node":{"type":"feature","feature":{"type":"api","api":"mkdir"}},"children":[],"locations":[],"captures":{}},{"success":false,"node":{"type":"feature","feature":{"type":"api","api":"_mkdir"}},"children":[],"locations":[],"captures":{}},{"success":false,"node":{"type":"feature","feature":{"type":"api","api":"_wmkdir"}},"children":[],"locations":[],"captures":{}},{"success":true,"node":{"type":"feature","feature":{"type":"api","api":"System.IO.Directory::CreateDirectory"}},"children":[],"locations":[{"type":"dn token offset","value":[100663302,37]}],"captures":{}},{"success":false,"node":{"type":"feature","feature":{"type":"api","api":"System.IO.DirectoryInfo::Create"}},"children":[],"locations":[],"captures":{}},{"success":false,"node":{"type":"feature","feature":{"type":"api","api":"System.IO.DirectoryInfo::CreateSubdirectory"}},"children":[],"locations":[],"captures":{}}],"locations":[],"captures":{}}]]},"create a process with modified I/O handles and window":{"meta":{"name":"create a process with modified I/O handles and window","namespace":"host-interaction/process/create","authors":["matthew.williams@mandiant.com","anushka.virgaonkar@mandiant.com"],"scopes":{"static":"function"},"attack":[],"mbc":[{"parts":["Process","Create Process"],"objective":"Process","behavior":"Create Process","method":"","id":"C0017"}],"references":["https://docs.microsoft.com/en-us/windows/win32/api/processthreadsapi/ns-processthreadsapi-startupinfoa"],"examples":["Practical Malware Analysis Lab 14-02.exe_:0x4011C0"],"description":"","lib":false,"is_subscope_rule":false,"maec":{}},"source":"rule:\n  meta:\n    name: create a process with modified I/O handles and window\n    namespace: host-interaction/process/create\n    authors:\n      - matthew.williams@mandiant.com\n      - anushka.virgaonkar@mandiant.com\n    scopes:\n      static: function\n      dynamic: unsupported  # requires property features\n    mbc:\n      - Process::Create Process [C0017]\n    references:\n      - https://docs.microsoft.com/en-us/windows/win32/api/processthreadsapi/ns-processthreadsapi-startupinfoa\n    examples:\n      - Practical Malware Analysis Lab 14-02.exe_:0x4011C0\n  features:\n    - or:\n      - and:\n        - or:\n          - description: API functions that accept a pointer to a STARTUPINFO structure\n          - api: kernel32.CreateProcess\n          - api: kernel32.CreateProcessInternal\n          - api: advapi32.CreateProcessAsUser\n          - api: advapi32.CreateProcessWithLogon\n          - api: advapi32.CreateProcessWithToken\n        - number: 0x101 = STARTF_USESTDHANDLES | STARTF_USESHOWWINDOW\n          # STARTF_USESTDHANDLES indicates the hStdInput, hStdOutput, and hStdError members contain additional information\n          # STARTF_USESHOWWINDOW indicates the wShowWindow member contains additional information\n        - or:\n          - and:\n            - arch: i386\n            - number: 0x44 = StartupInfo.cb (size)\n          - and:\n            - arch: amd64\n            - number: 0x68 = StartupInfo.cb (size)\n          # STARTUPINFOEX size values not currently supported by this rule.\n        - optional:\n          - api: kernel32.GetStartupInfo\n      - and:\n        - api: System.Diagnostics.Process::Start\n        - or:\n          - property/write: System.Diagnostics.ProcessStartInfo::UseShellExecute\n          - property/write: System.Diagnostics.ProcessStartInfo::Verb\n          - property/write: System.Diagnostics.ProcessStartInfo::WindowStyle\n          - property/write: System.Diagnostics.ProcessStartInfo::WorkingDirectory\n          - property/write: System.Diagnostics.ProcessStartInfo::FileName\n          - property/write: System.Diagnostics.ProcessStartInfo::Arguments\n          - property/write: System.Diagnostics.ProcessStartInfo::CreateNoWindow\n          - property/write: System.Diagnostics.ProcessStartInfo::RedirectStandardOutput\n          - property/write: System.Diagnostics.ProcessStartInfo::RedirectStandardInput\n          - property/read: System.Diagnostics.Process::StandardOutput\n          - property/read: System.Diagnostics.Process::StandardInput\n","matches":[[{"type":"dn token","value":100663306},{"success":true,"node":{"type":"statement","statement":{"type":"or"}},"children":[{"success":true,"node":{"type":"statement","statement":{"type":"and"}},"children":[{"success":true,"node":{"type":"feature","feature":{"type":"api","api":"System.Diagnostics.Process::Start"}},"children":[],"locations":[{"type":"dn token offset","value":[100663306,258]}],"captures":{}},{"success":true,"node":{"type":"statement","statement":{"type":"or"}},"children":[{"success":true,"node":{"type":"feature","feature":{"type":"property","access":"write","property":"System.Diagnostics.ProcessStartInfo::UseShellExecute"}},"children":[],"locations":[{"type":"dn token offset","value":[100663306,188]}],"captures":{}},{"success":false,"node":{"type":"feature","feature":{"type":"property","access":"write","property":"System.Diagnostics.ProcessStartInfo::Verb"}},"children":[],"locations":[],"captures":{}},{"success":false,"node":{"type":"feature","feature":{"type":"property","access":"write","property":"System.Diagnostics.ProcessStartInfo::WindowStyle"}},"children":[],"locations":[],"captures":{}},{"success":false,"node":{"type":"feature","feature":{"type":"property","access":"write","property":"System.Diagnostics.ProcessStartInfo::WorkingDirectory"}},"children":[],"locations":[],"captures":{}},{"success":true,"node":{"type":"feature","feature":{"type":"property","access":"write","property":"System.Diagnostics.ProcessStartInfo::FileName"}},"children":[],"locations":[{"type":"dn token offset","value":[100663306,160]}],"captures":{}},{"success":false,"node":{"type":"feature","feature":{"type":"property","access":"write","property":"System.Diagnostics.ProcessStartInfo::Arguments"}},"children":[],"locations":[],"captures":{}},{"success":true,"node":{"type":"feature","feature":{"type":"property","access":"write","property":"System.Diagnostics.ProcessStartInfo::CreateNoWindow"}},"children":[],"locations":[{"type":"dn token offset","value":[100663306,174]}],"captures":{}},{"success":true,"node":{"type":"feature","feature":{"type":"property","access":"write","property":"System.Diagnostics.ProcessStartInfo::RedirectStandardOutput"}},"children":[],"locations":[{"type":"dn token offset","value":[100663306,202]}],"captures":{}},{"success":true,"node":{"type":"feature","feature":{"type":"property","access":"write","property":"System.Diagnostics.ProcessStartInfo::RedirectStandardInput"}},"children":[],"locations":[{"type":"dn token offset","value":[100663306,216]}],"captures":{}},{"success":false,"node":{"type":"feature","feature":{"type":"property","access":"read","property":"System.Diagnostics.Process::StandardOutput"}},"children":[],"locations":[],"captures":{}},{"success":true,"node":{"type":"feature","feature":{"type":"property","access":"read","property":"System.Diagnostics.Process::StandardInput"}},"children":[],"locations":[{"type":"dn token offset","value":[100663306,291]}],"captures":{}}],"locations":[],"captures":{}}],"locations":[],"captures":{}},{"success":false,"node":{"type":"statement","statement":{"type":"and"}},"children":[{"success":false,"node":{"type":"statement","statement":{"type":"or","description":"API functions that accept a pointer to a STARTUPINFO structure"}},"children":[{"success":false,"node":{"type":"feature","feature":{"type":"api","api":"CreateProcess"}},"children":[],"locations":[],"captures":{}},{"success":false,"node":{"type":"feature","feature":{"type":"api","api":"CreateProcessInternal"}},"children":[],"locations":[],"captures":{}},{"success":false,"node":{"type":"feature","feature":{"type":"api","api":"CreateProcessAsUser"}},"children":[],"locations":[],"captures":{}},{"success":false,"node":{"type":"feature","feature":{"type":"api","api":"CreateProcessWithLogon"}},"children":[],"locations":[],"captures":{}},{"success":false,"node":{"type":"feature","feature":{"type":"api","api":"CreateProcessWithToken"}},"children":[],"locations":[],"captures":{}}],"locations":[],"captures":{}},{"success":false,"node":{"type":"feature","feature":{"type":"number","number":257,"description":"STARTF_USESTDHANDLES | STARTF_USESHOWWINDOW"}},"children":[],"locations":[],"captures":{}},{"success":false,"node":{"type":"statement","statement":{"type":"or"}},"children":[{"success":false,"node":{"type":"statement","statement":{"type":"and"}},"children":[{"success":true,"node":{"type":"feature","feature":{"type":"arch","arch":"i386"}},"children":[],"locations":[{"type":"no address"}],"captures":{}},{"success":false,"node":{"type":"feature","feature":{"type":"number","number":68,"description":"StartupInfo.cb (size)"}},"children":[],"locations":[],"captures":{}}],"locations":[],"captures":{}},{"success":false,"node":{"type":"statement","statement":{"type":"and"}},"children":[{"success":false,"node":{"type":"feature","feature":{"type":"arch","arch":"amd64"}},"children":[],"locations":[],"captures":{}},{"success":false,"node":{"type":"feature","feature":{"type":"number","number":104,"description":"StartupInfo.cb (size)"}},"children":[],"locations":[],"captures":{}}],"locations":[],"captures":{}}],"locations":[],"captures":{}},{"success":true,"node":{"type":"statement","statement":{"type":"optional"}},"children":[{"success":false,"node":{"type":"feature","feature":{"type":"api","api":"GetStartupInfo"}},"children":[],"locations":[],"captures":{}}],"locations":[],"captures":{}}],"locations":[],"captures":{}}],"locations":[],"captures":{}}]]},"act as TCP client":{"meta":{"name":"act as TCP client","namespace":"communication/tcp/client","authors":["william.ballenthin@mandiant.com","michael.hunhoff@mandiant.com"],"scopes":{"static":"function","dynamic":"thread"},"attack":[],"mbc":[{"parts":["Communication","Socket Communication","TCP Client"],"objective":"Communication","behavior":"Socket Communication","method":"TCP Client","id":"C0001.008"}],"references":[],"examples":["Practical Malware Analysis Lab 01-01.dll_:0x10001010"],"description":"","lib":false,"is_subscope_rule":false,"maec":{}},"source":"rule:\n  meta:\n    name: act as TCP client\n    namespace: communication/tcp/client\n    authors:\n      - william.ballenthin@mandiant.com\n      - michael.hunhoff@mandiant.com\n    scopes:\n      static: function\n      dynamic: thread\n    mbc:\n      - Communication::Socket Communication::TCP Client [C0001.008]\n    examples:\n      - Practical Malware Analysis Lab 01-01.dll_:0x10001010\n  features:\n    - or:\n      - match: connect TCP socket\n      - api: System.Net.Sockets.TcpClient::ctor\n","matches":[[{"type":"dn token","value":100663306},{"success":true,"node":{"type":"statement","statement":{"type":"or"}},"children":[{"success":false,"node":{"type":"feature","feature":{"type":"match","match":"connect TCP socket"}},"children":[],"locations":[],"captures":{}},{"success":true,"node":{"type":"feature","feature":{"type":"api","api":"System.Net.Sockets.TcpClient::ctor"}},"children":[],"locations":[{"type":"dn token offset","value":[100663306,100]}],"captures":{}}],"locations":[],"captures":{}}]]},"compiled to the .NET platform":{"meta":{"name":"compiled to the .NET platform","namespace":"runtime/dotnet","authors":["william.ballenthin@mandiant.com"],"scopes":{"static":"file","dynamic":"file"},"attack":[],"mbc":[],"references":[],"examples":["b9f5bd514485fb06da39beff051b9fdc"],"description":"","lib":false,"is_subscope_rule":false,"maec":{}},"source":"rule:\n  meta:\n    name: compiled to the .NET platform\n    namespace: runtime/dotnet\n    authors:\n      - william.ballenthin@mandiant.com\n    scopes:\n      static: file\n      dynamic: file\n    examples:\n      - b9f5bd514485fb06da39beff051b9fdc\n  features:\n    - or:\n      - format: dotnet\n      - import: mscoree._CorExeMain\n      - import: mscoree._corexemain\n      - import: mscoree._CorDllMain\n      - import: mscoree._cordllmain\n","matches":[[{"type":"no address"},{"success":true,"node":{"type":"statement","statement":{"type":"or"}},"children":[{"success":true,"node":{"type":"feature","feature":{"type":"format","format":"dotnet"}},"children":[],"locations":[{"type":"no address"}],"captures":{}},{"success":false,"node":{"type":"feature","feature":{"type":"import","import_":"mscoree._CorExeMain"}},"children":[],"locations":[],"captures":{}},{"success":false,"node":{"type":"feature","feature":{"type":"import","import_":"mscoree._corexemain"}},"children":[],"locations":[],"captures":{}},{"success":false,"node":{"type":"feature","feature":{"type":"import","import_":"mscoree._CorDllMain"}},"children":[],"locations":[],"captures":{}},{"success":false,"node":{"type":"feature","feature":{"type":"import","import_":"mscoree._cordllmain"}},"children":[],"locations":[],"captures":{}}],"locations":[],"captures":{}}]]},"run as service":{"meta":{"name":"run as service","namespace":"host-interaction/service","authors":["moritz.raabe@mandiant.com","michael.hunhoff@mandiant.com"],"scopes":{"static":"file","dynamic":"file"},"attack":[],"mbc":[{"parts":["Anti-Behavioral Analysis","Conditional Execution","Runs as Service"],"objective":"Anti-Behavioral Analysis","behavior":"Conditional Execution","method":"Runs as Service","id":"B0025.007"}],"references":[],"examples":["Practical Malware Analysis Lab 03-02.dll_"],"description":"","lib":false,"is_subscope_rule":false,"maec":{}},"source":"rule:\n  meta:\n    name: run as service\n    namespace: host-interaction/service\n    authors:\n      - moritz.raabe@mandiant.com\n      - michael.hunhoff@mandiant.com\n    scopes:\n      static: file\n      dynamic: file\n    mbc:\n      - Anti-Behavioral Analysis::Conditional Execution::Runs as Service [B0025.007]\n    examples:\n      - Practical Malware Analysis Lab 03-02.dll_\n  features:\n    - or:\n      - export: ServiceMain\n      - function:\n        - or:\n          - api: RegisterServiceCtrlHandler\n          - api: RegisterServiceCtrlHandlerEx\n          - api: StartServiceCtrlDispatcher\n          - api: System.ServiceProcess.ServiceBase::Run\n","matches":[[{"type":"no address"},{"success":true,"node":{"type":"statement","statement":{"type":"or"}},"children":[{"success":false,"node":{"type":"feature","feature":{"type":"export","export":"ServiceMain"}},"children":[],"locations":[],"captures":{}},{"success":true,"node":{"type":"statement","statement":{"type":"subscope","scope":"function"}},"children":[{"success":true,"node":{"type":"statement","statement":{"type":"or"}},"children":[{"success":false,"node":{"type":"feature","feature":{"type":"api","api":"RegisterServiceCtrlHandler"}},"children":[],"locations":[],"captures":{}},{"success":false,"node":{"type":"feature","feature":{"type":"api","api":"RegisterServiceCtrlHandlerEx"}},"children":[],"locations":[],"captures":{}},{"success":false,"node":{"type":"feature","feature":{"type":"api","api":"StartServiceCtrlDispatcher"}},"children":[],"locations":[],"captures":{}},{"success":true,"node":{"type":"feature","feature":{"type":"api","api":"System.ServiceProcess.ServiceBase::Run"}},"children":[],"locations":[{"type":"dn token offset","value":[100663303,17]}],"captures":{}}],"locations":[],"captures":{}}],"locations":[{"type":"dn token","value":100663303}],"captures":{}}],"locations":[],"captures":{}}]]}}}
