{"meta":{"timestamp":"2024-11-17T18:41:40.887742","version":"7.4.0","argv":["--os","windows","-j","./samples/infostealer/28cc57164988cb9c931eddeba5e27624e317e0898b333e7eeabc32cf99086642"],"sample":{"md5":"f362a2d9194a09eaca7d2fa04d89e1e5","sha1":"d7201613b6855c6c3b0e01564dea9d65777e0ea3","sha256":"28cc57164988cb9c931eddeba5e27624e317e0898b333e7eeabc32cf99086642","path":"/samples/infostealer/28cc57164988cb9c931eddeba5e27624e317e0898b333e7eeabc32cf99086642"},"flavor":"static","analysis":{"format":"dotnet","arch":"any","os":"any","extractor":"DnfileFeatureExtractor","rules":["/tmp/_MEIAOs9Ij/rules"],"base_address":{"type":"no address"},"layout":{"functions":[{"address":{"type":"dn token","value":100663308},"matched_basic_blocks":[{"address":{"type":"dn token","value":100663308}}]},{"address":{"type":"dn token","value":100663310},"matched_basic_blocks":[{"address":{"type":"dn token","value":100663310}}]},{"address":{"type":"dn token","value":100663323},"matched_basic_blocks":[{"address":{"type":"dn token","value":100663323}}]},{"address":{"type":"dn token","value":100663332},"matched_basic_blocks":[{"address":{"type":"dn token","value":100663332}}]},{"address":{"type":"dn token","value":100663334},"matched_basic_blocks":[{"address":{"type":"dn token","value":100663334}}]}]},"feature_counts":{"file":674,"functions":[{"address":{"type":"dn token","value":100663297},"count":30},{"address":{"type":"dn token","value":100663298},"count":8},{"address":{"type":"dn token","value":100663299},"count":28},{"address":{"type":"dn token","value":100663300},"count":56},{"address":{"type":"dn token","value":100663301},"count":19},{"address":{"type":"dn token","value":100663302},"count":28},{"address":{"type":"dn token","value":100663303},"count":56},{"address":{"type":"dn token","value":100663304},"count":26},{"address":{"type":"dn token","value":100663305},"count":8},{"address":{"type":"dn token","value":100663306},"count":16},{"address":{"type":"dn token","value":100663307},"count":43},{"address":{"type":"dn token","value":100663308},"count":26},{"address":{"type":"dn token","value":100663309},"count":28},{"address":{"type":"dn token","value":100663310},"count":39},{"address":{"type":"dn token","value":100663311},"count":19},{"address":{"type":"dn token","value":100663312},"count":12},{"address":{"type":"dn token","value":100663313},"count":9},{"address":{"type":"dn token","value":100663322},"count":41},{"address":{"type":"dn token","value":100663323},"count":69},{"address":{"type":"dn token","value":100663324},"count":12},{"address":{"type":"dn token","value":100663325},"count":23},{"address":{"type":"dn token","value":100663326},"count":9},{"address":{"type":"dn token","value":100663327},"count":23},{"address":{"type":"dn token","value":100663328},"count":12},{"address":{"type":"dn token","value":100663329},"count":18},{"address":{"type":"dn token","value":100663330},"count":13},{"address":{"type":"dn token","value":100663331},"count":6},{"address":{"type":"dn token","value":100663332},"count":75},{"address":{"type":"dn token","value":100663333},"count":40},{"address":{"type":"dn token","value":100663334},"count":80},{"address":{"type":"dn token","value":100663335},"count":9},{"address":{"type":"dn token","value":100663336},"count":9},{"address":{"type":"dn token","value":100663337},"count":9},{"address":{"type":"dn token","value":100663338},"count":9},{"address":{"type":"dn token","value":100663339},"count":9},{"address":{"type":"dn token","value":100663340},"count":9},{"address":{"type":"dn token","value":100663341},"count":9},{"address":{"type":"dn token","value":100663342},"count":9},{"address":{"type":"dn token","value":100663343},"count":9},{"address":{"type":"dn token","value":100663344},"count":10},{"address":{"type":"dn token","value":100663345},"count":47},{"address":{"type":"dn token","value":100663346},"count":21},{"address":{"type":"dn token","value":100663347},"count":13}]},"library_functions":[]}},"rules":{"manipulate console buffer":{"meta":{"name":"manipulate console buffer","namespace":"host-interaction/console","authors":["william.ballenthin@mandiant.com","michael.hunhoff@mandiant.com"],"scopes":{"static":"function","dynamic":"thread"},"attack":[],"mbc":[{"parts":["Operating System","Console"],"objective":"Operating System","behavior":"Console","method":"","id":"C0033"}],"references":["https://stackoverflow.com/a/15770935/87207"],"examples":["3aa7ee4d67f562933bc998f352b1f319:0x705413A0"],"description":"","lib":false,"is_subscope_rule":false,"maec":{}},"source":"rule:\n  meta:\n    name: manipulate console buffer\n    namespace: host-interaction/console\n    authors:\n      - william.ballenthin@mandiant.com\n      - michael.hunhoff@mandiant.com\n    scopes:\n      static: function\n      dynamic: thread\n    mbc:\n      - Operating System::Console [C0033]\n    references:\n      - https://stackoverflow.com/a/15770935/87207\n    examples:\n      - 3aa7ee4d67f562933bc998f352b1f319:0x705413A0\n  features:\n    - or:\n      - and:\n        - or:\n          - api: kernel32.SetConsoleCursorPosition\n          - api: kernel32.ReadConsoleOutputCharacter\n          - api: kernel32.WriteConsoleOutputCharacter\n          - api: kernel32.WriteConsoleOutput\n          - api: kernel32.WriteConsoleInput\n        - optional:\n          - api: kernel32.GetStdHandle\n          - number: 0xfffffff5 = STD_OUTPUT_HANDLE\n      - api: System.Console::Write\n      - api: System.Console::WriteLine\n","matches":[[{"type":"dn token","value":100663297},{"success":true,"node":{"type":"statement","statement":{"type":"or"}},"children":[{"success":false,"node":{"type":"feature","feature":{"type":"api","api":"System.Console::Write"}},"children":[],"locations":[],"captures":{}},{"success":true,"node":{"type":"feature","feature":{"type":"api","api":"System.Console::WriteLine"}},"children":[],"locations":[{"type":"dn token offset","value":[100663297,100]},{"type":"dn token offset","value":[100663297,79]},{"type":"dn token offset","value":[100663297,58]},{"type":"dn token offset","value":[100663297,110]},{"type":"dn token offset","value":[100663297,37]}],"captures":{}},{"success":false,"node":{"type":"statement","statement":{"type":"and"}},"children":[{"success":false,"node":{"type":"statement","statement":{"type":"or"}},"children":[{"success":false,"node":{"type":"feature","feature":{"type":"api","api":"SetConsoleCursorPosition"}},"children":[],"locations":[],"captures":{}},{"success":false,"node":{"type":"feature","feature":{"type":"api","api":"ReadConsoleOutputCharacter"}},"children":[],"locations":[],"captures":{}},{"success":false,"node":{"type":"feature","feature":{"type":"api","api":"WriteConsoleOutputCharacter"}},"children":[],"locations":[],"captures":{}},{"success":false,"node":{"type":"feature","feature":{"type":"api","api":"WriteConsoleOutput"}},"children":[],"locations":[],"captures":{}},{"success":false,"node":{"type":"feature","feature":{"type":"api","api":"WriteConsoleInput"}},"children":[],"locations":[],"captures":{}}],"locations":[],"captures":{}},{"success":true,"node":{"type":"statement","statement":{"type":"optional"}},"children":[{"success":false,"node":{"type":"feature","feature":{"type":"api","api":"GetStdHandle"}},"children":[],"locations":[],"captures":{}},{"success":false,"node":{"type":"feature","feature":{"type":"number","number":4294967285,"description":"STD_OUTPUT_HANDLE"}},"children":[],"locations":[],"captures":{}}],"locations":[],"captures":{}}],"locations":[],"captures":{}}],"locations":[],"captures":{}}],[{"type":"dn token","value":100663300},{"success":true,"node":{"type":"statement","statement":{"type":"or"}},"children":[{"success":false,"node":{"type":"feature","feature":{"type":"api","api":"System.Console::Write"}},"children":[],"locations":[],"captures":{}},{"success":true,"node":{"type":"feature","feature":{"type":"api","api":"System.Console::WriteLine"}},"children":[],"locations":[{"type":"dn token offset","value":[100663300,309]},{"type":"dn token offset","value":[100663300,56]}],"captures":{}},{"success":false,"node":{"type":"statement","statement":{"type":"and"}},"children":[{"success":false,"node":{"type":"statement","statement":{"type":"or"}},"children":[{"success":false,"node":{"type":"feature","feature":{"type":"api","api":"SetConsoleCursorPosition"}},"children":[],"locations":[],"captures":{}},{"success":false,"node":{"type":"feature","feature":{"type":"api","api":"ReadConsoleOutputCharacter"}},"children":[],"locations":[],"captures":{}},{"success":false,"node":{"type":"feature","feature":{"type":"api","api":"WriteConsoleOutputCharacter"}},"children":[],"locations":[],"captures":{}},{"success":false,"node":{"type":"feature","feature":{"type":"api","api":"WriteConsoleOutput"}},"children":[],"locations":[],"captures":{}},{"success":false,"node":{"type":"feature","feature":{"type":"api","api":"WriteConsoleInput"}},"children":[],"locations":[],"captures":{}}],"locations":[],"captures":{}},{"success":true,"node":{"type":"statement","statement":{"type":"optional"}},"children":[{"success":false,"node":{"type":"feature","feature":{"type":"api","api":"GetStdHandle"}},"children":[],"locations":[],"captures":{}},{"success":false,"node":{"type":"feature","feature":{"type":"number","number":4294967285,"description":"STD_OUTPUT_HANDLE"}},"children":[],"locations":[],"captures":{}}],"locations":[],"captures":{}}],"locations":[],"captures":{}}],"locations":[],"captures":{}}],[{"type":"dn token","value":100663302},{"success":true,"node":{"type":"statement","statement":{"type":"or"}},"children":[{"success":false,"node":{"type":"feature","feature":{"type":"api","api":"System.Console::Write"}},"children":[],"locations":[],"captures":{}},{"success":true,"node":{"type":"feature","feature":{"type":"api","api":"System.Console::WriteLine"}},"children":[],"locations":[{"type":"dn token offset","value":[100663302,138]}],"captures":{}},{"success":false,"node":{"type":"statement","statement":{"type":"and"}},"children":[{"success":false,"node":{"type":"statement","statement":{"type":"or"}},"children":[{"success":false,"node":{"type":"feature","feature":{"type":"api","api":"SetConsoleCursorPosition"}},"children":[],"locations":[],"captures":{}},{"success":false,"node":{"type":"feature","feature":{"type":"api","api":"ReadConsoleOutputCharacter"}},"children":[],"locations":[],"captures":{}},{"success":false,"node":{"type":"feature","feature":{"type":"api","api":"WriteConsoleOutputCharacter"}},"children":[],"locations":[],"captures":{}},{"success":false,"node":{"type":"feature","feature":{"type":"api","api":"WriteConsoleOutput"}},"children":[],"locations":[],"captures":{}},{"success":false,"node":{"type":"feature","feature":{"type":"api","api":"WriteConsoleInput"}},"children":[],"locations":[],"captures":{}}],"locations":[],"captures":{}},{"success":true,"node":{"type":"statement","statement":{"type":"optional"}},"children":[{"success":false,"node":{"type":"feature","feature":{"type":"api","api":"GetStdHandle"}},"children":[],"locations":[],"captures":{}},{"success":false,"node":{"type":"feature","feature":{"type":"number","number":4294967285,"description":"STD_OUTPUT_HANDLE"}},"children":[],"locations":[],"captures":{}}],"locations":[],"captures":{}}],"locations":[],"captures":{}}],"locations":[],"captures":{}}],[{"type":"dn token","value":100663303},{"success":true,"node":{"type":"statement","statement":{"type":"or"}},"children":[{"success":false,"node":{"type":"feature","feature":{"type":"api","api":"System.Console::Write"}},"children":[],"locations":[],"captures":{}},{"success":true,"node":{"type":"feature","feature":{"type":"api","api":"System.Console::WriteLine"}},"children":[],"locations":[{"type":"dn token offset","value":[100663303,177]}],"captures":{}},{"success":false,"node":{"type":"statement","statement":{"type":"and"}},"children":[{"success":false,"node":{"type":"statement","statement":{"type":"or"}},"children":[{"success":false,"node":{"type":"feature","feature":{"type":"api","api":"SetConsoleCursorPosition"}},"children":[],"locations":[],"captures":{}},{"success":false,"node":{"type":"feature","feature":{"type":"api","api":"ReadConsoleOutputCharacter"}},"children":[],"locations":[],"captures":{}},{"success":false,"node":{"type":"feature","feature":{"type":"api","api":"WriteConsoleOutputCharacter"}},"children":[],"locations":[],"captures":{}},{"success":false,"node":{"type":"feature","feature":{"type":"api","api":"WriteConsoleOutput"}},"children":[],"locations":[],"captures":{}},{"success":false,"node":{"type":"feature","feature":{"type":"api","api":"WriteConsoleInput"}},"children":[],"locations":[],"captures":{}}],"locations":[],"captures":{}},{"success":true,"node":{"type":"statement","statement":{"type":"optional"}},"children":[{"success":false,"node":{"type":"feature","feature":{"type":"api","api":"GetStdHandle"}},"children":[],"locations":[],"captures":{}},{"success":false,"node":{"type":"feature","feature":{"type":"number","number":4294967285,"description":"STD_OUTPUT_HANDLE"}},"children":[],"locations":[],"captures":{}}],"locations":[],"captures":{}}],"locations":[],"captures":{}}],"locations":[],"captures":{}}],[{"type":"dn token","value":100663304},{"success":true,"node":{"type":"statement","statement":{"type":"or"}},"children":[{"success":false,"node":{"type":"feature","feature":{"type":"api","api":"System.Console::Write"}},"children":[],"locations":[],"captures":{}},{"success":true,"node":{"type":"feature","feature":{"type":"api","api":"System.Console::WriteLine"}},"children":[],"locations":[{"type":"dn token offset","value":[100663304,50]}],"captures":{}},{"success":false,"node":{"type":"statement","statement":{"type":"and"}},"children":[{"success":false,"node":{"type":"statement","statement":{"type":"or"}},"children":[{"success":false,"node":{"type":"feature","feature":{"type":"api","api":"SetConsoleCursorPosition"}},"children":[],"locations":[],"captures":{}},{"success":false,"node":{"type":"feature","feature":{"type":"api","api":"ReadConsoleOutputCharacter"}},"children":[],"locations":[],"captures":{}},{"success":false,"node":{"type":"feature","feature":{"type":"api","api":"WriteConsoleOutputCharacter"}},"children":[],"locations":[],"captures":{}},{"success":false,"node":{"type":"feature","feature":{"type":"api","api":"WriteConsoleOutput"}},"children":[],"locations":[],"captures":{}},{"success":false,"node":{"type":"feature","feature":{"type":"api","api":"WriteConsoleInput"}},"children":[],"locations":[],"captures":{}}],"locations":[],"captures":{}},{"success":true,"node":{"type":"statement","statement":{"type":"optional"}},"children":[{"success":false,"node":{"type":"feature","feature":{"type":"api","api":"GetStdHandle"}},"children":[],"locations":[],"captures":{}},{"success":false,"node":{"type":"feature","feature":{"type":"number","number":4294967285,"description":"STD_OUTPUT_HANDLE"}},"children":[],"locations":[],"captures":{}}],"locations":[],"captures":{}}],"locations":[],"captures":{}}],"locations":[],"captures":{}}]]},"check if file exists":{"meta":{"name":"check if file exists","namespace":"host-interaction/file-system/exists","authors":["moritz.raabe@mandiant.com","michael.hunhoff@mandiant.com"],"scopes":{"static":"function","dynamic":"call"},"attack":[{"parts":["Discovery","File and Directory Discovery"],"tactic":"Discovery","technique":"File and Directory Discovery","subtechnique":"","id":"T1083"}],"mbc":[{"parts":["Discovery","File and Directory Discovery"],"objective":"Discovery","behavior":"File and Directory Discovery","method":"","id":"E1083"}],"references":[],"examples":["31600AD0D1A7EA615690DF111AE36C73:0x401284"],"description":"","lib":false,"is_subscope_rule":false,"maec":{}},"source":"rule:\n  meta:\n    name: check if file exists\n    namespace: host-interaction/file-system/exists\n    authors:\n      - moritz.raabe@mandiant.com\n      - michael.hunhoff@mandiant.com\n    scopes:\n      static: function\n      dynamic: call\n    att&ck:\n      - Discovery::File and Directory Discovery [T1083]\n    mbc:\n      - Discovery::File and Directory Discovery [E1083]\n    examples:\n      - 31600AD0D1A7EA615690DF111AE36C73:0x401284\n  features:\n    - or:\n      - basic block:\n        - and:\n          - api: kernel32.GetFileAttributes\n          - instruction:\n            - mnemonic: cmp\n            - number: 0xFFFFFFFF = INVALID_FILE_ATTRIBUTES\n      - basic block:\n        - and:\n          - api: kernel32.GetLastError\n          - instruction:\n            - mnemonic: cmp\n            - number: 2 = ERROR_FILE_NOT_FOUND\n      - api: shlwapi.PathFileExists\n      - api: System.IO.File::Exists\n      - property/read: System.IO.FileSystemInfo::Exists\n","matches":[[{"type":"dn token","value":100663300},{"success":true,"node":{"type":"statement","statement":{"type":"or"}},"children":[{"success":false,"node":{"type":"feature","feature":{"type":"match","match":"check if file exists/dfd40dac72c0465fa81157c422b21066"}},"children":[],"locations":[],"captures":{}},{"success":false,"node":{"type":"feature","feature":{"type":"match","match":"check if file exists/7a381703979a4f6eb17ded6944360489"}},"children":[],"locations":[],"captures":{}},{"success":false,"node":{"type":"feature","feature":{"type":"api","api":"PathFileExists"}},"children":[],"locations":[],"captures":{}},{"success":true,"node":{"type":"feature","feature":{"type":"api","api":"System.IO.File::Exists"}},"children":[],"locations":[{"type":"dn token offset","value":[100663300,30]}],"captures":{}},{"success":false,"node":{"type":"feature","feature":{"type":"property","access":"read","property":"System.IO.FileSystemInfo::Exists"}},"children":[],"locations":[],"captures":{}}],"locations":[],"captures":{}}],[{"type":"dn token","value":100663303},{"success":true,"node":{"type":"statement","statement":{"type":"or"}},"children":[{"success":false,"node":{"type":"feature","feature":{"type":"match","match":"check if file exists/dfd40dac72c0465fa81157c422b21066"}},"children":[],"locations":[],"captures":{}},{"success":false,"node":{"type":"feature","feature":{"type":"match","match":"check if file exists/7a381703979a4f6eb17ded6944360489"}},"children":[],"locations":[],"captures":{}},{"success":false,"node":{"type":"feature","feature":{"type":"api","api":"PathFileExists"}},"children":[],"locations":[],"captures":{}},{"success":true,"node":{"type":"feature","feature":{"type":"api","api":"System.IO.File::Exists"}},"children":[],"locations":[{"type":"dn token offset","value":[100663303,20]}],"captures":{}},{"success":false,"node":{"type":"feature","feature":{"type":"property","access":"read","property":"System.IO.FileSystemInfo::Exists"}},"children":[],"locations":[],"captures":{}}],"locations":[],"captures":{}}],[{"type":"dn token","value":100663323},{"success":true,"node":{"type":"statement","statement":{"type":"or"}},"children":[{"success":false,"node":{"type":"feature","feature":{"type":"match","match":"check if file exists/dfd40dac72c0465fa81157c422b21066"}},"children":[],"locations":[],"captures":{}},{"success":false,"node":{"type":"feature","feature":{"type":"match","match":"check if file exists/7a381703979a4f6eb17ded6944360489"}},"children":[],"locations":[],"captures":{}},{"success":false,"node":{"type":"feature","feature":{"type":"api","api":"PathFileExists"}},"children":[],"locations":[],"captures":{}},{"success":true,"node":{"type":"feature","feature":{"type":"api","api":"System.IO.File::Exists"}},"children":[],"locations":[{"type":"dn token offset","value":[100663323,31]}],"captures":{}},{"success":false,"node":{"type":"feature","feature":{"type":"property","access":"read","property":"System.IO.FileSystemInfo::Exists"}},"children":[],"locations":[],"captures":{}}],"locations":[],"captures":{}}]]},"enumerate files in .NET":{"meta":{"name":"enumerate files in .NET","namespace":"host-interaction/file-system/files/list","authors":["moritz.raabe@mandiant.com","anushka.virgaonkar@mandiant.com"],"scopes":{"static":"function","dynamic":"thread"},"attack":[{"parts":["Discovery","File and Directory Discovery"],"tactic":"Discovery","technique":"File and Directory Discovery","subtechnique":"","id":"T1083"}],"mbc":[{"parts":["Discovery","File and Directory Discovery"],"objective":"Discovery","behavior":"File and Directory Discovery","method":"","id":"E1083"}],"references":["https://github.com/hfiref0x/TDL/blob/cc4b46ae1c939b14a22a734a727b163f873a41b"],"examples":[],"description":"","lib":false,"is_subscope_rule":false,"maec":{}},"source":"rule:\n  meta:\n    name: enumerate files in .NET\n    namespace: host-interaction/file-system/files/list\n    authors:\n      - moritz.raabe@mandiant.com\n      - anushka.virgaonkar@mandiant.com\n    scopes:\n      static: function\n      dynamic: thread\n    att&ck:\n      - Discovery::File and Directory Discovery [T1083]\n    mbc:\n      - Discovery::File and Directory Discovery [E1083]\n    references:\n      - https://github.com/hfiref0x/TDL/blob/cc4b46ae1c939b14a22a734a727b163f873a41b\n  features:\n    - or:\n      - api: System.IO.DirectoryInfo::GetFiles\n      - api: System.IO.DirectoryInfo::EnumerateFiles\n      - api: System.IO.Directory::GetFiles\n      - api: System.IO.Directory::EnumerateFiles\n      - api: System.IO.Directory::EnumerateFileSystemEntries\n      - api: System.IO.DirectoryInfo::GetDirectories\n      - api: System.IO.DirectoryInfo::EnumerateDirectories\n      - api: System.IO.Directory::GetDirectories\n      - api: System.IO.Directory::EnumerateDirectories\n","matches":[[{"type":"dn token","value":100663301},{"success":true,"node":{"type":"statement","statement":{"type":"or"}},"children":[{"success":false,"node":{"type":"feature","feature":{"type":"api","api":"System.IO.DirectoryInfo::GetFiles"}},"children":[],"locations":[],"captures":{}},{"success":false,"node":{"type":"feature","feature":{"type":"api","api":"System.IO.DirectoryInfo::EnumerateFiles"}},"children":[],"locations":[],"captures":{}},{"success":false,"node":{"type":"feature","feature":{"type":"api","api":"System.IO.Directory::GetFiles"}},"children":[],"locations":[],"captures":{}},{"success":false,"node":{"type":"feature","feature":{"type":"api","api":"System.IO.Directory::EnumerateFiles"}},"children":[],"locations":[],"captures":{}},{"success":false,"node":{"type":"feature","feature":{"type":"api","api":"System.IO.Directory::EnumerateFileSystemEntries"}},"children":[],"locations":[],"captures":{}},{"success":false,"node":{"type":"feature","feature":{"type":"api","api":"System.IO.DirectoryInfo::GetDirectories"}},"children":[],"locations":[],"captures":{}},{"success":false,"node":{"type":"feature","feature":{"type":"api","api":"System.IO.DirectoryInfo::EnumerateDirectories"}},"children":[],"locations":[],"captures":{}},{"success":true,"node":{"type":"feature","feature":{"type":"api","api":"System.IO.Directory::GetDirectories"}},"children":[],"locations":[{"type":"dn token offset","value":[100663301,49]}],"captures":{}},{"success":false,"node":{"type":"feature","feature":{"type":"api","api":"System.IO.Directory::EnumerateDirectories"}},"children":[],"locations":[],"captures":{}}],"locations":[],"captures":{}}]]},"check if directory exists":{"meta":{"name":"check if directory exists","namespace":"host-interaction/file-system/exists","authors":["michael.hunhoff@mandiant.com"],"scopes":{"static":"function","dynamic":"call"},"attack":[{"parts":["Discovery","File and Directory Discovery"],"tactic":"Discovery","technique":"File and Directory Discovery","subtechnique":"","id":"T1083"}],"mbc":[],"references":[],"examples":[],"description":"","lib":false,"is_subscope_rule":false,"maec":{}},"source":"rule:\n  meta:\n    name: check if directory exists\n    namespace: host-interaction/file-system/exists\n    authors:\n      - michael.hunhoff@mandiant.com\n    scopes:\n      static: function\n      dynamic: call\n    att&ck:\n      - Discovery::File and Directory Discovery [T1083]\n  features:\n    - or:\n      - api: System.IO.Directory::Exists\n","matches":[[{"type":"dn token","value":100663301},{"success":true,"node":{"type":"statement","statement":{"type":"or"}},"children":[{"success":true,"node":{"type":"feature","feature":{"type":"api","api":"System.IO.Directory::Exists"}},"children":[],"locations":[{"type":"dn token offset","value":[100663301,41]}],"captures":{}}],"locations":[],"captures":{}}]]},"read file on Windows":{"meta":{"name":"read file on Windows","namespace":"host-interaction/file-system/read","authors":["moritz.raabe@mandiant.com","anushka.virgaonkar@mandiant.com"],"scopes":{"static":"function","dynamic":"thread"},"attack":[],"mbc":[{"parts":["File System","Read File"],"objective":"File System","behavior":"Read File","method":"","id":"C0051"}],"references":[],"examples":["BFB9B5391A13D0AFD787E87AB90F14F5:0x1314567B"],"description":"","lib":false,"is_subscope_rule":false,"maec":{}},"source":"rule:\n  meta:\n    name: read file on Windows\n    namespace: host-interaction/file-system/read\n    authors:\n      - moritz.raabe@mandiant.com\n      - anushka.virgaonkar@mandiant.com\n    scopes:\n      static: function\n      dynamic: thread\n    mbc:\n      - File System::Read File [C0051]\n    examples:\n      - BFB9B5391A13D0AFD787E87AB90F14F5:0x1314567B\n  features:\n    - or:\n      - and:\n        - os: windows\n        - optional:\n          - and:\n            - number: 0x80000000 = GENERIC_READ\n            - match: create or open file\n        - or:\n          - api: kernel32.ReadFile\n          - api: ReadFileEx\n          - api: NtReadFile\n          - api: ZwReadFile\n          - api: LZRead\n          - api: _read\n          - api: fread\n      - api: System.IO.File::ReadAllBytes\n      - api: System.IO.File::ReadAllBytesAsync\n      - api: System.IO.File::ReadAllLines\n      - api: System.IO.File::ReadAllLinesAsync\n      - api: System.IO.File::ReadAllText\n      - api: System.IO.File::ReadAllTextAsync\n      - api: System.IO.File::ReadLines\n","matches":[[{"type":"dn token","value":100663303},{"success":true,"node":{"type":"statement","statement":{"type":"or"}},"children":[{"success":false,"node":{"type":"feature","feature":{"type":"api","api":"System.IO.File::ReadAllBytes"}},"children":[],"locations":[],"captures":{}},{"success":false,"node":{"type":"feature","feature":{"type":"api","api":"System.IO.File::ReadAllBytesAsync"}},"children":[],"locations":[],"captures":{}},{"success":false,"node":{"type":"feature","feature":{"type":"api","api":"System.IO.File::ReadAllLines"}},"children":[],"locations":[],"captures":{}},{"success":false,"node":{"type":"feature","feature":{"type":"api","api":"System.IO.File::ReadAllLinesAsync"}},"children":[],"locations":[],"captures":{}},{"success":true,"node":{"type":"feature","feature":{"type":"api","api":"System.IO.File::ReadAllText"}},"children":[],"locations":[{"type":"dn token offset","value":[100663303,41]}],"captures":{}},{"success":false,"node":{"type":"feature","feature":{"type":"api","api":"System.IO.File::ReadAllTextAsync"}},"children":[],"locations":[],"captures":{}},{"success":false,"node":{"type":"feature","feature":{"type":"api","api":"System.IO.File::ReadLines"}},"children":[],"locations":[],"captures":{}},{"success":false,"node":{"type":"statement","statement":{"type":"and"}},"children":[{"success":true,"node":{"type":"feature","feature":{"type":"os","os":"windows"}},"children":[],"locations":[{"type":"no address"}],"captures":{}},{"success":true,"node":{"type":"statement","statement":{"type":"optional"}},"children":[{"success":false,"node":{"type":"statement","statement":{"type":"and"}},"children":[{"success":false,"node":{"type":"feature","feature":{"type":"number","number":2147483648,"description":"GENERIC_READ"}},"children":[],"locations":[],"captures":{}},{"success":false,"node":{"type":"feature","feature":{"type":"match","match":"create or open file"}},"children":[],"locations":[],"captures":{}}],"locations":[],"captures":{}}],"locations":[],"captures":{}},{"success":false,"node":{"type":"statement","statement":{"type":"or"}},"children":[{"success":false,"node":{"type":"feature","feature":{"type":"api","api":"ReadFile"}},"children":[],"locations":[],"captures":{}},{"success":false,"node":{"type":"feature","feature":{"type":"api","api":"ReadFileEx"}},"children":[],"locations":[],"captures":{}},{"success":false,"node":{"type":"feature","feature":{"type":"api","api":"NtReadFile"}},"children":[],"locations":[],"captures":{}},{"success":false,"node":{"type":"feature","feature":{"type":"api","api":"ZwReadFile"}},"children":[],"locations":[],"captures":{}},{"success":false,"node":{"type":"feature","feature":{"type":"api","api":"LZRead"}},"children":[],"locations":[],"captures":{}},{"success":false,"node":{"type":"feature","feature":{"type":"api","api":"_read"}},"children":[],"locations":[],"captures":{}},{"success":false,"node":{"type":"feature","feature":{"type":"api","api":"fread"}},"children":[],"locations":[],"captures":{}}],"locations":[],"captures":{}}],"locations":[],"captures":{}}],"locations":[],"captures":{}}]]},"encrypt data using DPAPI":{"meta":{"name":"encrypt data using DPAPI","namespace":"data-manipulation/encryption/dpapi","authors":["william.ballenthin@mandiant.com","michael.hunhoff@mandiant.com"],"scopes":{"static":"function","dynamic":"call"},"attack":[{"parts":["Defense Evasion","Obfuscated Files or Information"],"tactic":"Defense Evasion","technique":"Obfuscated Files or Information","subtechnique":"","id":"T1027"}],"mbc":[{"parts":["Cryptography","Encrypt Data"],"objective":"Cryptography","behavior":"Encrypt Data","method":"","id":"C0027"}],"references":[],"examples":["6cc148363200798a12091b97a17181a1:0x1400CE9A0"],"description":"","lib":false,"is_subscope_rule":false,"maec":{}},"source":"rule:\n  meta:\n    name: encrypt data using DPAPI\n    namespace: data-manipulation/encryption/dpapi\n    authors:\n      - william.ballenthin@mandiant.com\n      - michael.hunhoff@mandiant.com\n    scopes:\n      static: function\n      dynamic: call\n    att&ck:\n      - Defense Evasion::Obfuscated Files or Information [T1027]\n    mbc:\n      - Cryptography::Encrypt Data [C0027]\n    examples:\n      - 6cc148363200798a12091b97a17181a1:0x1400CE9A0\n  features:\n    - or:\n      - api: CryptProtectMemory\n      - api: CryptUnprotectMemory\n      - api: crypt32.CryptProtectData\n      - api: crypt32.CryptUnprotectData\n      - api: System.Security.Cryptography.ProtectedData::Unprotect\n      - api: System.Security.Cryptography.ProtectedData::Protect\n      - api: SystemFunction040\n      - api: SystemFunction041\n      - and:\n        - match: link function at runtime on Windows\n        - or:\n          # RtlEncryptMemory is available as SystemFunction040 export in Advapi32.dll\n          # CryptProtectMemory is a wrapper function for SystemFunction040\n          - string: \"SystemFunction040\"\n          # RtlDecryptMemory is available as SystemFunction041 export in Advapi32.dll\n          # CryptUnprotectMemory is a wrapper function for SystemFunction041\n          - string: \"SystemFunction041\"\n","matches":[[{"type":"dn token","value":100663303},{"success":true,"node":{"type":"statement","statement":{"type":"or"}},"children":[{"success":false,"node":{"type":"feature","feature":{"type":"api","api":"CryptProtectMemory"}},"children":[],"locations":[],"captures":{}},{"success":false,"node":{"type":"feature","feature":{"type":"api","api":"CryptUnprotectMemory"}},"children":[],"locations":[],"captures":{}},{"success":false,"node":{"type":"feature","feature":{"type":"api","api":"CryptProtectData"}},"children":[],"locations":[],"captures":{}},{"success":false,"node":{"type":"feature","feature":{"type":"api","api":"CryptUnprotectData"}},"children":[],"locations":[],"captures":{}},{"success":true,"node":{"type":"feature","feature":{"type":"api","api":"System.Security.Cryptography.ProtectedData::Unprotect"}},"children":[],"locations":[{"type":"dn token offset","value":[100663303,163]}],"captures":{}},{"success":false,"node":{"type":"feature","feature":{"type":"api","api":"System.Security.Cryptography.ProtectedData::Protect"}},"children":[],"locations":[],"captures":{}},{"success":false,"node":{"type":"feature","feature":{"type":"api","api":"SystemFunction040"}},"children":[],"locations":[],"captures":{}},{"success":false,"node":{"type":"feature","feature":{"type":"api","api":"SystemFunction041"}},"children":[],"locations":[],"captures":{}},{"success":false,"node":{"type":"statement","statement":{"type":"and"}},"children":[{"success":false,"node":{"type":"feature","feature":{"type":"match","match":"link function at runtime on Windows"}},"children":[],"locations":[],"captures":{}},{"success":false,"node":{"type":"statement","statement":{"type":"or"}},"children":[{"success":false,"node":{"type":"feature","feature":{"type":"string","string":"SystemFunction040"}},"children":[],"locations":[],"captures":{}},{"success":false,"node":{"type":"feature","feature":{"type":"string","string":"SystemFunction041"}},"children":[],"locations":[],"captures":{}}],"locations":[],"captures":{}}],"locations":[],"captures":{}}],"locations":[],"captures":{}}],[{"type":"dn token","value":100663304},{"success":true,"node":{"type":"statement","statement":{"type":"or"}},"children":[{"success":false,"node":{"type":"feature","feature":{"type":"api","api":"CryptProtectMemory"}},"children":[],"locations":[],"captures":{}},{"success":false,"node":{"type":"feature","feature":{"type":"api","api":"CryptUnprotectMemory"}},"children":[],"locations":[],"captures":{}},{"success":false,"node":{"type":"feature","feature":{"type":"api","api":"CryptProtectData"}},"children":[],"locations":[],"captures":{}},{"success":false,"node":{"type":"feature","feature":{"type":"api","api":"CryptUnprotectData"}},"children":[],"locations":[],"captures":{}},{"success":true,"node":{"type":"feature","feature":{"type":"api","api":"System.Security.Cryptography.ProtectedData::Unprotect"}},"children":[],"locations":[{"type":"dn token offset","value":[100663304,32]}],"captures":{}},{"success":false,"node":{"type":"feature","feature":{"type":"api","api":"System.Security.Cryptography.ProtectedData::Protect"}},"children":[],"locations":[],"captures":{}},{"success":false,"node":{"type":"feature","feature":{"type":"api","api":"SystemFunction040"}},"children":[],"locations":[],"captures":{}},{"success":false,"node":{"type":"feature","feature":{"type":"api","api":"SystemFunction041"}},"children":[],"locations":[],"captures":{}},{"success":false,"node":{"type":"statement","statement":{"type":"and"}},"children":[{"success":false,"node":{"type":"feature","feature":{"type":"match","match":"link function at runtime on Windows"}},"children":[],"locations":[],"captures":{}},{"success":false,"node":{"type":"statement","statement":{"type":"or"}},"children":[{"success":false,"node":{"type":"feature","feature":{"type":"string","string":"SystemFunction040"}},"children":[],"locations":[],"captures":{}},{"success":false,"node":{"type":"feature","feature":{"type":"string","string":"SystemFunction041"}},"children":[],"locations":[],"captures":{}}],"locations":[],"captures":{}}],"locations":[],"captures":{}}],"locations":[],"captures":{}}]]},"find data using regex in .NET":{"meta":{"name":"find data using regex in .NET","namespace":"data-manipulation/regex","authors":["michael.hunhoff@mandiant.com"],"scopes":{"static":"function","dynamic":"call"},"attack":[],"mbc":[],"references":[],"examples":[],"description":"","lib":false,"is_subscope_rule":false,"maec":{}},"source":"rule:\n  meta:\n    name: find data using regex in .NET\n    namespace: data-manipulation/regex\n    authors:\n      - michael.hunhoff@mandiant.com\n    scopes:\n      static: function\n      dynamic: call\n  features:\n    - or:\n      - api: System.Text.RegularExpressions.Regex::Matches\n      - api: System.Text.RegularExpressions.Regex::Match\n      - api: System.Text.RegularExpressions.Regex::IsMatch\n      - api: System.Text.RegularExpressions.Regex::EnumerateMatches\n      - api: System.Text.RegularExpressions.Regex::Replace\n      - api: System.Text.RegularExpressions.Regex::Split\n      - api: System.Text.RegularExpressions.Regex::ctor\n","matches":[[{"type":"dn token","value":100663303},{"success":true,"node":{"type":"statement","statement":{"type":"or"}},"children":[{"success":true,"node":{"type":"feature","feature":{"type":"api","api":"System.Text.RegularExpressions.Regex::Matches"}},"children":[],"locations":[{"type":"dn token offset","value":[100663303,46]}],"captures":{}},{"success":false,"node":{"type":"feature","feature":{"type":"api","api":"System.Text.RegularExpressions.Regex::Match"}},"children":[],"locations":[],"captures":{}},{"success":false,"node":{"type":"feature","feature":{"type":"api","api":"System.Text.RegularExpressions.Regex::IsMatch"}},"children":[],"locations":[],"captures":{}},{"success":false,"node":{"type":"feature","feature":{"type":"api","api":"System.Text.RegularExpressions.Regex::EnumerateMatches"}},"children":[],"locations":[],"captures":{}},{"success":false,"node":{"type":"feature","feature":{"type":"api","api":"System.Text.RegularExpressions.Regex::Replace"}},"children":[],"locations":[],"captures":{}},{"success":false,"node":{"type":"feature","feature":{"type":"api","api":"System.Text.RegularExpressions.Regex::Split"}},"children":[],"locations":[],"captures":{}},{"success":true,"node":{"type":"feature","feature":{"type":"api","api":"System.Text.RegularExpressions.Regex::ctor"}},"children":[],"locations":[{"type":"dn token offset","value":[100663303,35]}],"captures":{}}],"locations":[],"captures":{}}]]},"decode data using Base64 in .NET":{"meta":{"name":"decode data using Base64 in .NET","namespace":"data-manipulation/encoding/base64","authors":["michael.hunhoff@mandiant.com"],"scopes":{"static":"function","dynamic":"call"},"attack":[{"parts":["Defense Evasion","Deobfuscate/Decode Files or Information"],"tactic":"Defense Evasion","technique":"Deobfuscate/Decode Files or Information","subtechnique":"","id":"T1140"}],"mbc":[{"parts":["Data","Decode Data","Base64"],"objective":"Data","behavior":"Decode Data","method":"Base64","id":"C0053.001"}],"references":[],"examples":[],"description":"","lib":false,"is_subscope_rule":false,"maec":{}},"source":"rule:\n  meta:\n    name: decode data using Base64 in .NET\n    namespace: data-manipulation/encoding/base64\n    authors:\n      - michael.hunhoff@mandiant.com\n    scopes:\n      static: function\n      dynamic: call\n    att&ck:\n      - Defense Evasion::Deobfuscate/Decode Files or Information [T1140]\n    mbc:\n      - Data::Decode Data::Base64 [C0053.001]\n  features:\n    - or:\n      - api: System.Convert::FromBase64String\n      - api: System.Convert::FromBase64CharArray\n      - api: System.Convert::TryFromBase64Chars\n      - api: System.Convert::TryFromBase64String\n","matches":[[{"type":"dn token","value":100663303},{"success":true,"node":{"type":"statement","statement":{"type":"or"}},"children":[{"success":true,"node":{"type":"feature","feature":{"type":"api","api":"System.Convert::FromBase64String"}},"children":[],"locations":[{"type":"dn token offset","value":[100663303,99]}],"captures":{}},{"success":false,"node":{"type":"feature","feature":{"type":"api","api":"System.Convert::FromBase64CharArray"}},"children":[],"locations":[],"captures":{}},{"success":false,"node":{"type":"feature","feature":{"type":"api","api":"System.Convert::TryFromBase64Chars"}},"children":[],"locations":[],"captures":{}},{"success":false,"node":{"type":"feature","feature":{"type":"api","api":"System.Convert::TryFromBase64String"}},"children":[],"locations":[],"captures":{}}],"locations":[],"captures":{}}]]},"get common file path":{"meta":{"name":"get common file path","namespace":"host-interaction/file-system","authors":["moritz.raabe@mandiant.com","michael.hunhoff@mandiant.com","anushka.virgaonkar@mandiant.com"],"scopes":{"static":"function","dynamic":"call"},"attack":[{"parts":["Discovery","File and Directory Discovery"],"tactic":"Discovery","technique":"File and Directory Discovery","subtechnique":"","id":"T1083"}],"mbc":[{"parts":["Discovery","File and Directory Discovery"],"objective":"Discovery","behavior":"File and Directory Discovery","method":"","id":"E1083"}],"references":[],"examples":["Practical Malware Analysis Lab 03-02.dll_:0x10003415","972B219F18379907A045431303F4DA7D:0x404887"],"description":"","lib":false,"is_subscope_rule":false,"maec":{}},"source":"rule:\n  meta:\n    name: get common file path\n    namespace: host-interaction/file-system\n    authors:\n      - moritz.raabe@mandiant.com\n      - michael.hunhoff@mandiant.com\n      - anushka.virgaonkar@mandiant.com\n    scopes:\n      static: function\n      dynamic: call\n    att&ck:\n      - Discovery::File and Directory Discovery [T1083]\n    mbc:\n      - Discovery::File and Directory Discovery [E1083]\n    examples:\n      - Practical Malware Analysis Lab 03-02.dll_:0x10003415\n      - 972B219F18379907A045431303F4DA7D:0x404887\n  features:\n    - or:\n      - api: kernel32.GetTempPath\n      - api: kernel32.GetTempFileName\n      - api: kernel32.GetSystemDirectory\n      - api: kernel32.GetWindowsDirectory\n      - api: kernel32.GetSystemWow64Directory\n      - api: GetAllUsersProfileDirectory\n      - api: GetAppContainerFolderPath\n      - api: GetCurrentDirectory\n      - api: GetDefaultUserProfileDirectory\n      - api: GetProfilesDirectory\n      - api: GetUserProfileDirectory\n      - api: SHGetFolderPathAndSubDir\n      - api: shell32.SHGetFolderPath\n      - api: shell32.SHGetFolderLocation\n      - api: shell32.SHGetKnownFolderPath\n      - api: shell32.SHGetSpecialFolderPath\n      - api: shell32.SHGetSpecialFolderLocation\n      - api: System.IO.Directory::GetCurrentDirectory\n      - api: System.Environment::GetFolderPath\n      - property/read: System.Environment::SystemDirectory\n      - property/read: System.Environment::CurrentDirectory\n","matches":[[{"type":"dn token","value":100663306},{"success":true,"node":{"type":"statement","statement":{"type":"or"}},"children":[{"success":false,"node":{"type":"feature","feature":{"type":"api","api":"GetTempPath"}},"children":[],"locations":[],"captures":{}},{"success":false,"node":{"type":"feature","feature":{"type":"api","api":"GetTempFileName"}},"children":[],"locations":[],"captures":{}},{"success":false,"node":{"type":"feature","feature":{"type":"api","api":"GetSystemDirectory"}},"children":[],"locations":[],"captures":{}},{"success":false,"node":{"type":"feature","feature":{"type":"api","api":"GetWindowsDirectory"}},"children":[],"locations":[],"captures":{}},{"success":false,"node":{"type":"feature","feature":{"type":"api","api":"GetSystemWow64Directory"}},"children":[],"locations":[],"captures":{}},{"success":false,"node":{"type":"feature","feature":{"type":"api","api":"GetAllUsersProfileDirectory"}},"children":[],"locations":[],"captures":{}},{"success":false,"node":{"type":"feature","feature":{"type":"api","api":"GetAppContainerFolderPath"}},"children":[],"locations":[],"captures":{}},{"success":false,"node":{"type":"feature","feature":{"type":"api","api":"GetCurrentDirectory"}},"children":[],"locations":[],"captures":{}},{"success":false,"node":{"type":"feature","feature":{"type":"api","api":"GetDefaultUserProfileDirectory"}},"children":[],"locations":[],"captures":{}},{"success":false,"node":{"type":"feature","feature":{"type":"api","api":"GetProfilesDirectory"}},"children":[],"locations":[],"captures":{}},{"success":false,"node":{"type":"feature","feature":{"type":"api","api":"GetUserProfileDirectory"}},"children":[],"locations":[],"captures":{}},{"success":false,"node":{"type":"feature","feature":{"type":"api","api":"SHGetFolderPathAndSubDir"}},"children":[],"locations":[],"captures":{}},{"success":false,"node":{"type":"feature","feature":{"type":"api","api":"SHGetFolderPath"}},"children":[],"locations":[],"captures":{}},{"success":false,"node":{"type":"feature","feature":{"type":"api","api":"SHGetFolderLocation"}},"children":[],"locations":[],"captures":{}},{"success":false,"node":{"type":"feature","feature":{"type":"api","api":"SHGetKnownFolderPath"}},"children":[],"locations":[],"captures":{}},{"success":false,"node":{"type":"feature","feature":{"type":"api","api":"SHGetSpecialFolderPath"}},"children":[],"locations":[],"captures":{}},{"success":false,"node":{"type":"feature","feature":{"type":"api","api":"SHGetSpecialFolderLocation"}},"children":[],"locations":[],"captures":{}},{"success":false,"node":{"type":"feature","feature":{"type":"api","api":"System.IO.Directory::GetCurrentDirectory"}},"children":[],"locations":[],"captures":{}},{"success":true,"node":{"type":"feature","feature":{"type":"api","api":"System.Environment::GetFolderPath"}},"children":[],"locations":[{"type":"dn token offset","value":[100663306,2]},{"type":"dn token offset","value":[100663306,14]}],"captures":{}},{"success":false,"node":{"type":"feature","feature":{"type":"property","access":"read","property":"System.Environment::SystemDirectory"}},"children":[],"locations":[],"captures":{}},{"success":false,"node":{"type":"feature","feature":{"type":"property","access":"read","property":"System.Environment::CurrentDirectory"}},"children":[],"locations":[],"captures":{}}],"locations":[],"captures":{}}]]},"encrypt or decrypt data via BCrypt":{"meta":{"name":"encrypt or decrypt data via BCrypt","namespace":"data-manipulation/encryption","authors":["michael.hunhoff@mandiant.com"],"scopes":{"static":"function","dynamic":"thread"},"attack":[{"parts":["Defense Evasion","Obfuscated Files or Information"],"tactic":"Defense Evasion","technique":"Obfuscated Files or Information","subtechnique":"","id":"T1027"}],"mbc":[{"parts":["Cryptography","Decrypt Data"],"objective":"Cryptography","behavior":"Decrypt Data","method":"","id":"C0031"},{"parts":["Cryptography","Encrypt Data"],"objective":"Cryptography","behavior":"Encrypt Data","method":"","id":"C0027"}],"references":[],"examples":[],"description":"","lib":false,"is_subscope_rule":false,"maec":{}},"source":"rule:\n  meta:\n    name: encrypt or decrypt data via BCrypt\n    namespace: data-manipulation/encryption\n    authors:\n      - michael.hunhoff@mandiant.com\n    scopes:\n      static: function\n      dynamic: thread\n    att&ck:\n      - Defense Evasion::Obfuscated Files or Information [T1027]\n    mbc:\n      - Cryptography::Decrypt Data [C0031]\n      - Cryptography::Encrypt Data [C0027]\n  features:\n    - and:\n      - or:\n        - api: BCryptDecrypt\n        - api: BCryptEncrypt\n      - optional:\n        - api: BCryptOpenAlgorithmProvider\n        - api: BCryptCloseAlgorithmProvider\n        - api: BCryptImportKey\n        - api: BCryptImportKeyPair\n        - api: BCryptGenerateKeyPair\n        - api: BCryptGenerateSymmetricKey\n        - api: BCryptDestroyKey\n","matches":[[{"type":"dn token","value":100663307},{"success":true,"node":{"type":"statement","statement":{"type":"and"}},"children":[{"success":true,"node":{"type":"statement","statement":{"type":"or"}},"children":[{"success":true,"node":{"type":"feature","feature":{"type":"api","api":"BCryptDecrypt"}},"children":[],"locations":[{"type":"dn token offset","value":[100663307,85]},{"type":"dn token offset","value":[100663307,149]}],"captures":{}},{"success":false,"node":{"type":"feature","feature":{"type":"api","api":"BCryptEncrypt"}},"children":[],"locations":[],"captures":{}}],"locations":[],"captures":{}},{"success":true,"node":{"type":"statement","statement":{"type":"optional"}},"children":[{"success":false,"node":{"type":"feature","feature":{"type":"api","api":"BCryptOpenAlgorithmProvider"}},"children":[],"locations":[],"captures":{}},{"success":true,"node":{"type":"feature","feature":{"type":"api","api":"BCryptCloseAlgorithmProvider"}},"children":[],"locations":[{"type":"dn token offset","value":[100663307,234]}],"captures":{}},{"success":false,"node":{"type":"feature","feature":{"type":"api","api":"BCryptImportKey"}},"children":[],"locations":[],"captures":{}},{"success":false,"node":{"type":"feature","feature":{"type":"api","api":"BCryptImportKeyPair"}},"children":[],"locations":[],"captures":{}},{"success":false,"node":{"type":"feature","feature":{"type":"api","api":"BCryptGenerateKeyPair"}},"children":[],"locations":[],"captures":{}},{"success":false,"node":{"type":"feature","feature":{"type":"api","api":"BCryptGenerateSymmetricKey"}},"children":[],"locations":[],"captures":{}},{"success":true,"node":{"type":"feature","feature":{"type":"api","api":"BCryptDestroyKey"}},"children":[],"locations":[{"type":"dn token offset","value":[100663307,220]}],"captures":{}}],"locations":[],"captures":{}}],"locations":[],"captures":{}}]]},"manipulate unmanaged memory in .NET":{"meta":{"name":"manipulate unmanaged memory in .NET","namespace":"host-interaction/memory","authors":["michael.hunhoff@mandiant.com"],"scopes":{"static":"function"},"attack":[],"mbc":[],"references":[],"examples":[],"description":"","lib":false,"is_subscope_rule":false,"maec":{}},"source":"rule:\n  meta:\n    name: manipulate unmanaged memory in .NET\n    namespace: host-interaction/memory\n    authors:\n      - michael.hunhoff@mandiant.com\n    scopes:\n      static: function\n      dynamic: unsupported  # requires class features\n  features:\n    - or:\n      - class: System.Runtime.InteropServices.Marshal\n","matches":[[{"type":"dn token","value":100663307},{"success":true,"node":{"type":"statement","statement":{"type":"or"}},"children":[{"success":true,"node":{"type":"feature","feature":{"type":"class","class_":"System.Runtime.InteropServices.Marshal"}},"children":[],"locations":[{"type":"dn token offset","value":[100663307,227]}],"captures":{}}],"locations":[],"captures":{}}],[{"type":"dn token","value":100663310},{"success":true,"node":{"type":"statement","statement":{"type":"or"}},"children":[{"success":true,"node":{"type":"feature","feature":{"type":"class","class_":"System.Runtime.InteropServices.Marshal"}},"children":[],"locations":[{"type":"dn token offset","value":[100663310,20]}],"captures":{}}],"locations":[],"captures":{}}],[{"type":"dn token","value":100663345},{"success":true,"node":{"type":"statement","statement":{"type":"or"}},"children":[{"success":true,"node":{"type":"feature","feature":{"type":"class","class_":"System.Runtime.InteropServices.Marshal"}},"children":[],"locations":[{"type":"dn token offset","value":[100663345,29]},{"type":"dn token offset","value":[100663345,154]},{"type":"dn token offset","value":[100663345,199]},{"type":"dn token offset","value":[100663345,82]},{"type":"dn token offset","value":[100663345,130]},{"type":"dn token offset","value":[100663345,178]},{"type":"dn token offset","value":[100663345,58]},{"type":"dn token offset","value":[100663345,106]}],"captures":{}}],"locations":[],"captures":{}}],[{"type":"dn token","value":100663346},{"success":true,"node":{"type":"statement","statement":{"type":"or"}},"children":[{"success":true,"node":{"type":"feature","feature":{"type":"class","class_":"System.Runtime.InteropServices.Marshal"}},"children":[],"locations":[{"type":"dn token offset","value":[100663346,111]},{"type":"dn token offset","value":[100663346,24]},{"type":"dn token offset","value":[100663346,53]},{"type":"dn token offset","value":[100663346,82]}],"captures":{}}],"locations":[],"captures":{}}]]},"unmanaged call":{"meta":{"name":"unmanaged call","namespace":"runtime","authors":["michael.hunhoff@mandiant.com"],"scopes":{"static":"function"},"attack":[],"mbc":[],"references":[],"examples":[],"description":"managed code calls unmanaged (native) code, often seen in .NET","lib":false,"is_subscope_rule":false,"maec":{}},"source":"rule:\n  meta:\n    name: unmanaged call\n    namespace: runtime\n    authors:\n      - michael.hunhoff@mandiant.com\n    description: managed code calls unmanaged (native) code, often seen in .NET\n    scopes:\n      static: function\n      dynamic: unsupported\n  features:\n    - or:\n      - characteristic: unmanaged call\n      - match: unmanaged call via dynamic PInvoke in .NET\n      - api: System.Runtime.InteropServices.Marshal::GetDelegateForFunctionPointer\n","matches":[[{"type":"dn token","value":100663307},{"success":true,"node":{"type":"statement","statement":{"type":"or"}},"children":[{"success":true,"node":{"type":"feature","feature":{"type":"characteristic","characteristic":"unmanaged call"}},"children":[],"locations":[{"type":"dn token offset","value":[100663307,85]},{"type":"dn token offset","value":[100663307,220]},{"type":"dn token offset","value":[100663307,149]},{"type":"dn token offset","value":[100663307,234]}],"captures":{}},{"success":false,"node":{"type":"feature","feature":{"type":"match","match":"unmanaged call via dynamic PInvoke in .NET"}},"children":[],"locations":[],"captures":{}},{"success":false,"node":{"type":"feature","feature":{"type":"api","api":"System.Runtime.InteropServices.Marshal::GetDelegateForFunctionPointer"}},"children":[],"locations":[],"captures":{}}],"locations":[],"captures":{}}],[{"type":"dn token","value":100663309},{"success":true,"node":{"type":"statement","statement":{"type":"or"}},"children":[{"success":true,"node":{"type":"feature","feature":{"type":"characteristic","characteristic":"unmanaged call"}},"children":[],"locations":[{"type":"dn token offset","value":[100663309,65]},{"type":"dn token offset","value":[100663309,11]}],"captures":{}},{"success":false,"node":{"type":"feature","feature":{"type":"match","match":"unmanaged call via dynamic PInvoke in .NET"}},"children":[],"locations":[],"captures":{}},{"success":false,"node":{"type":"feature","feature":{"type":"api","api":"System.Runtime.InteropServices.Marshal::GetDelegateForFunctionPointer"}},"children":[],"locations":[],"captures":{}}],"locations":[],"captures":{}}],[{"type":"dn token","value":100663310},{"success":true,"node":{"type":"statement","statement":{"type":"or"}},"children":[{"success":true,"node":{"type":"feature","feature":{"type":"characteristic","characteristic":"unmanaged call"}},"children":[],"locations":[{"type":"dn token offset","value":[100663310,90]}],"captures":{}},{"success":false,"node":{"type":"feature","feature":{"type":"match","match":"unmanaged call via dynamic PInvoke in .NET"}},"children":[],"locations":[],"captures":{}},{"success":false,"node":{"type":"feature","feature":{"type":"api","api":"System.Runtime.InteropServices.Marshal::GetDelegateForFunctionPointer"}},"children":[],"locations":[],"captures":{}}],"locations":[],"captures":{}}],[{"type":"dn token","value":100663311},{"success":true,"node":{"type":"statement","statement":{"type":"or"}},"children":[{"success":true,"node":{"type":"feature","feature":{"type":"characteristic","characteristic":"unmanaged call"}},"children":[],"locations":[{"type":"dn token offset","value":[100663311,56]},{"type":"dn token offset","value":[100663311,9]}],"captures":{}},{"success":false,"node":{"type":"feature","feature":{"type":"match","match":"unmanaged call via dynamic PInvoke in .NET"}},"children":[],"locations":[],"captures":{}},{"success":false,"node":{"type":"feature","feature":{"type":"api","api":"System.Runtime.InteropServices.Marshal::GetDelegateForFunctionPointer"}},"children":[],"locations":[],"captures":{}}],"locations":[],"captures":{}}]]},"allocate unmanaged memory in .NET":{"meta":{"name":"allocate unmanaged memory in .NET","namespace":"host-interaction/memory","authors":["michael.hunhoff@mandiant.com"],"scopes":{"static":"function","dynamic":"call"},"attack":[],"mbc":[],"references":[],"examples":[],"description":"","lib":false,"is_subscope_rule":false,"maec":{}},"source":"rule:\n  meta:\n    name: allocate unmanaged memory in .NET\n    namespace: host-interaction/memory\n    authors:\n      - michael.hunhoff@mandiant.com\n    scopes:\n      static: function\n      dynamic: call\n  features:\n    - or:\n      - api: System.Runtime.InteropServices.Marshal::AllocHGlobal\n","matches":[[{"type":"dn token","value":100663310},{"success":true,"node":{"type":"statement","statement":{"type":"or"}},"children":[{"success":true,"node":{"type":"feature","feature":{"type":"api","api":"System.Runtime.InteropServices.Marshal::AllocHGlobal"}},"children":[],"locations":[{"type":"dn token offset","value":[100663310,20]}],"captures":{}}],"locations":[],"captures":{}}],[{"type":"dn token","value":100663345},{"success":true,"node":{"type":"statement","statement":{"type":"or"}},"children":[{"success":true,"node":{"type":"feature","feature":{"type":"api","api":"System.Runtime.InteropServices.Marshal::AllocHGlobal"}},"children":[],"locations":[{"type":"dn token offset","value":[100663345,199]},{"type":"dn token offset","value":[100663345,58]},{"type":"dn token offset","value":[100663345,154]},{"type":"dn token offset","value":[100663345,106]}],"captures":{}}],"locations":[],"captures":{}}]]},"contain loop":{"meta":{"name":"contain loop","authors":["moritz.raabe@mandiant.com"],"scopes":{"static":"function"},"attack":[],"mbc":[],"references":[],"examples":["08AC667C65D36D6542917655571E61C8:0x406EAA"],"description":"","lib":true,"is_subscope_rule":false,"maec":{}},"source":"rule:\n  meta:\n    name: contain loop\n    authors:\n      - moritz.raabe@mandiant.com\n    lib: true\n    scopes:\n      static: function\n      dynamic: unsupported  # requires characteristic features\n    examples:\n      - 08AC667C65D36D6542917655571E61C8:0x406EAA\n  features:\n    - or:\n      - characteristic: loop\n      - characteristic: tight loop\n      - characteristic: recursive call\n","matches":[[{"type":"dn token","value":100663332},{"success":true,"node":{"type":"statement","statement":{"type":"or"}},"children":[{"success":false,"node":{"type":"feature","feature":{"type":"characteristic","characteristic":"loop"}},"children":[],"locations":[],"captures":{}},{"success":false,"node":{"type":"feature","feature":{"type":"characteristic","characteristic":"tight loop"}},"children":[],"locations":[],"captures":{}},{"success":true,"node":{"type":"feature","feature":{"type":"characteristic","characteristic":"recursive call"}},"children":[],"locations":[{"type":"dn token","value":100663332}],"captures":{}}],"locations":[],"captures":{}}],[{"type":"dn token","value":100663334},{"success":true,"node":{"type":"statement","statement":{"type":"or"}},"children":[{"success":false,"node":{"type":"feature","feature":{"type":"characteristic","characteristic":"loop"}},"children":[],"locations":[],"captures":{}},{"success":false,"node":{"type":"feature","feature":{"type":"characteristic","characteristic":"tight loop"}},"children":[],"locations":[],"captures":{}},{"success":true,"node":{"type":"feature","feature":{"type":"characteristic","characteristic":"recursive call"}},"children":[],"locations":[{"type":"dn token","value":100663334}],"captures":{}}],"locations":[],"captures":{}}]]},"compiled to the .NET platform":{"meta":{"name":"compiled to the .NET platform","namespace":"runtime/dotnet","authors":["william.ballenthin@mandiant.com"],"scopes":{"static":"file","dynamic":"file"},"attack":[],"mbc":[],"references":[],"examples":["b9f5bd514485fb06da39beff051b9fdc"],"description":"","lib":false,"is_subscope_rule":false,"maec":{}},"source":"rule:\n  meta:\n    name: compiled to the .NET platform\n    namespace: runtime/dotnet\n    authors:\n      - william.ballenthin@mandiant.com\n    scopes:\n      static: file\n      dynamic: file\n    examples:\n      - b9f5bd514485fb06da39beff051b9fdc\n  features:\n    - or:\n      - format: dotnet\n      - import: mscoree._CorExeMain\n      - import: mscoree._corexemain\n      - import: mscoree._CorDllMain\n      - import: mscoree._cordllmain\n","matches":[[{"type":"no address"},{"success":true,"node":{"type":"statement","statement":{"type":"or"}},"children":[{"success":true,"node":{"type":"feature","feature":{"type":"format","format":"dotnet"}},"children":[],"locations":[{"type":"no address"}],"captures":{}},{"success":false,"node":{"type":"feature","feature":{"type":"import","import_":"mscoree._CorExeMain"}},"children":[],"locations":[],"captures":{}},{"success":false,"node":{"type":"feature","feature":{"type":"import","import_":"mscoree._corexemain"}},"children":[],"locations":[],"captures":{}},{"success":false,"node":{"type":"feature","feature":{"type":"import","import_":"mscoree._CorDllMain"}},"children":[],"locations":[],"captures":{}},{"success":false,"node":{"type":"feature","feature":{"type":"import","import_":"mscoree._cordllmain"}},"children":[],"locations":[],"captures":{}}],"locations":[],"captures":{}}]]},"contains PDB path":{"meta":{"name":"contains PDB path","namespace":"executable/pe/pdb","authors":["moritz.raabe@mandiant.com"],"scopes":{"static":"file","dynamic":"file"},"attack":[],"mbc":[],"references":[],"examples":["464EF2CA59782CE697BC329713698CCC"],"description":"","lib":false,"is_subscope_rule":false,"maec":{}},"source":"rule:\n  meta:\n    name: contains PDB path\n    namespace: executable/pe/pdb\n    authors:\n      - moritz.raabe@mandiant.com\n    scopes:\n      static: file\n      dynamic: file\n    examples:\n      - 464EF2CA59782CE697BC329713698CCC  # level32.exe\n  features:\n    - string: /:\\\\.*\\.pdb/\n","matches":[[{"type":"no address"},{"success":true,"node":{"type":"feature","feature":{"type":"regex","regex":"/:\\\\.*\\.pdb/"}},"children":[],"locations":[{"type":"file","value":19848}],"captures":{"C:\\Users\\User\\source\\repos\\passrecover\\passrecover\\obj\\Release\\passrecover.pdb":[{"type":"file","value":19848}]}}]]}}}
