{"meta":{"timestamp":"2024-11-17T18:43:47.200801","version":"7.4.0","argv":["--os","windows","-j","./samples/wiper/36cc72c55f572fe02836f25516d18fed1de768e7f29af7bdf469b52a3fe2531f"],"sample":{"md5":"f9431cf3abcc85da8431f5480ee68f08","sha1":"720c467046514f7376473b11271ebcb8d0a7e439","sha256":"36cc72c55f572fe02836f25516d18fed1de768e7f29af7bdf469b52a3fe2531f","path":"/samples/wiper/36cc72c55f572fe02836f25516d18fed1de768e7f29af7bdf469b52a3fe2531f"},"flavor":"static","analysis":{"format":"pe","arch":"i386","os":"windows","extractor":"VivisectFeatureExtractor","rules":["/tmp/_MEIyGQi3u/rules"],"base_address":{"type":"absolute","value":4194304},"layout":{"functions":[{"address":{"type":"absolute","value":4198416},"matched_basic_blocks":[{"address":{"type":"absolute","value":4198416}},{"address":{"type":"absolute","value":4198544}}]},{"address":{"type":"absolute","value":4198592},"matched_basic_blocks":[{"address":{"type":"absolute","value":4198592}}]},{"address":{"type":"absolute","value":4198641},"matched_basic_blocks":[{"address":{"type":"absolute","value":4199309}},{"address":{"type":"absolute","value":4199314}}]},{"address":{"type":"absolute","value":4200911},"matched_basic_blocks":[{"address":{"type":"absolute","value":4200944}}]},{"address":{"type":"absolute","value":4201520},"matched_basic_blocks":[{"address":{"type":"absolute","value":4199309}},{"address":{"type":"absolute","value":4199314}}]},{"address":{"type":"absolute","value":4205392},"matched_basic_blocks":[{"address":{"type":"absolute","value":4205392}},{"address":{"type":"absolute","value":4205464}}]},{"address":{"type":"absolute","value":4207403},"matched_basic_blocks":[{"address":{"type":"absolute","value":4207468}},{"address":{"type":"absolute","value":4207621}},{"address":{"type":"absolute","value":4207640}}]},{"address":{"type":"absolute","value":4207818},"matched_basic_blocks":[{"address":{"type":"absolute","value":4207835}}]},{"address":{"type":"absolute","value":4207857},"matched_basic_blocks":[{"address":{"type":"absolute","value":4207999}},{"address":{"type":"absolute","value":4208013}},{"address":{"type":"absolute","value":4208213}},{"address":{"type":"absolute","value":4208233}},{"address":{"type":"absolute","value":4208674}},{"address":{"type":"absolute","value":4208708}},{"address":{"type":"absolute","value":4208756}},{"address":{"type":"absolute","value":4208764}},{"address":{"type":"absolute","value":4208798}},{"address":{"type":"absolute","value":4208808}}]},{"address":{"type":"absolute","value":4208233},"matched_basic_blocks":[{"address":{"type":"absolute","value":4208233}},{"address":{"type":"absolute","value":4208674}},{"address":{"type":"absolute","value":4208708}},{"address":{"type":"absolute","value":4208756}},{"address":{"type":"absolute","value":4208764}},{"address":{"type":"absolute","value":4208798}},{"address":{"type":"absolute","value":4208808}}]},{"address":{"type":"absolute","value":4208838},"matched_basic_blocks":[{"address":{"type":"absolute","value":4208855}}]},{"address":{"type":"absolute","value":4209587},"matched_basic_blocks":[{"address":{"type":"absolute","value":4209656}},{"address":{"type":"absolute","value":4209679}},{"address":{"type":"absolute","value":4209708}},{"address":{"type":"absolute","value":4209737}},{"address":{"type":"absolute","value":4209906}}]},{"address":{"type":"absolute","value":4210099},"matched_basic_blocks":[{"address":{"type":"absolute","value":4210099}},{"address":{"type":"absolute","value":4210132}}]},{"address":{"type":"absolute","value":4213095},"matched_basic_blocks":[{"address":{"type":"absolute","value":4213095}}]},{"address":{"type":"absolute","value":4218081},"matched_basic_blocks":[{"address":{"type":"absolute","value":4218081}}]},{"address":{"type":"absolute","value":4223563},"matched_basic_blocks":[{"address":{"type":"absolute","value":4223563}}]},{"address":{"type":"absolute","value":4223583},"matched_basic_blocks":[{"address":{"type":"absolute","value":4223583}}]},{"address":{"type":"absolute","value":4224421},"matched_basic_blocks":[{"address":{"type":"absolute","value":4224502}},{"address":{"type":"absolute","value":4224568}}]},{"address":{"type":"absolute","value":4226017},"matched_basic_blocks":[{"address":{"type":"absolute","value":4226017}}]},{"address":{"type":"absolute","value":4226077},"matched_basic_blocks":[{"address":{"type":"absolute","value":4226077}}]},{"address":{"type":"absolute","value":4226306},"matched_basic_blocks":[{"address":{"type":"absolute","value":4224748}},{"address":{"type":"absolute","value":4224770}},{"address":{"type":"absolute","value":4224797}},{"address":{"type":"absolute","value":4224818}},{"address":{"type":"absolute","value":4224874}},{"address":{"type":"absolute","value":4224902}},{"address":{"type":"absolute","value":4224992}},{"address":{"type":"absolute","value":4225027}},{"address":{"type":"absolute","value":4225073}}]},{"address":{"type":"absolute","value":4230225},"matched_basic_blocks":[{"address":{"type":"absolute","value":4229498}},{"address":{"type":"absolute","value":4229541}},{"address":{"type":"absolute","value":4229655}},{"address":{"type":"absolute","value":4229704}},{"address":{"type":"absolute","value":4229732}},{"address":{"type":"absolute","value":4229796}},{"address":{"type":"absolute","value":4229820}},{"address":{"type":"absolute","value":4229839}}]},{"address":{"type":"absolute","value":4230301},"matched_basic_blocks":[{"address":{"type":"absolute","value":4230301}}]},{"address":{"type":"absolute","value":4230373},"matched_basic_blocks":[{"address":{"type":"absolute","value":4230373}}]},{"address":{"type":"absolute","value":4230779},"matched_basic_blocks":[{"address":{"type":"absolute","value":4230779}}]},{"address":{"type":"absolute","value":4230814},"matched_basic_blocks":[{"address":{"type":"absolute","value":4230814}}]},{"address":{"type":"absolute","value":4233014},"matched_basic_blocks":[{"address":{"type":"absolute","value":4233014}}]},{"address":{"type":"absolute","value":4233040},"matched_basic_blocks":[{"address":{"type":"absolute","value":4233040}}]},{"address":{"type":"absolute","value":4233066},"matched_basic_blocks":[{"address":{"type":"absolute","value":4233066}}]},{"address":{"type":"absolute","value":4233092},"matched_basic_blocks":[{"address":{"type":"absolute","value":4233092}}]},{"address":{"type":"absolute","value":4246641},"matched_basic_blocks":[{"address":{"type":"absolute","value":4246542}}]},{"address":{"type":"absolute","value":4250413},"matched_basic_blocks":[{"address":{"type":"absolute","value":4250562}}]},{"address":{"type":"absolute","value":4255678},"matched_basic_blocks":[{"address":{"type":"absolute","value":4255683}},{"address":{"type":"absolute","value":4255832}},{"address":{"type":"absolute","value":4256172}},{"address":{"type":"absolute","value":4256202}}]},{"address":{"type":"absolute","value":4259201},"matched_basic_blocks":[{"address":{"type":"absolute","value":4259201}}]},{"address":{"type":"absolute","value":4263232},"matched_basic_blocks":[{"address":{"type":"absolute","value":4263248}},{"address":{"type":"absolute","value":4263265}},{"address":{"type":"absolute","value":4263312}}]}]},"feature_counts":{"file":2088,"functions":[{"address":{"type":"absolute","value":4198400},"count":7},{"address":{"type":"absolute","value":4198416},"count":49},{"address":{"type":"absolute","value":4198592},"count":29},{"address":{"type":"absolute","value":4198641},"count":52},{"address":{"type":"absolute","value":4198834},"count":11},{"address":{"type":"absolute","value":4199147},"count":14},{"address":{"type":"absolute","value":4199167},"count":29},{"address":{"type":"absolute","value":4199949},"count":14},{"address":{"type":"absolute","value":4199968},"count":14},{"address":{"type":"absolute","value":4200283},"count":7},{"address":{"type":"absolute","value":4200308},"count":8},{"address":{"type":"absolute","value":4200344},"count":8},{"address":{"type":"absolute","value":4200347},"count":7},{"address":{"type":"absolute","value":4200394},"count":7},{"address":{"type":"absolute","value":4200400},"count":7},{"address":{"type":"absolute","value":4200761},"count":11},{"address":{"type":"absolute","value":4200859},"count":9},{"address":{"type":"absolute","value":4200911},"count":27},{"address":{"type":"absolute","value":4202084},"count":10},{"address":{"type":"absolute","value":4202098},"count":14},{"address":{"type":"absolute","value":4203440},"count":8},{"address":{"type":"absolute","value":4205392},"count":66},{"address":{"type":"absolute","value":4207403},"count":85},{"address":{"type":"absolute","value":4207760},"count":24},{"address":{"type":"absolute","value":4207818},"count":44},{"address":{"type":"absolute","value":4207857},"count":221},{"address":{"type":"absolute","value":4208233},"count":153},{"address":{"type":"absolute","value":4208838},"count":45},{"address":{"type":"absolute","value":4209587},"count":106},{"address":{"type":"absolute","value":4210044},"count":34},{"address":{"type":"absolute","value":4210075},"count":22},{"address":{"type":"absolute","value":4210099},"count":58},{"address":{"type":"absolute","value":4211083},"count":7},{"address":{"type":"absolute","value":4212017},"count":16},{"address":{"type":"absolute","value":4212571},"count":15},{"address":{"type":"absolute","value":4212598},"count":15},{"address":{"type":"absolute","value":4212625},"count":17},{"address":{"type":"absolute","value":4212685},"count":11},{"address":{"type":"absolute","value":4212825},"count":29},{"address":{"type":"absolute","value":4212890},"count":13},{"address":{"type":"absolute","value":4213095},"count":15},{"address":{"type":"absolute","value":4213111},"count":7},{"address":{"type":"absolute","value":4213601},"count":7},{"address":{"type":"absolute","value":4213607},"count":7},{"address":{"type":"absolute","value":4213711},"count":13},{"address":{"type":"absolute","value":4213723},"count":12},{"address":{"type":"absolute","value":4213871},"count":8},{"address":{"type":"absolute","value":4213931},"count":27},{"address":{"type":"absolute","value":4214007},"count":12},{"address":{"type":"absolute","value":4214010},"count":13},{"address":{"type":"absolute","value":4214022},"count":27},{"address":{"type":"absolute","value":4214098},"count":12},{"address":{"type":"absolute","value":4214101},"count":13},{"address":{"type":"absolute","value":4214628},"count":13},{"address":{"type":"absolute","value":4214787},"count":10},{"address":{"type":"absolute","value":4215239},"count":7},{"address":{"type":"absolute","value":4215243},"count":9},{"address":{"type":"absolute","value":4217918},"count":31},{"address":{"type":"absolute","value":4218081},"count":19},{"address":{"type":"absolute","value":4218973},"count":13},{"address":{"type":"absolute","value":4219080},"count":13},{"address":{"type":"absolute","value":4219165},"count":13},{"address":{"type":"absolute","value":4219255},"count":13},{"address":{"type":"absolute","value":4220327},"count":23},{"address":{"type":"absolute","value":4220372},"count":21},{"address":{"type":"absolute","value":4223563},"count":18},{"address":{"type":"absolute","value":4223583},"count":18},{"address":{"type":"absolute","value":4224070},"count":12},{"address":{"type":"absolute","value":4224073},"count":12},{"address":{"type":"absolute","value":4224421},"count":44},{"address":{"type":"absolute","value":4226017},"count":35},{"address":{"type":"absolute","value":4226077},"count":37},{"address":{"type":"absolute","value":4226306},"count":76},{"address":{"type":"absolute","value":4226736},"count":29},{"address":{"type":"absolute","value":4226801},"count":13},{"address":{"type":"absolute","value":4228004},"count":12},{"address":{"type":"absolute","value":4228007},"count":12},{"address":{"type":"absolute","value":4228112},"count":13},{"address":{"type":"absolute","value":4230114},"count":14},{"address":{"type":"absolute","value":4230225},"count":82},{"address":{"type":"absolute","value":4230301},"count":17},{"address":{"type":"absolute","value":4230373},"count":17},{"address":{"type":"absolute","value":4230767},"count":12},{"address":{"type":"absolute","value":4230770},"count":12},{"address":{"type":"absolute","value":4230779},"count":26},{"address":{"type":"absolute","value":4230814},"count":26},{"address":{"type":"absolute","value":4232898},"count":12},{"address":{"type":"absolute","value":4232901},"count":12},{"address":{"type":"absolute","value":4233014},"count":16},{"address":{"type":"absolute","value":4233040},"count":16},{"address":{"type":"absolute","value":4233066},"count":16},{"address":{"type":"absolute","value":4233092},"count":16},{"address":{"type":"absolute","value":4233543},"count":24},{"address":{"type":"absolute","value":4233966},"count":24},{"address":{"type":"absolute","value":4234331},"count":11},{"address":{"type":"absolute","value":4234634},"count":12},{"address":{"type":"absolute","value":4234637},"count":12},{"address":{"type":"absolute","value":4234731},"count":12},{"address":{"type":"absolute","value":4234734},"count":13},{"address":{"type":"absolute","value":4234891},"count":9},{"address":{"type":"absolute","value":4235308},"count":22},{"address":{"type":"absolute","value":4235317},"count":20},{"address":{"type":"absolute","value":4235548},"count":13},{"address":{"type":"absolute","value":4235720},"count":13},{"address":{"type":"absolute","value":4236070},"count":13},{"address":{"type":"absolute","value":4245038},"count":12},{"address":{"type":"absolute","value":4246641},"count":44},{"address":{"type":"absolute","value":4248358},"count":12},{"address":{"type":"absolute","value":4248361},"count":13},{"address":{"type":"absolute","value":4250413},"count":64},{"address":{"type":"absolute","value":4250598},"count":10},{"address":{"type":"absolute","value":4250604},"count":10},{"address":{"type":"absolute","value":4251183},"count":17},{"address":{"type":"absolute","value":4251421},"count":13},{"address":{"type":"absolute","value":4254504},"count":10},{"address":{"type":"absolute","value":4254507},"count":10},{"address":{"type":"absolute","value":4255626},"count":13},{"address":{"type":"absolute","value":4255678},"count":114},{"address":{"type":"absolute","value":4256640},"count":11},{"address":{"type":"absolute","value":4257184},"count":15},{"address":{"type":"absolute","value":4257484},"count":14},{"address":{"type":"absolute","value":4257576},"count":14},{"address":{"type":"absolute","value":4258729},"count":12},{"address":{"type":"absolute","value":4258732},"count":13},{"address":{"type":"absolute","value":4259201},"count":20},{"address":{"type":"absolute","value":4259232},"count":18},{"address":{"type":"absolute","value":4259263},"count":18},{"address":{"type":"absolute","value":4262553},"count":14},{"address":{"type":"absolute","value":4262572},"count":13},{"address":{"type":"absolute","value":4263232},"count":64}]},"library_functions":[{"address":{"type":"absolute","value":4198826},"name":"?post_pgo_initialization@@YAHXZ"},{"address":{"type":"absolute","value":4199238},"name":"_mainCRTStartup"},{"address":{"type":"absolute","value":4199248},"name":"___raise_securityfailure"},{"address":{"type":"absolute","value":4199538},"name":"?find_pe_section@@YAPAU_IMAGE_SECTION_HEADER@@QAEI@Z"},{"address":{"type":"absolute","value":4199606},"name":"___scrt_acquire_startup_lock"},{"address":{"type":"absolute","value":4199656},"name":"___scrt_initialize_crt"},{"address":{"type":"absolute","value":4199713},"name":"___scrt_initialize_onexit_tables"},{"address":{"type":"absolute","value":4199848},"name":"___scrt_is_nonwritable_in_current_image"},{"address":{"type":"absolute","value":4199996},"name":"___scrt_release_startup_lock"},{"address":{"type":"absolute","value":4200025},"name":"___scrt_uninitialize_crt"},{"address":{"type":"absolute","value":4200065},"name":"__onexit"},{"address":{"type":"absolute","value":4200110},"name":"_atexit"},{"address":{"type":"absolute","value":4200131},"name":"___get_entropy"},{"address":{"type":"absolute","value":4200208},"name":"___security_init_cookie"},{"address":{"type":"absolute","value":4200353},"name":"___scrt_initialize_default_local_stdio_options"},{"address":{"type":"absolute","value":4200406},"name":"___scrt_fastfail"},{"address":{"type":"absolute","value":4200694},"name":"?"},{"address":{"type":"absolute","value":4200773},"name":"___scrt_unhandled_exception_filter@4"},{"address":{"type":"absolute","value":4200960},"name":"__SEH_prolog4"},{"address":{"type":"absolute","value":4201029},"name":"___isa_available_init"},{"address":{"type":"absolute","value":4201494},"name":"_Curl_tls_keylog_enabled"},{"address":{"type":"absolute","value":4201520},"name":"_ValidateLocalCookies"},{"address":{"type":"absolute","value":4201584},"name":"__except_handler4"},{"address":{"type":"absolute","value":4201934},"name":"___vcrt_initialize"},{"address":{"type":"absolute","value":4201965},"name":"___vcrt_uninitialize"},{"address":{"type":"absolute","value":4201988},"name":"___DestructExceptionObject"},{"address":{"type":"absolute","value":4202149},"name":"?_CallMemberFunction0@@YGXQAX0@Z"},{"address":{"type":"absolute","value":4202162},"name":"?_FilterSetCurrentException@@YAKPAU_EXCEPTION_POINTERS@@E@Z"},{"address":{"type":"absolute","value":4202250},"name":"___current_exception"},{"address":{"type":"absolute","value":4202259},"name":"___current_exception_context"},{"address":{"type":"absolute","value":4202272},"name":"_memset"},{"address":{"type":"absolute","value":4202624},"name":"__local_unwind4"},{"address":{"type":"absolute","value":4202784},"name":"__unwind_handler4"},{"address":{"type":"absolute","value":4202864},"name":"@_EH4_CallFilterFunc@8"},{"address":{"type":"absolute","value":4202896},"name":"@_EH4_TransferToHandler@8"},{"address":{"type":"absolute","value":4202928},"name":"@_EH4_GlobalUnwind2@8"},{"address":{"type":"absolute","value":4202960},"name":"@_EH4_LocalUnwind@16"},{"address":{"type":"absolute","value":4202983},"name":"___except_validate_context_record"},{"address":{"type":"absolute","value":4203031},"name":"___vcrt_freefls@4"},{"address":{"type":"absolute","value":4203059},"name":"___vcrt_getptd"},{"address":{"type":"absolute","value":4203073},"name":"___vcrt_getptd_noexit"},{"address":{"type":"absolute","value":4203219},"name":"___vcrt_initialize_ptd"},{"address":{"type":"absolute","value":4203270},"name":"___vcrt_uninitialize_ptd"},{"address":{"type":"absolute","value":4203297},"name":"___vcrt_initialize_locks"},{"address":{"type":"absolute","value":4203357},"name":"___vcrt_uninitialize_locks"},{"address":{"type":"absolute","value":4203408},"name":"__NLG_Notify"},{"address":{"type":"absolute","value":4203443},"name":"?try_get_first_available_module@@YAPAUHINSTANCE__@@QBW4module_id@?A0xff77374e@@0@Z"},{"address":{"type":"absolute","value":4203597},"name":"?try_get_function@@YAPAXW4function_id@?A0xff77374e@@QBDQBW4module_id@2@2@Z"},{"address":{"type":"absolute","value":4203670},"name":"___vcrt_FlsAlloc"},{"address":{"type":"absolute","value":4203729},"name":"___vcrt_FlsFree"},{"address":{"type":"absolute","value":4203788},"name":"___vcrt_FlsGetValue"},{"address":{"type":"absolute","value":4203847},"name":"___vcrt_FlsSetValue"},{"address":{"type":"absolute","value":4203909},"name":"___vcrt_InitializeCriticalSectionEx"},{"address":{"type":"absolute","value":4203984},"name":"?"},{"address":{"type":"absolute","value":4204588},"name":"?"},{"address":{"type":"absolute","value":4204652},"name":"?"},{"address":{"type":"absolute","value":4204828},"name":"?"},{"address":{"type":"absolute","value":4205783},"name":"??$common_vsprintf_s@_W@@YAH_KQA_WIQB_WQAU__crt_locale_pointers@@QAD@Z"},{"address":{"type":"absolute","value":4205905},"name":"??$count@D@formatting_buffer@__crt_stdio_output@@QBEIXZ"},{"address":{"type":"absolute","value":4205929},"name":"??$count@_W@formatting_buffer@__crt_stdio_output@@QBEIXZ"},{"address":{"type":"absolute","value":4205954},"name":"??$ensure_buffer_is_big_enough@D@formatting_buffer@__crt_stdio_output@@QAE_NI@Z"},{"address":{"type":"absolute","value":4206079},"name":"??$ensure_buffer_is_big_enough@_W@formatting_buffer@__crt_stdio_output@@QAE_NI@Z"},{"address":{"type":"absolute","value":4206205},"name":"??$is_wide_character_specifier@_W@__crt_stdio_output@@YA_N_K_WW4length_modifier@0@@Z"},{"address":{"type":"absolute","value":4206283},"name":"??$scratch_data@D@formatting_buffer@__crt_stdio_output@@QAEPADXZ"},{"address":{"type":"absolute","value":4206313},"name":"?"},{"address":{"type":"absolute","value":4206448},"name":"?"},{"address":{"type":"absolute","value":4206610},"name":"??$write_multiple_characters@V?$string_output_adapter@_W@__crt_stdio_output@@D@__crt_stdio_output@@YAXABV?$string_output_adapter@_W@0@DHQAH@Z"},{"address":{"type":"absolute","value":4206659},"name":"??0?$common_data@_W@__crt_stdio_output@@IAE@XZ"},{"address":{"type":"absolute","value":4206733},"name":"?"},{"address":{"type":"absolute","value":4206793},"name":"??0_LocaleUpdate@@QAE@QAU__crt_locale_pointers@@@Z"},{"address":{"type":"absolute","value":4206924},"name":"??1formatting_buffer@__crt_stdio_output@@QAE@XZ"},{"address":{"type":"absolute","value":4206950},"name":"?"},{"address":{"type":"absolute","value":4206992},"name":"?crop_zeroes@__crt_stdio_output@@YAXPADQAU__crt_locale_pointers@@@Z"},{"address":{"type":"absolute","value":4207121},"name":"?"},{"address":{"type":"absolute","value":4207184},"name":"?force_decimal_point@__crt_stdio_output@@YAXPADQAU__crt_locale_pointers@@@Z"},{"address":{"type":"absolute","value":4207285},"name":"?"},{"address":{"type":"absolute","value":4207699},"name":"?"},{"address":{"type":"absolute","value":4207791},"name":"?"},{"address":{"type":"absolute","value":4208896},"name":"?to_integer_size@__crt_stdio_output@@YAIW4length_modifier@1@@Z"},{"address":{"type":"absolute","value":4208988},"name":"?"},{"address":{"type":"absolute","value":4209078},"name":"?"},{"address":{"type":"absolute","value":4209437},"name":"?"},{"address":{"type":"absolute","value":4209928},"name":"?"},{"address":{"type":"absolute","value":4210214},"name":"?"},{"address":{"type":"absolute","value":4210285},"name":"?"},{"address":{"type":"absolute","value":4210312},"name":"?"},{"address":{"type":"absolute","value":4210346},"name":"?write_character@?$string_output_adapter@_W@__crt_stdio_output@@QBE_N_WQAH@Z"},{"address":{"type":"absolute","value":4210415},"name":"?"},{"address":{"type":"absolute","value":4210556},"name":"?write_string@?$string_output_adapter@_W@__crt_stdio_output@@QBEXQB_WHQAHAAV__crt_deferred_errno_cache@@@Z"},{"address":{"type":"absolute","value":4210669},"name":"___acrt_locale_get_ctype_array_value"},{"address":{"type":"absolute","value":4210703},"name":"___stdio_common_vswprintf_s"},{"address":{"type":"absolute","value":4210739},"name":"__seh_filter_exe"},{"address":{"type":"absolute","value":4211089},"name":"?AFXSetTopLevelFrame@@YAXPAVCFrameWnd@@@Z"},{"address":{"type":"absolute","value":4211104},"name":"?"},{"address":{"type":"absolute","value":4211135},"name":"___acrt_has_user_matherr"},{"address":{"type":"absolute","value":4211159},"name":"?AFXSetTopLevelFrame@@YAXPAVCFrameWnd@@@Z"},{"address":{"type":"absolute","value":4211174},"name":"___acrt_invoke_user_matherr"},{"address":{"type":"absolute","value":4211224},"name":"___setusermatherr"},{"address":{"type":"absolute","value":4211245},"name":"??$common_configure_argv@D@@YAHW4_crt_argv_mode@@@Z"},{"address":{"type":"absolute","value":4211555},"name":"??$parse_command_line@D@@YAXPADPAPAD0PAI2@Z"},{"address":{"type":"absolute","value":4211927},"name":"___acrt_allocate_buffer_for_argv"},{"address":{"type":"absolute","value":4212006},"name":"__configure_narrow_argv"},{"address":{"type":"absolute","value":4212061},"name":"??$common_initialize_environment_nolock@D@@YAHXZ"},{"address":{"type":"absolute","value":4212144},"name":"??$create_environment@D@@YAQAPADQAD@Z"},{"address":{"type":"absolute","value":4212352},"name":"?"},{"address":{"type":"absolute","value":4212399},"name":"??$initialize_environment_by_cloning_nolock@D@@YAHXZ"},{"address":{"type":"absolute","value":4212530},"name":"?"},{"address":{"type":"absolute","value":4212630},"name":"___dcrt_uninitialize_environments_nolock"},{"address":{"type":"absolute","value":4212710},"name":"__initterm"},{"address":{"type":"absolute","value":4212779},"name":"__initterm_e"},{"address":{"type":"absolute","value":4212902},"name":"??R<lambda_6e4b09c48022b2350581041d5f6b0c4c>@@QBE@XZ"},{"address":{"type":"absolute","value":4213120},"name":"?atexit_exception_filter@@YAHK@Z"},{"address":{"type":"absolute","value":4213139},"name":"?common_exit@@YAXHW4_crt_exit_cleanup_mode@@W4_crt_exit_return_mode@@@Z"},{"address":{"type":"absolute","value":4213239},"name":"?exit_or_terminate_process@@YAXI@Z"},{"address":{"type":"absolute","value":4213305},"name":"?try_cor_exit_process@@YAXI@Z"},{"address":{"type":"absolute","value":4213388},"name":"?AFXSetTopLevelFrame@@YAXPAVCFrameWnd@@@Z"},{"address":{"type":"absolute","value":4213403},"name":"__c_exit"},{"address":{"type":"absolute","value":4213418},"name":"__cexit"},{"address":{"type":"absolute","value":4213433},"name":"?"},{"address":{"type":"absolute","value":4213455},"name":"__register_thread_local_exe_atexit_callback"},{"address":{"type":"absolute","value":4213493},"name":"_exit"},{"address":{"type":"absolute","value":4213515},"name":"__set_fmode"},{"address":{"type":"absolute","value":4213576},"name":"___acrt_initialize_command_line"},{"address":{"type":"absolute","value":4213613},"name":"??$?RV<lambda_e5124f882df8998aaf41531e079ba474>@@AAV<lambda_3e16ef9562a7dcce91392c22ab16ea36>@@V<lambda_e25ca0880e6ef98be67edffd8c599615>@@@?$__crt_seh_guarded_call@X@@QAEX$$QAV<lambda_e5124f882df8998aaf41531e079ba474>@@AAV<lambda_3e16ef9562a7dcce91392c22ab16ea36>@@$$QAV<lambda_e25ca0880e6ef98be67edffd8c599615>@@@Z"},{"address":{"type":"absolute","value":4213734},"name":"___acrt_uninitialize_locale"},{"address":{"type":"absolute","value":4213773},"name":"__configthreadlocale"},{"address":{"type":"absolute","value":4213878},"name":"__set_new_mode"},{"address":{"type":"absolute","value":4214113},"name":"??R<lambda_22ebabd17bc4fa466a2aca6d8deb888d>@@QBEHXZ"},{"address":{"type":"absolute","value":4214410},"name":"??R<lambda_f03950bc5685219e0bcd2087efbe011e>@@QBEHXZ"},{"address":{"type":"absolute","value":4214650},"name":"__execute_onexit_table"},{"address":{"type":"absolute","value":4214695},"name":"__initialize_onexit_table"},{"address":{"type":"absolute","value":4214736},"name":"__register_onexit_function"},{"address":{"type":"absolute","value":4214800},"name":"_initialize_c"},{"address":{"type":"absolute","value":4214826},"name":"_uninitialize_environment"},{"address":{"type":"absolute","value":4214834},"name":"_initialize_pointers"},{"address":{"type":"absolute","value":4214880},"name":"_uninitialize_vcruntime"},{"address":{"type":"absolute","value":4214889},"name":"_uninitialize_allocated_memory"},{"address":{"type":"absolute","value":4214912},"name":"_uninitialize_allocated_io_buffers"},{"address":{"type":"absolute","value":4214992},"name":"??R<lambda_af42a3ee9806e9a7305d451646e05244>@@QBEXAAPAU__crt_multibyte_data@@@Z"},{"address":{"type":"absolute","value":4215038},"name":"___acrt_initialize"},{"address":{"type":"absolute","value":4215056},"name":"___acrt_uninitialize"},{"address":{"type":"absolute","value":4215104},"name":"__controlfp_s"},{"address":{"type":"absolute","value":4215199},"name":"_terminate"},{"address":{"type":"absolute","value":4215259},"name":"_free"},{"address":{"type":"absolute","value":4215286},"name":"_strcpy_s"},{"address":{"type":"absolute","value":4215376},"name":"_abort"},{"address":{"type":"absolute","value":4215444},"name":"_calloc"},{"address":{"type":"absolute","value":4215455},"name":"??$is_overflow_condition@K@__crt_strtox@@YA_NIK@Z"},{"address":{"type":"absolute","value":4215504},"name":"??$parse_integer@KV?$c_string_character_source@_W@__crt_strtox@@@__crt_strtox@@YAKQAU__crt_locale_pointers@@V?$c_string_character_source@_W@0@H_N@Z"},{"address":{"type":"absolute","value":4217048},"name":"?unget@?$c_string_character_source@_W@__crt_strtox@@QAEX_W@Z"},{"address":{"type":"absolute","value":4217224},"name":"_wcsncmp"},{"address":{"type":"absolute","value":4217282},"name":"___acrt_call_reportfault"},{"address":{"type":"absolute","value":4217595},"name":"?AFXSetTopLevelFrame@@YAXPAVCFrameWnd@@@Z"},{"address":{"type":"absolute","value":4217610},"name":"__invalid_parameter"},{"address":{"type":"absolute","value":4217710},"name":"__invalid_parameter_noinfo"},{"address":{"type":"absolute","value":4217726},"name":"__invoke_watson"},{"address":{"type":"absolute","value":4217778},"name":"___acrt_errno_from_os_error"},{"address":{"type":"absolute","value":4217845},"name":"___acrt_errno_map_os_error"},{"address":{"type":"absolute","value":4217880},"name":"___doserrno"},{"address":{"type":"absolute","value":4217899},"name":"__errno"},{"address":{"type":"absolute","value":4217976},"name":"__malloc_base"},{"address":{"type":"absolute","value":4218054},"name":"?"},{"address":{"type":"absolute","value":4218123},"name":"__mbtowc_l"},{"address":{"type":"absolute","value":4218445},"name":"_mbtowc"},{"address":{"type":"absolute","value":4218471},"name":"_wcsnlen"},{"address":{"type":"absolute","value":4218903},"name":"??$?RV<lambda_15ade71b0218206bbe3333a0c9b79046>@@AAV<lambda_da44e0f8b0f19ba52fefafb335991732>@@V<lambda_207f2d024fc103971653565357d6cd41>@@@?$__crt_seh_guarded_call@X@@QAEX$$QAV<lambda_15ade71b0218206bbe3333a0c9b79046>@@AAV<lambda_da44e0f8b0f19ba52fefafb335991732>@@$$QAV<lambda_207f2d024fc103971653565357d6cd41>@@@Z"},{"address":{"type":"absolute","value":4218985},"name":"??$?RV<lambda_38edbb1296d33220d7e4dd0ed76b244a>@@AAV<lambda_5ce1d447e08cb34b2473517608e21441>@@V<lambda_fb385d3da700c9147fc39e65dd577a8c>@@@?$__crt_seh_guarded_call@X@@QAEX$$QAV<lambda_38edbb1296d33220d7e4dd0ed76b244a>@@AAV<lambda_5ce1d447e08cb34b2473517608e21441>@@$$QAV<lambda_fb385d3da700c9147fc39e65dd577a8c>@@@Z"},{"address":{"type":"absolute","value":4219092},"name":"??$?RV<lambda_6affb1475c98b40b75cdec977db92e3c>@@AAV<lambda_b8d4b9c228a6ecc3f80208dbb4b4a104>@@V<lambda_608742c3c92a14382c1684fc64f96c88>@@@?$__crt_seh_guarded_call@X@@QAEX$$QAV<lambda_6affb1475c98b40b75cdec977db92e3c>@@AAV<lambda_b8d4b9c228a6ecc3f80208dbb4b4a104>@@$$QAV<lambda_608742c3c92a14382c1684fc64f96c88>@@@Z"},{"address":{"type":"absolute","value":4219177},"name":"??$?RV<lambda_a7e850c220f1c8d1e6efeecdedd162c6>@@AAV<lambda_46720907175c18b6c9d2717bc0d2d362>@@V<lambda_9048902d66e8d99359bc9897bbb930a8>@@@?$__crt_seh_guarded_call@X@@QAEX$$QAV<lambda_a7e850c220f1c8d1e6efeecdedd162c6>@@AAV<lambda_46720907175c18b6c9d2717bc0d2d362>@@$$QAV<lambda_9048902d66e8d99359bc9897bbb930a8>@@@Z"},{"address":{"type":"absolute","value":4219267},"name":"?construct_ptd@@YAXQAU__acrt_ptd@@QAPAU__crt_locale_data@@@Z"},{"address":{"type":"absolute","value":4219420},"name":"?destroy_fls@@YGXPAX@Z"},{"address":{"type":"absolute","value":4219453},"name":"?destroy_ptd@@YAXQAU__acrt_ptd@@@Z"},{"address":{"type":"absolute","value":4219658},"name":"?replace_current_thread_locale_nolock@@YAXQAU__acrt_ptd@@QAU__crt_locale_data@@@Z"},{"address":{"type":"absolute","value":4219733},"name":"___acrt_getptd"},{"address":{"type":"absolute","value":4219922},"name":"___acrt_getptd_head"},{"address":{"type":"absolute","value":4220076},"name":"___acrt_getptd_noexit"},{"address":{"type":"absolute","value":4220257},"name":"___acrt_initialize_ptd"},{"address":{"type":"absolute","value":4220301},"name":"___acrt_uninitialize_ptd"},{"address":{"type":"absolute","value":4220417},"name":"?__acrt_fp_classify@@YA?AW4__acrt_fp_class@@ABN@Z"},{"address":{"type":"absolute","value":4220515},"name":"?fe_to_nearest@@YA_NQBN_KF@Z"},{"address":{"type":"absolute","value":4220678},"name":"?fp_format_a@@YAHQBNPADIQADIH_NIQAU__crt_locale_pointers@@W4__acrt_rounding_mode@@@Z"},{"address":{"type":"absolute","value":4221461},"name":"?fp_format_e@@YAHQBNQADI1IH_NIQAU__crt_locale_pointers@@W4__acrt_rounding_mode@@@Z"},{"address":{"type":"absolute","value":4221629},"name":"?fp_format_e_internal@@YAHQADIH_NIQAU_strflt@@1QAU__crt_locale_pointers@@@Z"},{"address":{"type":"absolute","value":4221957},"name":"?fp_format_f@@YAHQBNQADI1IHQAU__crt_locale_pointers@@W4__acrt_rounding_mode@@@Z"},{"address":{"type":"absolute","value":4222102},"name":"?fp_format_f_internal@@YAHQADIHQAU_strflt@@_NQAU__crt_locale_pointers@@@Z"},{"address":{"type":"absolute","value":4222350},"name":"?fp_format_g@@YAHQBNQADI1IH_NIW4__acrt_rounding_mode@@QAU__crt_locale_pointers@@@Z"},{"address":{"type":"absolute","value":4222552},"name":"?fp_format_nan_or_infinity@@YAHW4__acrt_fp_class@@_NPADI1@Z"},{"address":{"type":"absolute","value":4222701},"name":"?shift_bytes@@YAXQADI0H@Z"},{"address":{"type":"absolute","value":4222753},"name":"?should_round_up@@YA_NQBN_KFW4__acrt_rounding_mode@@@Z"},{"address":{"type":"absolute","value":4222900},"name":"___acrt_fp_format"},{"address":{"type":"absolute","value":4223248},"name":"__fileno"},{"address":{"type":"absolute","value":4223287},"name":"___acrt_initialize_stdio"},{"address":{"type":"absolute","value":4223487},"name":"___acrt_uninitialize_stdio"},{"address":{"type":"absolute","value":4223603},"name":"__get_printf_count_output"},{"address":{"type":"absolute","value":4223624},"name":"?initialize_inherited_file_handles_nolock@@YAXXZ"},{"address":{"type":"absolute","value":4223806},"name":"?initialize_stdio_handles_nolock@@YAXXZ"},{"address":{"type":"absolute","value":4223986},"name":"___acrt_initialize_lowio"},{"address":{"type":"absolute","value":4224082},"name":"___acrt_uninitialize_lowio"},{"address":{"type":"absolute","value":4224126},"name":"__calloc_base"},{"address":{"type":"absolute","value":4224219},"name":"?"},{"address":{"type":"absolute","value":4224243},"name":"??$__acrt_convert_wcs_mbs_cp@D_WV<lambda_62f6974d9771e494a5ea317cc32e971c>@@U__crt_win32_buffer_internal_dynamic_resizing@@@@YAHQBDAAV?$__crt_win32_buffer@_WU__crt_win32_buffer_internal_dynamic_resizing@@@@ABV<lambda_62f6974d9771e494a5ea317cc32e971c>@@I@Z"},{"address":{"type":"absolute","value":4224628},"name":"??$__acrt_mbs_to_wcs_cp@U__crt_win32_buffer_internal_dynamic_resizing@@@@YAHQBDAAV?$__crt_win32_buffer@_WU__crt_win32_buffer_internal_dynamic_resizing@@@@I@Z"},{"address":{"type":"absolute","value":4225152},"name":"??$copy_and_add_argument_to_buffer@D@@YAHQBD0IAAV?$argument_list@D@?A0x5f5c8891@@@Z"},{"address":{"type":"absolute","value":4225329},"name":"??$expand_argument_wildcards@D@@YAHQAD0AAV?$argument_list@D@?A0x5f5c8891@@@Z"},{"address":{"type":"absolute","value":4225928},"name":"?__acrt_get_utf8_acp_compatibility_codepage@@YAIXZ"},{"address":{"type":"absolute","value":4225991},"name":"?"},{"address":{"type":"absolute","value":4226140},"name":"?allocate@__crt_win32_buffer_internal_dynamic_resizing@@SAHQAPAXIABV__crt_win32_buffer_empty_debug_info@@@Z"},{"address":{"type":"absolute","value":4226171},"name":"?"},{"address":{"type":"absolute","value":4226317},"name":"??$__acrt_convert_wcs_mbs_cp@_WDV<lambda_0fec1a7b3f42a53036604e18c2d5e07e>@@U__crt_win32_buffer_no_resizing@@@@YAHQB_WAAV?$__crt_win32_buffer@DU__crt_win32_buffer_no_resizing@@@@ABV<lambda_0fec1a7b3f42a53036604e18c2d5e07e>@@I@Z"},{"address":{"type":"absolute","value":4226516},"name":"?"},{"address":{"type":"absolute","value":4226555},"name":"?set_to_nullptr@?$__crt_win32_buffer@DU__crt_win32_buffer_no_resizing@@@@QAEXXZ"},{"address":{"type":"absolute","value":4226575},"name":"___acrt_GetModuleFileNameA"},{"address":{"type":"absolute","value":4226813},"name":"??R<lambda_ae742caa10f662c28703da3d2ea5e57e>@@QBEXXZ"},{"address":{"type":"absolute","value":4226944},"name":"?CPtoLocaleName@@YAPB_WH@Z"},{"address":{"type":"absolute","value":4227006},"name":"?getSystemCP@@YAHH@Z"},{"address":{"type":"absolute","value":4227119},"name":"?setSBCS@@YAXPAU__crt_multibyte_data@@@Z"},{"address":{"type":"absolute","value":4227220},"name":"?setSBUpLow@@YAXPAU__crt_multibyte_data@@@Z"},{"address":{"type":"absolute","value":4227604},"name":"?setmbcp_internal@@YAHH_NQAU__acrt_ptd@@QAPAU__crt_multibyte_data@@@Z"},{"address":{"type":"absolute","value":4227880},"name":"?update_thread_multibyte_data_internal@@YAPAU__crt_multibyte_data@@QAU__acrt_ptd@@QAPAU1@@Z"},{"address":{"type":"absolute","value":4228040},"name":"___acrt_initialize_multibyte"},{"address":{"type":"absolute","value":4228131},"name":"__setmbcp_nolock"},{"address":{"type":"absolute","value":4228630},"name":"_memcpy_s"},{"address":{"type":"absolute","value":4228759},"name":"?x_ismbbtype_l@@YAHPAU__crt_locale_pointers@@IHH@Z"},{"address":{"type":"absolute","value":4228846},"name":"__ismbblead"},{"address":{"type":"absolute","value":4228870},"name":"___acrt_MultiByteToWideChar"},{"address":{"type":"absolute","value":4228994},"name":"___acrt_WideCharToMultiByte"},{"address":{"type":"absolute","value":4229177},"name":"?find_end_of_double_null_terminated_sequence@@YAPB_WQB_W@Z"},{"address":{"type":"absolute","value":4229232},"name":"___dcrt_get_narrow_environment_from_os"},{"address":{"type":"absolute","value":4229938},"name":"??$copy_environment@D@@YAPAPADQAPAD@Z"},{"address":{"type":"absolute","value":4230140},"name":"??$find_in_environment_nolock@D@@YAHQBDI@Z"},{"address":{"type":"absolute","value":4230236},"name":"___acrt_initialize_locks"},{"address":{"type":"absolute","value":4230324},"name":"___acrt_uninitialize_locks"},{"address":{"type":"absolute","value":4230396},"name":"___acrt_get_process_end_policy"},{"address":{"type":"absolute","value":4230445},"name":"___acrt_lowio_create_handle_array"},{"address":{"type":"absolute","value":4230568},"name":"___acrt_lowio_destroy_handle_array"},{"address":{"type":"absolute","value":4230621},"name":"___acrt_lowio_ensure_fh_exists"},{"address":{"type":"absolute","value":4230849},"name":"__free_osfhnd"},{"address":{"type":"absolute","value":4230994},"name":"__get_osfhandle"},{"address":{"type":"absolute","value":4231100},"name":"___acrt_initialize_fmode"},{"address":{"type":"absolute","value":4231122},"name":"___acrt_locale_free_monetary"},{"address":{"type":"absolute","value":4231376},"name":"___acrt_locale_free_numeric"},{"address":{"type":"absolute","value":4231481},"name":"?free_crt_array_internal@@YAXQAPBXI@Z"},{"address":{"type":"absolute","value":4231537},"name":"___acrt_locale_free_time"},{"address":{"type":"absolute","value":4231765},"name":"___pctype_func"},{"address":{"type":"absolute","value":4231801},"name":"___acrt_GetStringTypeA"},{"address":{"type":"absolute","value":4232060},"name":"__freea"},{"address":{"type":"absolute","value":4232092},"name":"___acrt_add_locale_ref"},{"address":{"type":"absolute","value":4232217},"name":"___acrt_free_locale"},{"address":{"type":"absolute","value":4232545},"name":"___acrt_locale_add_lc_time_reference"},{"address":{"type":"absolute","value":4232586},"name":"___acrt_locale_free_lc_time_if_unreferenced"},{"address":{"type":"absolute","value":4232635},"name":"___acrt_locale_release_lc_time_reference"},{"address":{"type":"absolute","value":4232676},"name":"___acrt_release_locale_ref"},{"address":{"type":"absolute","value":4232805},"name":"___acrt_update_thread_locale_data"},{"address":{"type":"absolute","value":4232934},"name":"__updatetlocinfoEx_nolock"},{"address":{"type":"absolute","value":4233118},"name":"?try_get_first_available_module@@YAPAUHINSTANCE__@@QBW4module_id@?A0x391cf84c@@0@Z"},{"address":{"type":"absolute","value":4233317},"name":"?try_get_function@@YAPAXW4function_id@?A0x391cf84c@@QBDQBW4module_id@2@2@Z"},{"address":{"type":"absolute","value":4233448},"name":"___acrt_AppPolicyGetProcessTerminationMethodInternal@4"},{"address":{"type":"absolute","value":4233512},"name":"___acrt_AreFileApisANSI@0"},{"address":{"type":"absolute","value":4233636},"name":"___acrt_FlsAlloc@4"},{"address":{"type":"absolute","value":4233699},"name":"___acrt_FlsFree@4"},{"address":{"type":"absolute","value":4233762},"name":"___acrt_FlsGetValue@4"},{"address":{"type":"absolute","value":4233825},"name":"___acrt_FlsSetValue@8"},{"address":{"type":"absolute","value":4233891},"name":"___acrt_InitializeCriticalSectionEx@12"},{"address":{"type":"absolute","value":4234059},"name":"___acrt_LocaleNameToLCID@8"},{"address":{"type":"absolute","value":4234108},"name":"___acrt_initialize_winapi_thunks"},{"address":{"type":"absolute","value":4234151},"name":"___acrt_uninitialize_winapi_thunks"},{"address":{"type":"absolute","value":4234205},"name":"__recalloc_base"},{"address":{"type":"absolute","value":4234314},"name":"___acrt_initialize_heap"},{"address":{"type":"absolute","value":4234341},"name":"___acrt_execute_initializers"},{"address":{"type":"absolute","value":4234445},"name":"___acrt_execute_uninitializers"},{"address":{"type":"absolute","value":4234494},"name":"?AFXSetTopLevelFrame@@YAXPAVCFrameWnd@@@Z"},{"address":{"type":"absolute","value":4234509},"name":"__callnewh"},{"address":{"type":"absolute","value":4234554},"name":"__query_new_handler"},{"address":{"type":"absolute","value":4234646},"name":"??$?RV<lambda_cbab9ec6f41b0180b23cc171c22676b0>@@AAV<lambda_44731a7d0e6d81c3e6aa82d741081786>@@V<lambda_4b292cb8dd18144e164572427af410ab>@@@?$__crt_seh_guarded_call@P6AXH@Z@@QAEP6AXH@Z$$QAV<lambda_cbab9ec6f41b0180b23cc171c22676b0>@@AAV<lambda_44731a7d0e6d81c3e6aa82d741081786>@@$$QAV<lambda_4b292cb8dd18144e164572427af410ab>@@@Z"},{"address":{"type":"absolute","value":4234746},"name":"?get_global_action_nolock@@YAPAP6AXH@ZH@Z"},{"address":{"type":"absolute","value":4234812},"name":"?siglookup@@YAPAU__crt_signal_action_t@@HQAU1@@Z"},{"address":{"type":"absolute","value":4234852},"name":"___acrt_get_sigabrt_handler"},{"address":{"type":"absolute","value":4234921},"name":"_raise"},{"address":{"type":"absolute","value":4235420},"name":"??$?RV<lambda_2866be3712abc81a800a822484c830d8>@@AAV<lambda_39ca0ed439415581b5b15c265174cece>@@V<lambda_2b24c74d71094a6cd0cb82e44167d71b>@@@?$__crt_seh_guarded_call@X@@QAEX$$QAV<lambda_2866be3712abc81a800a822484c830d8>@@AAV<lambda_39ca0ed439415581b5b15c265174cece>@@$$QAV<lambda_2b24c74d71094a6cd0cb82e44167d71b>@@@Z"},{"address":{"type":"absolute","value":4235560},"name":"??$?RV<lambda_2cc53f568c5a2bb6f192f930a45d44ea>@@AAV<lambda_ab61a845afdef5b7c387490eaf3616ee>@@V<lambda_c2ffc0b7726aa6be21d5f0026187e748>@@@?$__crt_seh_guarded_call@X@@QAEX$$QAV<lambda_2cc53f568c5a2bb6f192f930a45d44ea>@@AAV<lambda_ab61a845afdef5b7c387490eaf3616ee>@@$$QAV<lambda_c2ffc0b7726aa6be21d5f0026187e748>@@@Z"},{"address":{"type":"absolute","value":4235732},"name":"?common_flush_all@@YAH_N@Z"},{"address":{"type":"absolute","value":4235809},"name":"?common_flush_all_should_try_to_flush_stream@@YA_NV__crt_stdio_stream@@QAH@Z"},{"address":{"type":"absolute","value":4235860},"name":"?is_stream_flushable_or_commitable@@YA_NJ@Z"},{"address":{"type":"absolute","value":4235897},"name":"___acrt_stdio_flush_nolock"},{"address":{"type":"absolute","value":4235998},"name":"__fflush_nolock"},{"address":{"type":"absolute","value":4236079},"name":"___hw_cw_sse2"},{"address":{"type":"absolute","value":4236246},"name":"__clearfp"},{"address":{"type":"absolute","value":4236468},"name":"__control87"},{"address":{"type":"absolute","value":4237237},"name":"__hw_cw"},{"address":{"type":"absolute","value":4237395},"name":"_iswctype"},{"address":{"type":"absolute","value":4237500},"name":"__isleadbyte_l"},{"address":{"type":"absolute","value":4237558},"name":"?"},{"address":{"type":"absolute","value":4237602},"name":"?__mbrtowc_utf8@__crt_mbstring@@YAIPA_WPBDIPAU_Mbstatet@@@Z"},{"address":{"type":"absolute","value":4237666},"name":"?__mbsrtowcs_utf8@__crt_mbstring@@YAIPA_WPAPBDIPAU_Mbstatet@@@Z"},{"address":{"type":"absolute","value":4237917},"name":"?return_illegal_sequence@__crt_mbstring@@YAIPAU_Mbstatet@@@Z"},{"address":{"type":"absolute","value":4237948},"name":"?should_round_up@@YA_NQBDHW4__acrt_has_trailing_digits@@W4__acrt_rounding_mode@@@Z"},{"address":{"type":"absolute","value":4238070},"name":"___acrt_fp_strflt_to_string"},{"address":{"type":"absolute","value":4238304},"name":"?divide@__crt_strtox@@YA_KAAUbig_integer@1@ABU21@@Z"},{"address":{"type":"absolute","value":4239480},"name":"___acrt_fltout"},{"address":{"type":"absolute","value":4244863},"name":"_fegetround"},{"address":{"type":"absolute","value":4244876},"name":"__fcloseall"},{"address":{"type":"absolute","value":4245047},"name":"___acrt_stdio_free_buffer_nolock"},{"address":{"type":"absolute","value":4245111},"name":"__isatty"},{"address":{"type":"absolute","value":4245200},"name":"_qsort"},{"address":{"type":"absolute","value":4246656},"name":"_strpbrk"},{"address":{"type":"absolute","value":4246720},"name":"__mbsdec"},{"address":{"type":"absolute","value":4246743},"name":"__mbsdec_l"},{"address":{"type":"absolute","value":4246884},"name":"?__acrt_LCMapStringA_stat@@YAHPAU__crt_locale_pointers@@PB_WKPBDHPADHHH@Z"},{"address":{"type":"absolute","value":4247374},"name":"___acrt_LCMapStringA"},{"address":{"type":"absolute","value":4247447},"name":"?initialize_multibyte@@YAHXZ"},{"address":{"type":"absolute","value":4247462},"name":"__strnicoll"},{"address":{"type":"absolute","value":4247503},"name":"__strnicoll_l"},{"address":{"type":"absolute","value":4247703},"name":"___acrt_SetEnvironmentVariableA"},{"address":{"type":"absolute","value":4247852},"name":"___ascii_wcsnicmp"},{"address":{"type":"absolute","value":4247931},"name":"?GetTableIndexFromLocaleName@@YAHPB_W@Z"},{"address":{"type":"absolute","value":4248011},"name":"___acrt_DownlevelLocaleNameToLCID"},{"address":{"type":"absolute","value":4248055},"name":"?"},{"address":{"type":"absolute","value":4248106},"name":"__realloc_base"},{"address":{"type":"absolute","value":4248211},"name":"??$?RV<lambda_9e9de3de5fa147e2223d7db92bc10aa6>@@AAV<lambda_38ce7e780aa69e748d6df282ebc68efe>@@V<lambda_8ca6da459f0f6780f1cff60fdc3d00e5>@@@?$__crt_seh_guarded_call@H@@QAEH$$QAV<lambda_9e9de3de5fa147e2223d7db92bc10aa6>@@AAV<lambda_38ce7e780aa69e748d6df282ebc68efe>@@$$QAV<lambda_8ca6da459f0f6780f1cff60fdc3d00e5>@@@Z"},{"address":{"type":"absolute","value":4248373},"name":"__commit"},{"address":{"type":"absolute","value":4248498},"name":"?write_double_translated_ansi_nolock@@YA?AUwrite_result@?A0x17268360@@HQBDI@Z"},{"address":{"type":"absolute","value":4249438},"name":"?write_double_translated_unicode_nolock@@YA?AUwrite_result@?A0x17268360@@QBDI@Z"},{"address":{"type":"absolute","value":4249542},"name":"?write_requires_double_translation_nolock@@YA_NH@Z"},{"address":{"type":"absolute","value":4249655},"name":"?write_text_ansi_nolock@@YA?AUwrite_result@?A0x17268360@@HQBDI@Z"},{"address":{"type":"absolute","value":4249874},"name":"?write_text_utf16le_nolock@@YA?AUwrite_result@?A0x17268360@@HQBDI@Z"},{"address":{"type":"absolute","value":4250107},"name":"?write_text_utf8_nolock@@YA?AUwrite_result@?A0x17268360@@HQBDI@Z"},{"address":{"type":"absolute","value":4250655},"name":"__write_nolock"},{"address":{"type":"absolute","value":4251129},"name":"___set_fpsr_sse2"},{"address":{"type":"absolute","value":4251257},"name":"__clrfp"},{"address":{"type":"absolute","value":4251274},"name":"__ctrlfp"},{"address":{"type":"absolute","value":4251316},"name":"__set_statfp"},{"address":{"type":"absolute","value":4251405},"name":"__statfp"},{"address":{"type":"absolute","value":4251446},"name":"?__mbrtoc32_utf8@__crt_mbstring@@YAIPA_UPBDIPAU_Mbstatet@@@Z"},{"address":{"type":"absolute","value":4251869},"name":"_fegetenv"},{"address":{"type":"absolute","value":4251898},"name":"_fesetenv"},{"address":{"type":"absolute","value":4251973},"name":"_feholdexcept"},{"address":{"type":"absolute","value":4252064},"name":"__CIlog10"},{"address":{"type":"absolute","value":4252152},"name":"start"},{"address":{"type":"absolute","value":4252336},"name":"_ceil"},{"address":{"type":"absolute","value":4252621},"name":"?to_abstract_control@@YA?AW4__acrt_fenv_abstract_control@@W4__acrt_fenv_machine_sse_control@@@Z"},{"address":{"type":"absolute","value":4252809},"name":"?to_abstract_control@@YA?AW4__acrt_fenv_abstract_control@@W4__acrt_fenv_machine_x87_control@@@Z"},{"address":{"type":"absolute","value":4252994},"name":"?to_machine_sse_control@@YA?AW4__acrt_fenv_machine_sse_control@@W4__acrt_fenv_abstract_control@@@Z"},{"address":{"type":"absolute","value":4253199},"name":"?to_machine_x87_control@@YA?AW4__acrt_fenv_machine_x87_control@@W4__acrt_fenv_abstract_control@@@Z"},{"address":{"type":"absolute","value":4253418},"name":"___acrt_fenv_get_common_round_control"},{"address":{"type":"absolute","value":4253452},"name":"___acrt_fenv_get_control"},{"address":{"type":"absolute","value":4253580},"name":"___acrt_fenv_get_status"},{"address":{"type":"absolute","value":4253764},"name":"___acrt_fenv_set_control"},{"address":{"type":"absolute","value":4253868},"name":"___acrt_fenv_set_status"},{"address":{"type":"absolute","value":4254115},"name":"??$common_lseek_nolock@_J@@YA_JH_JH@Z"},{"address":{"type":"absolute","value":4254239},"name":"__lseeki64_nolock"},{"address":{"type":"absolute","value":4254266},"name":"__fclose_nolock"},{"address":{"type":"absolute","value":4254385},"name":"_fclose"},{"address":{"type":"absolute","value":4254517},"name":"___strncnt"},{"address":{"type":"absolute","value":4254654},"name":"__strnicmp_l"},{"address":{"type":"absolute","value":4254855},"name":"?InternalCompareStringA@@YAHPAU__crt_locale_pointers@@PB_WKPBDH2HH@Z"},{"address":{"type":"absolute","value":4255506},"name":"___acrt_CompareStringA"},{"address":{"type":"absolute","value":4255576},"name":"__putwch_nolock"},{"address":{"type":"absolute","value":4257840},"name":"__startTwoArgErrorHandling"},{"address":{"type":"absolute","value":4257863},"name":"__startOneArgErrorHandling"},{"address":{"type":"absolute","value":4257923},"name":"___libm_error_support"},{"address":{"type":"absolute","value":4258604},"name":"??$?RV<lambda_218ce3db14220d0be481dae8ef3383b6>@@AAV<lambda_628dfdc04ba53c8bfc02c9951375f3f5>@@V<lambda_57dc472bd5c9d5f3b2cbca59b8a843ae>@@@?$__crt_seh_guarded_call@H@@QAEH$$QAV<lambda_218ce3db14220d0be481dae8ef3383b6>@@AAV<lambda_628dfdc04ba53c8bfc02c9951375f3f5>@@$$QAV<lambda_57dc472bd5c9d5f3b2cbca59b8a843ae>@@@Z"},{"address":{"type":"absolute","value":4258744},"name":"__close"},{"address":{"type":"absolute","value":4258885},"name":"__close_nolock"},{"address":{"type":"absolute","value":4259041},"name":"?__acrt_stdio_free_stream@@YAXV__crt_stdio_stream@@@Z"},{"address":{"type":"absolute","value":4259286},"name":"?"},{"address":{"type":"absolute","value":4259371},"name":"__d_inttype"},{"address":{"type":"absolute","value":4259475},"name":"__powhlp"},{"address":{"type":"absolute","value":4259774},"name":"__87except"},{"address":{"type":"absolute","value":4260040},"name":"__frnd"},{"address":{"type":"absolute","value":4260060},"name":"__errcode"},{"address":{"type":"absolute","value":4260112},"name":"__except1"},{"address":{"type":"absolute","value":4260318},"name":"__handle_exc"},{"address":{"type":"absolute","value":4260809},"name":"__raise_exc"},{"address":{"type":"absolute","value":4260844},"name":"__raise_exc_ex"},{"address":{"type":"absolute","value":4261602},"name":"__set_errno_from_matherr"},{"address":{"type":"absolute","value":4261649},"name":"__umatherr"},{"address":{"type":"absolute","value":4261809},"name":"__decomp"},{"address":{"type":"absolute","value":4262019},"name":"__set_exp"},{"address":{"type":"absolute","value":4262064},"name":"__sptype"},{"address":{"type":"absolute","value":4262158},"name":"__fpclass"},{"address":{"type":"absolute","value":4262336},"name":"__FindPESection"},{"address":{"type":"absolute","value":4262416},"name":"__IsNonwritableInCurrentImage"},{"address":{"type":"absolute","value":4262608},"name":"__ValidateImageBase"},{"address":{"type":"absolute","value":4262672},"name":"__aulldvrm"},{"address":{"type":"absolute","value":4262832},"name":"__allmul"},{"address":{"type":"absolute","value":4262896},"name":"__alldvrm"},{"address":{"type":"absolute","value":4263120},"name":"__allshl"},{"address":{"type":"absolute","value":4263152},"name":"__aullshr"},{"address":{"type":"absolute","value":4263184},"name":"__alloca_probe_16"},{"address":{"type":"absolute","value":4263376},"name":"__alloca_probe"},{"address":{"type":"absolute","value":4263424},"name":"_strrchr"},{"address":{"type":"absolute","value":4263744},"name":"_strchr"},{"address":{"type":"absolute","value":4264043},"name":"__filter_x86_sse2_floating_point_exception_default"}]}},"rules":{"link function at runtime on Windows":{"meta":{"name":"link function at runtime on Windows","namespace":"linking/runtime-linking","authors":["moritz.raabe@mandiant.com","michael.hunhoff@mandiant.com"],"scopes":{"static":"instruction","dynamic":"call"},"attack":[{"parts":["Execution","Shared Modules"],"tactic":"Execution","technique":"Shared Modules","subtechnique":"","id":"T1129"}],"mbc":[],"references":[],"examples":["9324D1A8AE37A36AE560C37448C9705A:0x404130","Practical Malware Analysis Lab 01-04.exe_:0x401350"],"description":"","lib":false,"is_subscope_rule":false,"maec":{}},"source":"rule:\n  meta:\n    name: link function at runtime on Windows\n    namespace: linking/runtime-linking\n    authors:\n      - moritz.raabe@mandiant.com\n      - michael.hunhoff@mandiant.com\n    scopes:\n      static: instruction\n      dynamic: call\n    att&ck:\n      - Execution::Shared Modules [T1129]\n    examples:\n      - 9324D1A8AE37A36AE560C37448C9705A:0x404130\n      - Practical Malware Analysis Lab 01-04.exe_:0x401350\n  features:\n    - and:\n      - os: windows\n      - or:\n        - api: kernel32.GetProcAddress\n        - api: ntdll.LdrGetProcedureAddress\n","matches":[[{"type":"absolute","value":4198463},{"success":true,"node":{"type":"statement","statement":{"type":"and"}},"children":[{"success":true,"node":{"type":"feature","feature":{"type":"os","os":"windows"}},"children":[],"locations":[{"type":"no address"}],"captures":{}},{"success":true,"node":{"type":"statement","statement":{"type":"or"}},"children":[{"success":true,"node":{"type":"feature","feature":{"type":"api","api":"GetProcAddress"}},"children":[],"locations":[{"type":"absolute","value":4198463}],"captures":{}},{"success":false,"node":{"type":"feature","feature":{"type":"api","api":"LdrGetProcedureAddress"}},"children":[],"locations":[],"captures":{}}],"locations":[],"captures":{}}],"locations":[],"captures":{}}],[{"type":"absolute","value":4198477},{"success":true,"node":{"type":"statement","statement":{"type":"and"}},"children":[{"success":true,"node":{"type":"feature","feature":{"type":"os","os":"windows"}},"children":[],"locations":[{"type":"no address"}],"captures":{}},{"success":true,"node":{"type":"statement","statement":{"type":"or"}},"children":[{"success":true,"node":{"type":"feature","feature":{"type":"api","api":"GetProcAddress"}},"children":[],"locations":[{"type":"absolute","value":4198477}],"captures":{}},{"success":false,"node":{"type":"feature","feature":{"type":"api","api":"LdrGetProcedureAddress"}},"children":[],"locations":[],"captures":{}}],"locations":[],"captures":{}}],"locations":[],"captures":{}}],[{"type":"absolute","value":4198535},{"success":true,"node":{"type":"statement","statement":{"type":"and"}},"children":[{"success":true,"node":{"type":"feature","feature":{"type":"os","os":"windows"}},"children":[],"locations":[{"type":"no address"}],"captures":{}},{"success":true,"node":{"type":"statement","statement":{"type":"or"}},"children":[{"success":true,"node":{"type":"feature","feature":{"type":"api","api":"GetProcAddress"}},"children":[],"locations":[{"type":"absolute","value":4198535}],"captures":{}},{"success":false,"node":{"type":"feature","feature":{"type":"api","api":"LdrGetProcedureAddress"}},"children":[],"locations":[],"captures":{}}],"locations":[],"captures":{}}],"locations":[],"captures":{}}]]},"delete drive layout via IOCTL":{"meta":{"name":"delete drive layout via IOCTL","namespace":"impact/wipe-disk","authors":["william.ballenthin@mandiant.com"],"scopes":{"static":"basic block","dynamic":"call"},"attack":[{"parts":["Impact","Disk Wipe","Disk Structure Wipe"],"tactic":"Impact","technique":"Disk Wipe","subtechnique":"Disk Structure Wipe","id":"T1561.002"}],"mbc":[{"parts":["Impact","Disk Wipe"],"objective":"Impact","behavior":"Disk Wipe","method":"","id":"F0014"}],"references":["https://www.crowdstrike.com/blog/the-anatomy-of-wiper-malware-part-3/","http://www.ioctls.net/","https://tyleo.github.io/sharedlib/doc/winapi/winioctl/constant.IOCTL_DISK_DELETE_DRIVE_LAYOUT.html"],"examples":["36cc72c55f572fe02836f25516d18fed1de768e7f29af7bdf469b52a3fe2531f:0x401090"],"description":"","lib":false,"is_subscope_rule":false,"maec":{}},"source":"rule:\n  meta:\n    name: delete drive layout via IOCTL\n    namespace: impact/wipe-disk\n    authors:\n      - william.ballenthin@mandiant.com\n    scopes:\n      static: basic block\n      dynamic: call\n    att&ck:\n      - Impact::Disk Wipe::Disk Structure Wipe [T1561.002]\n    mbc:\n      - Impact::Disk Wipe [F0014]\n    references:\n      - https://www.crowdstrike.com/blog/the-anatomy-of-wiper-malware-part-3/\n      - http://www.ioctls.net/\n      - https://tyleo.github.io/sharedlib/doc/winapi/winioctl/constant.IOCTL_DISK_DELETE_DRIVE_LAYOUT.html\n    examples:\n      - 36cc72c55f572fe02836f25516d18fed1de768e7f29af7bdf469b52a3fe2531f:0x401090\n  features:\n    - and:\n      - or:\n        - match: interact with driver via IOCTL\n        - characteristic: indirect call\n      - number: 0x7c100 = IOCTL_DISK_DELETE_DRIVE_LAYOUT\n","matches":[[{"type":"absolute","value":4198544},{"success":true,"node":{"type":"statement","statement":{"type":"and"}},"children":[{"success":true,"node":{"type":"feature","feature":{"type":"number","number":508160,"description":"IOCTL_DISK_DELETE_DRIVE_LAYOUT"}},"children":[],"locations":[{"type":"absolute","value":4198556}],"captures":{}},{"success":true,"node":{"type":"statement","statement":{"type":"or"}},"children":[{"success":false,"node":{"type":"feature","feature":{"type":"match","match":"interact with driver via IOCTL"}},"children":[],"locations":[],"captures":{}},{"success":true,"node":{"type":"feature","feature":{"type":"characteristic","characteristic":"indirect call"}},"children":[],"locations":[{"type":"absolute","value":4198569},{"type":"absolute","value":4198562}],"captures":{}}],"locations":[],"captures":{}}],"locations":[],"captures":{}}]]},"create or open file":{"meta":{"name":"create or open file","authors":["michael.hunhoff@mandiant.com","joakim@intezer.com"],"scopes":{"static":"basic block","dynamic":"call"},"attack":[],"mbc":[{"parts":["File System","Create File"],"objective":"File System","behavior":"Create File","method":"","id":"C0016"}],"references":[],"examples":["B5F85C26D7AA5A1FB4AF5821B6B5AB9B:0x401D7E"],"description":"","lib":true,"is_subscope_rule":false,"maec":{}},"source":"rule:\n  meta:\n    name: create or open file\n    authors:\n      - michael.hunhoff@mandiant.com\n      - joakim@intezer.com\n    lib: true\n    scopes:\n      static: basic block\n      dynamic: call\n    mbc:\n      - File System::Create File [C0016]\n    examples:\n      - B5F85C26D7AA5A1FB4AF5821B6B5AB9B:0x401D7E\n  features:\n    - or:\n      - api: CreateFile\n      - api: CreateFileEx\n      - api: IoCreateFile\n      - api: IoCreateFileEx\n      - api: ZwOpenFile\n      - api: ZwCreateFile\n      - api: NtOpenFile\n      - api: NtCreateFile\n      - api: LZCreateFile\n      - api: LZOpenFile\n      - api: fopen\n      - api: fopen64\n      - api: fdopen\n      - api: freopen\n      - api: open\n      - api: openat\n","matches":[[{"type":"absolute","value":4259201},{"success":true,"node":{"type":"statement","statement":{"type":"or"}},"children":[{"success":true,"node":{"type":"feature","feature":{"type":"api","api":"CreateFile"}},"children":[],"locations":[{"type":"absolute","value":4259220}],"captures":{}},{"success":false,"node":{"type":"feature","feature":{"type":"api","api":"CreateFileEx"}},"children":[],"locations":[],"captures":{}},{"success":false,"node":{"type":"feature","feature":{"type":"api","api":"IoCreateFile"}},"children":[],"locations":[],"captures":{}},{"success":false,"node":{"type":"feature","feature":{"type":"api","api":"IoCreateFileEx"}},"children":[],"locations":[],"captures":{}},{"success":false,"node":{"type":"feature","feature":{"type":"api","api":"ZwOpenFile"}},"children":[],"locations":[],"captures":{}},{"success":false,"node":{"type":"feature","feature":{"type":"api","api":"ZwCreateFile"}},"children":[],"locations":[],"captures":{}},{"success":false,"node":{"type":"feature","feature":{"type":"api","api":"NtOpenFile"}},"children":[],"locations":[],"captures":{}},{"success":false,"node":{"type":"feature","feature":{"type":"api","api":"NtCreateFile"}},"children":[],"locations":[],"captures":{}},{"success":false,"node":{"type":"feature","feature":{"type":"api","api":"LZCreateFile"}},"children":[],"locations":[],"captures":{}},{"success":false,"node":{"type":"feature","feature":{"type":"api","api":"LZOpenFile"}},"children":[],"locations":[],"captures":{}},{"success":false,"node":{"type":"feature","feature":{"type":"api","api":"fopen"}},"children":[],"locations":[],"captures":{}},{"success":false,"node":{"type":"feature","feature":{"type":"api","api":"fopen64"}},"children":[],"locations":[],"captures":{}},{"success":false,"node":{"type":"feature","feature":{"type":"api","api":"fdopen"}},"children":[],"locations":[],"captures":{}},{"success":false,"node":{"type":"feature","feature":{"type":"api","api":"freopen"}},"children":[],"locations":[],"captures":{}},{"success":false,"node":{"type":"feature","feature":{"type":"api","api":"open"}},"children":[],"locations":[],"captures":{}},{"success":false,"node":{"type":"feature","feature":{"type":"api","api":"openat"}},"children":[],"locations":[],"captures":{}}],"locations":[],"captures":{}}]]},"contain loop":{"meta":{"name":"contain loop","authors":["moritz.raabe@mandiant.com"],"scopes":{"static":"function"},"attack":[],"mbc":[],"references":[],"examples":["08AC667C65D36D6542917655571E61C8:0x406EAA"],"description":"","lib":true,"is_subscope_rule":false,"maec":{}},"source":"rule:\n  meta:\n    name: contain loop\n    authors:\n      - moritz.raabe@mandiant.com\n    lib: true\n    scopes:\n      static: function\n      dynamic: unsupported  # requires characteristic features\n    examples:\n      - 08AC667C65D36D6542917655571E61C8:0x406EAA\n  features:\n    - or:\n      - characteristic: loop\n      - characteristic: tight loop\n      - characteristic: recursive call\n","matches":[[{"type":"absolute","value":4200911},{"success":true,"node":{"type":"statement","statement":{"type":"or"}},"children":[{"success":true,"node":{"type":"feature","feature":{"type":"characteristic","characteristic":"loop"}},"children":[],"locations":[{"type":"absolute","value":4200911}],"captures":{}},{"success":false,"node":{"type":"feature","feature":{"type":"characteristic","characteristic":"tight loop"}},"children":[],"locations":[],"captures":{}},{"success":false,"node":{"type":"feature","feature":{"type":"characteristic","characteristic":"recursive call"}},"children":[],"locations":[],"captures":{}}],"locations":[],"captures":{}}],[{"type":"absolute","value":4207403},{"success":true,"node":{"type":"statement","statement":{"type":"or"}},"children":[{"success":true,"node":{"type":"feature","feature":{"type":"characteristic","characteristic":"loop"}},"children":[],"locations":[{"type":"absolute","value":4207403}],"captures":{}},{"success":false,"node":{"type":"feature","feature":{"type":"characteristic","characteristic":"tight loop"}},"children":[],"locations":[],"captures":{}},{"success":false,"node":{"type":"feature","feature":{"type":"characteristic","characteristic":"recursive call"}},"children":[],"locations":[],"captures":{}}],"locations":[],"captures":{}}],[{"type":"absolute","value":4226306},{"success":true,"node":{"type":"statement","statement":{"type":"or"}},"children":[{"success":true,"node":{"type":"feature","feature":{"type":"characteristic","characteristic":"loop"}},"children":[],"locations":[{"type":"absolute","value":4226306}],"captures":{}},{"success":true,"node":{"type":"feature","feature":{"type":"characteristic","characteristic":"tight loop"}},"children":[],"locations":[{"type":"absolute","value":4225105},{"type":"absolute","value":4224985},{"type":"absolute","value":4224867}],"captures":{}},{"success":false,"node":{"type":"feature","feature":{"type":"characteristic","characteristic":"recursive call"}},"children":[],"locations":[],"captures":{}}],"locations":[],"captures":{}}],[{"type":"absolute","value":4230225},{"success":true,"node":{"type":"statement","statement":{"type":"or"}},"children":[{"success":true,"node":{"type":"feature","feature":{"type":"characteristic","characteristic":"loop"}},"children":[],"locations":[{"type":"absolute","value":4230225}],"captures":{}},{"success":true,"node":{"type":"feature","feature":{"type":"characteristic","characteristic":"tight loop"}},"children":[],"locations":[{"type":"absolute","value":4229789}],"captures":{}},{"success":false,"node":{"type":"feature","feature":{"type":"characteristic","characteristic":"recursive call"}},"children":[],"locations":[],"captures":{}}],"locations":[],"captures":{}}],[{"type":"absolute","value":4246641},{"success":true,"node":{"type":"statement","statement":{"type":"or"}},"children":[{"success":true,"node":{"type":"feature","feature":{"type":"characteristic","characteristic":"loop"}},"children":[],"locations":[{"type":"absolute","value":4246641}],"captures":{}},{"success":false,"node":{"type":"feature","feature":{"type":"characteristic","characteristic":"tight loop"}},"children":[],"locations":[],"captures":{}},{"success":false,"node":{"type":"feature","feature":{"type":"characteristic","characteristic":"recursive call"}},"children":[],"locations":[],"captures":{}}],"locations":[],"captures":{}}],[{"type":"absolute","value":4255678},{"success":true,"node":{"type":"statement","statement":{"type":"or"}},"children":[{"success":true,"node":{"type":"feature","feature":{"type":"characteristic","characteristic":"loop"}},"children":[],"locations":[{"type":"absolute","value":4255678}],"captures":{}},{"success":false,"node":{"type":"feature","feature":{"type":"characteristic","characteristic":"tight loop"}},"children":[],"locations":[],"captures":{}},{"success":false,"node":{"type":"feature","feature":{"type":"characteristic","characteristic":"recursive call"}},"children":[],"locations":[],"captures":{}}],"locations":[],"captures":{}}]]},"contains PDB path":{"meta":{"name":"contains PDB path","namespace":"executable/pe/pdb","authors":["moritz.raabe@mandiant.com"],"scopes":{"static":"file","dynamic":"file"},"attack":[],"mbc":[],"references":[],"examples":["464EF2CA59782CE697BC329713698CCC"],"description":"","lib":false,"is_subscope_rule":false,"maec":{}},"source":"rule:\n  meta:\n    name: contains PDB path\n    namespace: executable/pe/pdb\n    authors:\n      - moritz.raabe@mandiant.com\n    scopes:\n      static: file\n      dynamic: file\n    examples:\n      - 464EF2CA59782CE697BC329713698CCC  # level32.exe\n  features:\n    - string: /:\\\\.*\\.pdb/\n","matches":[[{"type":"no address"},{"success":true,"node":{"type":"feature","feature":{"type":"regex","regex":"/:\\\\.*\\.pdb/"}},"children":[],"locations":[{"type":"file","value":91232}],"captures":{"F:\\LowEraser\\LowEraser\\Release\\Ptable.pdb":[{"type":"file","value":91232}]}}]]}}}
