{"meta":{"timestamp":"2024-11-17T18:39:19.369169","version":"7.4.0","argv":["--os","windows","-j","./samples/dropper/5a4980a432703e964c8cc07f6a02b7723a2be2070e0ec7f98b2f5a2623b8dcb7"],"sample":{"md5":"509c562db69f8332b9fc3298236e8ffa","sha1":"8fb59e05fc4544ef868e9ddbc727d66c6dd02d0b","sha256":"5a4980a432703e964c8cc07f6a02b7723a2be2070e0ec7f98b2f5a2623b8dcb7","path":"/samples/dropper/5a4980a432703e964c8cc07f6a02b7723a2be2070e0ec7f98b2f5a2623b8dcb7"},"flavor":"static","analysis":{"format":"pe","arch":"i386","os":"windows","extractor":"VivisectFeatureExtractor","rules":["/tmp/_MEIkLKKIB/rules"],"base_address":{"type":"absolute","value":4194304},"layout":{"functions":[{"address":{"type":"absolute","value":4198400},"matched_basic_blocks":[{"address":{"type":"absolute","value":4198400}},{"address":{"type":"absolute","value":4198447}},{"address":{"type":"absolute","value":4198480}},{"address":{"type":"absolute","value":4198531}}]},{"address":{"type":"absolute","value":4198608},"matched_basic_blocks":[{"address":{"type":"absolute","value":4198608}},{"address":{"type":"absolute","value":4198650}}]},{"address":{"type":"absolute","value":4198688},"matched_basic_blocks":[{"address":{"type":"absolute","value":4198688}},{"address":{"type":"absolute","value":4198715}}]},{"address":{"type":"absolute","value":4198816},"matched_basic_blocks":[{"address":{"type":"absolute","value":4198859}},{"address":{"type":"absolute","value":4198889}},{"address":{"type":"absolute","value":4198902}},{"address":{"type":"absolute","value":4198978}},{"address":{"type":"absolute","value":4198994}},{"address":{"type":"absolute","value":4199066}}]},{"address":{"type":"absolute","value":4199088},"matched_basic_blocks":[{"address":{"type":"absolute","value":4199118}},{"address":{"type":"absolute","value":4199129}},{"address":{"type":"absolute","value":4199152}}]},{"address":{"type":"absolute","value":4202366},"matched_basic_blocks":[{"address":{"type":"absolute","value":4202366}}]},{"address":{"type":"absolute","value":4202438},"matched_basic_blocks":[{"address":{"type":"absolute","value":4202438}}]},{"address":{"type":"absolute","value":4202572},"matched_basic_blocks":[{"address":{"type":"absolute","value":4202669}},{"address":{"type":"absolute","value":4202718}}]},{"address":{"type":"absolute","value":4202829},"matched_basic_blocks":[{"address":{"type":"absolute","value":4202891}},{"address":{"type":"absolute","value":4202923}}]},{"address":{"type":"absolute","value":4202983},"matched_basic_blocks":[{"address":{"type":"absolute","value":4203032}},{"address":{"type":"absolute","value":4203103}}]},{"address":{"type":"absolute","value":4203161},"matched_basic_blocks":[{"address":{"type":"absolute","value":4203317}}]},{"address":{"type":"absolute","value":4208782},"matched_basic_blocks":[{"address":{"type":"absolute","value":4208791}},{"address":{"type":"absolute","value":4208845}}]},{"address":{"type":"absolute","value":4208878},"matched_basic_blocks":[{"address":{"type":"absolute","value":4208887}},{"address":{"type":"absolute","value":4208941}}]},{"address":{"type":"absolute","value":4208974},"matched_basic_blocks":[{"address":{"type":"absolute","value":4208983}},{"address":{"type":"absolute","value":4209037}}]},{"address":{"type":"absolute","value":4209054},"matched_basic_blocks":[{"address":{"type":"absolute","value":4209063}},{"address":{"type":"absolute","value":4209117}}]},{"address":{"type":"absolute","value":4209150},"matched_basic_blocks":[{"address":{"type":"absolute","value":4209159}},{"address":{"type":"absolute","value":4209213}}]},{"address":{"type":"absolute","value":4209422},"matched_basic_blocks":[{"address":{"type":"absolute","value":4209431}},{"address":{"type":"absolute","value":4209485}}]},{"address":{"type":"absolute","value":4209502},"matched_basic_blocks":[{"address":{"type":"absolute","value":4209557}},{"address":{"type":"absolute","value":4209567}}]},{"address":{"type":"absolute","value":4209758},"matched_basic_blocks":[{"address":{"type":"absolute","value":4209766}},{"address":{"type":"absolute","value":4209783}}]},{"address":{"type":"absolute","value":4209822},"matched_basic_blocks":[{"address":{"type":"absolute","value":4209831}},{"address":{"type":"absolute","value":4209886}}]},{"address":{"type":"absolute","value":4209918},"matched_basic_blocks":[{"address":{"type":"absolute","value":4209918}}]},{"address":{"type":"absolute","value":4211182},"matched_basic_blocks":[{"address":{"type":"absolute","value":4211182}},{"address":{"type":"absolute","value":4211209}}]},{"address":{"type":"absolute","value":4211325},"matched_basic_blocks":[{"address":{"type":"absolute","value":4211325}},{"address":{"type":"absolute","value":4211371}},{"address":{"type":"absolute","value":4211404}},{"address":{"type":"absolute","value":4211413}},{"address":{"type":"absolute","value":4211451}},{"address":{"type":"absolute","value":4211471}},{"address":{"type":"absolute","value":4211487}},{"address":{"type":"absolute","value":4211528}}]},{"address":{"type":"absolute","value":4212811},"matched_basic_blocks":[{"address":{"type":"absolute","value":4212811}}]},{"address":{"type":"absolute","value":4213069},"matched_basic_blocks":[{"address":{"type":"absolute","value":4213069}}]},{"address":{"type":"absolute","value":4217166},"matched_basic_blocks":[{"address":{"type":"absolute","value":4217166}},{"address":{"type":"absolute","value":4217296}},{"address":{"type":"absolute","value":4217374}}]},{"address":{"type":"absolute","value":4217390},"matched_basic_blocks":[{"address":{"type":"absolute","value":4217413}},{"address":{"type":"absolute","value":4217428}},{"address":{"type":"absolute","value":4217466}},{"address":{"type":"absolute","value":4217526}},{"address":{"type":"absolute","value":4217567}},{"address":{"type":"absolute","value":4217602}}]},{"address":{"type":"absolute","value":4217614},"matched_basic_blocks":[{"address":{"type":"absolute","value":4217650}},{"address":{"type":"absolute","value":4217709}},{"address":{"type":"absolute","value":4217744}},{"address":{"type":"absolute","value":4217750}}]},{"address":{"type":"absolute","value":4217790},"matched_basic_blocks":[{"address":{"type":"absolute","value":4217824}}]},{"address":{"type":"absolute","value":4217944},"matched_basic_blocks":[{"address":{"type":"absolute","value":4217944}},{"address":{"type":"absolute","value":4217973}},{"address":{"type":"absolute","value":4217990}},{"address":{"type":"absolute","value":4218023}}]},{"address":{"type":"absolute","value":4220142},"matched_basic_blocks":[{"address":{"type":"absolute","value":4220161}},{"address":{"type":"absolute","value":4220243}},{"address":{"type":"absolute","value":4220310}},{"address":{"type":"absolute","value":4220405}},{"address":{"type":"absolute","value":4220426}},{"address":{"type":"absolute","value":4220468}}]},{"address":{"type":"absolute","value":4220494},"matched_basic_blocks":[{"address":{"type":"absolute","value":4220494}}]},{"address":{"type":"absolute","value":4220590},"matched_basic_blocks":[{"address":{"type":"absolute","value":4220616}},{"address":{"type":"absolute","value":4220712}},{"address":{"type":"absolute","value":4220850}},{"address":{"type":"absolute","value":4220867}},{"address":{"type":"absolute","value":4220899}},{"address":{"type":"absolute","value":4220920}},{"address":{"type":"absolute","value":4220934}}]},{"address":{"type":"absolute","value":4220958},"matched_basic_blocks":[{"address":{"type":"absolute","value":4220979}},{"address":{"type":"absolute","value":4220996}},{"address":{"type":"absolute","value":4221014}}]},{"address":{"type":"absolute","value":4221054},"matched_basic_blocks":[{"address":{"type":"absolute","value":4221081}}]},{"address":{"type":"absolute","value":4221150},"matched_basic_blocks":[{"address":{"type":"absolute","value":4221150}},{"address":{"type":"absolute","value":4221186}}]},{"address":{"type":"absolute","value":4229232},"matched_basic_blocks":[{"address":{"type":"absolute","value":4229232}}]},{"address":{"type":"absolute","value":4229312},"matched_basic_blocks":[{"address":{"type":"absolute","value":4229327}}]},{"address":{"type":"absolute","value":4229424},"matched_basic_blocks":[{"address":{"type":"absolute","value":4229424}},{"address":{"type":"absolute","value":4229465}}]},{"address":{"type":"absolute","value":4229536},"matched_basic_blocks":[{"address":{"type":"absolute","value":4229536}},{"address":{"type":"absolute","value":4229608}},{"address":{"type":"absolute","value":4229624}},{"address":{"type":"absolute","value":4229632}}]},{"address":{"type":"absolute","value":4229760},"matched_basic_blocks":[{"address":{"type":"absolute","value":4229760}},{"address":{"type":"absolute","value":4229942}},{"address":{"type":"absolute","value":4230127}},{"address":{"type":"absolute","value":4230477}}]},{"address":{"type":"absolute","value":4230496},"matched_basic_blocks":[{"address":{"type":"absolute","value":4230496}}]},{"address":{"type":"absolute","value":4230864},"matched_basic_blocks":[{"address":{"type":"absolute","value":4230864}}]},{"address":{"type":"absolute","value":4230960},"matched_basic_blocks":[{"address":{"type":"absolute","value":4230960}},{"address":{"type":"absolute","value":4231141}},{"address":{"type":"absolute","value":4231152}}]},{"address":{"type":"absolute","value":4231248},"matched_basic_blocks":[{"address":{"type":"absolute","value":4231281}},{"address":{"type":"absolute","value":4231294}},{"address":{"type":"absolute","value":4231348}},{"address":{"type":"absolute","value":4231371}},{"address":{"type":"absolute","value":4231395}}]},{"address":{"type":"absolute","value":4231424},"matched_basic_blocks":[{"address":{"type":"absolute","value":4231433}},{"address":{"type":"absolute","value":4231487}}]},{"address":{"type":"absolute","value":4231520},"matched_basic_blocks":[{"address":{"type":"absolute","value":4231529}},{"address":{"type":"absolute","value":4231583}}]},{"address":{"type":"absolute","value":4231600},"matched_basic_blocks":[{"address":{"type":"absolute","value":4231609}},{"address":{"type":"absolute","value":4231664}}]}]},"feature_counts":{"file":612,"functions":[{"address":{"type":"absolute","value":4198400},"count":71},{"address":{"type":"absolute","value":4198608},"count":50},{"address":{"type":"absolute","value":4198688},"count":48},{"address":{"type":"absolute","value":4198816},"count":65},{"address":{"type":"absolute","value":4199088},"count":61},{"address":{"type":"absolute","value":4199216},"count":6},{"address":{"type":"absolute","value":4202366},"count":31},{"address":{"type":"absolute","value":4202438},"count":52},{"address":{"type":"absolute","value":4202572},"count":43},{"address":{"type":"absolute","value":4202800},"count":11},{"address":{"type":"absolute","value":4202811},"count":17},{"address":{"type":"absolute","value":4202829},"count":53},{"address":{"type":"absolute","value":4202983},"count":57},{"address":{"type":"absolute","value":4203161},"count":47},{"address":{"type":"absolute","value":4203624},"count":8},{"address":{"type":"absolute","value":4203630},"count":8},{"address":{"type":"absolute","value":4208782},"count":36},{"address":{"type":"absolute","value":4208878},"count":36},{"address":{"type":"absolute","value":4208974},"count":34},{"address":{"type":"absolute","value":4209054},"count":36},{"address":{"type":"absolute","value":4209150},"count":34},{"address":{"type":"absolute","value":4209422},"count":32},{"address":{"type":"absolute","value":4209502},"count":35},{"address":{"type":"absolute","value":4209758},"count":26},{"address":{"type":"absolute","value":4209822},"count":39},{"address":{"type":"absolute","value":4209918},"count":40},{"address":{"type":"absolute","value":4211182},"count":45},{"address":{"type":"absolute","value":4211325},"count":49},{"address":{"type":"absolute","value":4212811},"count":14},{"address":{"type":"absolute","value":4213069},"count":17},{"address":{"type":"absolute","value":4216990},"count":13},{"address":{"type":"absolute","value":4217022},"count":13},{"address":{"type":"absolute","value":4217070},"count":36},{"address":{"type":"absolute","value":4217166},"count":68},{"address":{"type":"absolute","value":4217390},"count":72},{"address":{"type":"absolute","value":4217614},"count":59},{"address":{"type":"absolute","value":4217790},"count":43},{"address":{"type":"absolute","value":4217944},"count":60},{"address":{"type":"absolute","value":4220142},"count":121},{"address":{"type":"absolute","value":4220494},"count":68},{"address":{"type":"absolute","value":4220590},"count":132},{"address":{"type":"absolute","value":4220958},"count":38},{"address":{"type":"absolute","value":4221054},"count":46},{"address":{"type":"absolute","value":4221150},"count":19},{"address":{"type":"absolute","value":4229232},"count":37},{"address":{"type":"absolute","value":4229312},"count":46},{"address":{"type":"absolute","value":4229424},"count":49},{"address":{"type":"absolute","value":4229536},"count":69},{"address":{"type":"absolute","value":4229760},"count":139},{"address":{"type":"absolute","value":4230496},"count":42},{"address":{"type":"absolute","value":4230576},"count":30},{"address":{"type":"absolute","value":4230800},"count":7},{"address":{"type":"absolute","value":4230806},"count":7},{"address":{"type":"absolute","value":4230864},"count":40},{"address":{"type":"absolute","value":4230960},"count":86},{"address":{"type":"absolute","value":4231248},"count":58},{"address":{"type":"absolute","value":4231424},"count":32},{"address":{"type":"absolute","value":4231520},"count":28},{"address":{"type":"absolute","value":4231600},"count":35}]},"library_functions":[{"address":{"type":"absolute","value":4230816},"name":"__alloca_probe"}]}},"rules":{"link function at runtime on Windows":{"meta":{"name":"link function at runtime on Windows","namespace":"linking/runtime-linking","authors":["moritz.raabe@mandiant.com","michael.hunhoff@mandiant.com"],"scopes":{"static":"instruction","dynamic":"call"},"attack":[{"parts":["Execution","Shared Modules"],"tactic":"Execution","technique":"Shared Modules","subtechnique":"","id":"T1129"}],"mbc":[],"references":[],"examples":["9324D1A8AE37A36AE560C37448C9705A:0x404130","Practical Malware Analysis Lab 01-04.exe_:0x401350"],"description":"","lib":false,"is_subscope_rule":false,"maec":{}},"source":"rule:\n  meta:\n    name: link function at runtime on Windows\n    namespace: linking/runtime-linking\n    authors:\n      - moritz.raabe@mandiant.com\n      - michael.hunhoff@mandiant.com\n    scopes:\n      static: instruction\n      dynamic: call\n    att&ck:\n      - Execution::Shared Modules [T1129]\n    examples:\n      - 9324D1A8AE37A36AE560C37448C9705A:0x404130\n      - Practical Malware Analysis Lab 01-04.exe_:0x401350\n  features:\n    - and:\n      - os: windows\n      - or:\n        - api: kernel32.GetProcAddress\n        - api: ntdll.LdrGetProcedureAddress\n","matches":[[{"type":"absolute","value":4231476},{"success":true,"node":{"type":"statement","statement":{"type":"and"}},"children":[{"success":true,"node":{"type":"feature","feature":{"type":"os","os":"windows"}},"children":[],"locations":[{"type":"no address"}],"captures":{}},{"success":true,"node":{"type":"statement","statement":{"type":"or"}},"children":[{"success":true,"node":{"type":"feature","feature":{"type":"api","api":"GetProcAddress"}},"children":[],"locations":[{"type":"absolute","value":4231476}],"captures":{}},{"success":false,"node":{"type":"feature","feature":{"type":"api","api":"LdrGetProcedureAddress"}},"children":[],"locations":[],"captures":{}}],"locations":[],"captures":{}}],"locations":[],"captures":{}}],[{"type":"absolute","value":4231572},{"success":true,"node":{"type":"statement","statement":{"type":"and"}},"children":[{"success":true,"node":{"type":"feature","feature":{"type":"os","os":"windows"}},"children":[],"locations":[{"type":"no address"}],"captures":{}},{"success":true,"node":{"type":"statement","statement":{"type":"or"}},"children":[{"success":true,"node":{"type":"feature","feature":{"type":"api","api":"GetProcAddress"}},"children":[],"locations":[{"type":"absolute","value":4231572}],"captures":{}},{"success":false,"node":{"type":"feature","feature":{"type":"api","api":"LdrGetProcedureAddress"}},"children":[],"locations":[],"captures":{}}],"locations":[],"captures":{}}],"locations":[],"captures":{}}],[{"type":"absolute","value":4231653},{"success":true,"node":{"type":"statement","statement":{"type":"and"}},"children":[{"success":true,"node":{"type":"feature","feature":{"type":"os","os":"windows"}},"children":[],"locations":[{"type":"no address"}],"captures":{}},{"success":true,"node":{"type":"statement","statement":{"type":"or"}},"children":[{"success":true,"node":{"type":"feature","feature":{"type":"api","api":"GetProcAddress"}},"children":[],"locations":[{"type":"absolute","value":4231653}],"captures":{}},{"success":false,"node":{"type":"feature","feature":{"type":"api","api":"LdrGetProcedureAddress"}},"children":[],"locations":[],"captures":{}}],"locations":[],"captures":{}}],"locations":[],"captures":{}}]]},"create or open file":{"meta":{"name":"create or open file","authors":["michael.hunhoff@mandiant.com","joakim@intezer.com"],"scopes":{"static":"basic block","dynamic":"call"},"attack":[],"mbc":[{"parts":["File System","Create File"],"objective":"File System","behavior":"Create File","method":"","id":"C0016"}],"references":[],"examples":["B5F85C26D7AA5A1FB4AF5821B6B5AB9B:0x401D7E"],"description":"","lib":true,"is_subscope_rule":false,"maec":{}},"source":"rule:\n  meta:\n    name: create or open file\n    authors:\n      - michael.hunhoff@mandiant.com\n      - joakim@intezer.com\n    lib: true\n    scopes:\n      static: basic block\n      dynamic: call\n    mbc:\n      - File System::Create File [C0016]\n    examples:\n      - B5F85C26D7AA5A1FB4AF5821B6B5AB9B:0x401D7E\n  features:\n    - or:\n      - api: CreateFile\n      - api: CreateFileEx\n      - api: IoCreateFile\n      - api: IoCreateFileEx\n      - api: ZwOpenFile\n      - api: ZwCreateFile\n      - api: NtOpenFile\n      - api: NtCreateFile\n      - api: LZCreateFile\n      - api: LZOpenFile\n      - api: fopen\n      - api: fopen64\n      - api: fdopen\n      - api: freopen\n      - api: open\n      - api: openat\n","matches":[[{"type":"absolute","value":4198400},{"success":true,"node":{"type":"statement","statement":{"type":"or"}},"children":[{"success":true,"node":{"type":"feature","feature":{"type":"api","api":"CreateFile"}},"children":[],"locations":[{"type":"absolute","value":4198427}],"captures":{}},{"success":false,"node":{"type":"feature","feature":{"type":"api","api":"CreateFileEx"}},"children":[],"locations":[],"captures":{}},{"success":false,"node":{"type":"feature","feature":{"type":"api","api":"IoCreateFile"}},"children":[],"locations":[],"captures":{}},{"success":false,"node":{"type":"feature","feature":{"type":"api","api":"IoCreateFileEx"}},"children":[],"locations":[],"captures":{}},{"success":false,"node":{"type":"feature","feature":{"type":"api","api":"ZwOpenFile"}},"children":[],"locations":[],"captures":{}},{"success":false,"node":{"type":"feature","feature":{"type":"api","api":"ZwCreateFile"}},"children":[],"locations":[],"captures":{}},{"success":false,"node":{"type":"feature","feature":{"type":"api","api":"NtOpenFile"}},"children":[],"locations":[],"captures":{}},{"success":false,"node":{"type":"feature","feature":{"type":"api","api":"NtCreateFile"}},"children":[],"locations":[],"captures":{}},{"success":false,"node":{"type":"feature","feature":{"type":"api","api":"LZCreateFile"}},"children":[],"locations":[],"captures":{}},{"success":false,"node":{"type":"feature","feature":{"type":"api","api":"LZOpenFile"}},"children":[],"locations":[],"captures":{}},{"success":false,"node":{"type":"feature","feature":{"type":"api","api":"fopen"}},"children":[],"locations":[],"captures":{}},{"success":false,"node":{"type":"feature","feature":{"type":"api","api":"fopen64"}},"children":[],"locations":[],"captures":{}},{"success":false,"node":{"type":"feature","feature":{"type":"api","api":"fdopen"}},"children":[],"locations":[],"captures":{}},{"success":false,"node":{"type":"feature","feature":{"type":"api","api":"freopen"}},"children":[],"locations":[],"captures":{}},{"success":false,"node":{"type":"feature","feature":{"type":"api","api":"open"}},"children":[],"locations":[],"captures":{}},{"success":false,"node":{"type":"feature","feature":{"type":"api","api":"openat"}},"children":[],"locations":[],"captures":{}}],"locations":[],"captures":{}}],[{"type":"absolute","value":4229327},{"success":true,"node":{"type":"statement","statement":{"type":"or"}},"children":[{"success":true,"node":{"type":"feature","feature":{"type":"api","api":"CreateFile"}},"children":[],"locations":[{"type":"absolute","value":4229350}],"captures":{}},{"success":false,"node":{"type":"feature","feature":{"type":"api","api":"CreateFileEx"}},"children":[],"locations":[],"captures":{}},{"success":false,"node":{"type":"feature","feature":{"type":"api","api":"IoCreateFile"}},"children":[],"locations":[],"captures":{}},{"success":false,"node":{"type":"feature","feature":{"type":"api","api":"IoCreateFileEx"}},"children":[],"locations":[],"captures":{}},{"success":false,"node":{"type":"feature","feature":{"type":"api","api":"ZwOpenFile"}},"children":[],"locations":[],"captures":{}},{"success":false,"node":{"type":"feature","feature":{"type":"api","api":"ZwCreateFile"}},"children":[],"locations":[],"captures":{}},{"success":false,"node":{"type":"feature","feature":{"type":"api","api":"NtOpenFile"}},"children":[],"locations":[],"captures":{}},{"success":false,"node":{"type":"feature","feature":{"type":"api","api":"NtCreateFile"}},"children":[],"locations":[],"captures":{}},{"success":false,"node":{"type":"feature","feature":{"type":"api","api":"LZCreateFile"}},"children":[],"locations":[],"captures":{}},{"success":false,"node":{"type":"feature","feature":{"type":"api","api":"LZOpenFile"}},"children":[],"locations":[],"captures":{}},{"success":false,"node":{"type":"feature","feature":{"type":"api","api":"fopen"}},"children":[],"locations":[],"captures":{}},{"success":false,"node":{"type":"feature","feature":{"type":"api","api":"fopen64"}},"children":[],"locations":[],"captures":{}},{"success":false,"node":{"type":"feature","feature":{"type":"api","api":"fdopen"}},"children":[],"locations":[],"captures":{}},{"success":false,"node":{"type":"feature","feature":{"type":"api","api":"freopen"}},"children":[],"locations":[],"captures":{}},{"success":false,"node":{"type":"feature","feature":{"type":"api","api":"open"}},"children":[],"locations":[],"captures":{}},{"success":false,"node":{"type":"feature","feature":{"type":"api","api":"openat"}},"children":[],"locations":[],"captures":{}}],"locations":[],"captures":{}}],[{"type":"absolute","value":4229424},{"success":true,"node":{"type":"statement","statement":{"type":"or"}},"children":[{"success":true,"node":{"type":"feature","feature":{"type":"api","api":"CreateFile"}},"children":[],"locations":[{"type":"absolute","value":4229448}],"captures":{}},{"success":false,"node":{"type":"feature","feature":{"type":"api","api":"CreateFileEx"}},"children":[],"locations":[],"captures":{}},{"success":false,"node":{"type":"feature","feature":{"type":"api","api":"IoCreateFile"}},"children":[],"locations":[],"captures":{}},{"success":false,"node":{"type":"feature","feature":{"type":"api","api":"IoCreateFileEx"}},"children":[],"locations":[],"captures":{}},{"success":false,"node":{"type":"feature","feature":{"type":"api","api":"ZwOpenFile"}},"children":[],"locations":[],"captures":{}},{"success":false,"node":{"type":"feature","feature":{"type":"api","api":"ZwCreateFile"}},"children":[],"locations":[],"captures":{}},{"success":false,"node":{"type":"feature","feature":{"type":"api","api":"NtOpenFile"}},"children":[],"locations":[],"captures":{}},{"success":false,"node":{"type":"feature","feature":{"type":"api","api":"NtCreateFile"}},"children":[],"locations":[],"captures":{}},{"success":false,"node":{"type":"feature","feature":{"type":"api","api":"LZCreateFile"}},"children":[],"locations":[],"captures":{}},{"success":false,"node":{"type":"feature","feature":{"type":"api","api":"LZOpenFile"}},"children":[],"locations":[],"captures":{}},{"success":false,"node":{"type":"feature","feature":{"type":"api","api":"fopen"}},"children":[],"locations":[],"captures":{}},{"success":false,"node":{"type":"feature","feature":{"type":"api","api":"fopen64"}},"children":[],"locations":[],"captures":{}},{"success":false,"node":{"type":"feature","feature":{"type":"api","api":"fdopen"}},"children":[],"locations":[],"captures":{}},{"success":false,"node":{"type":"feature","feature":{"type":"api","api":"freopen"}},"children":[],"locations":[],"captures":{}},{"success":false,"node":{"type":"feature","feature":{"type":"api","api":"open"}},"children":[],"locations":[],"captures":{}},{"success":false,"node":{"type":"feature","feature":{"type":"api","api":"openat"}},"children":[],"locations":[],"captures":{}}],"locations":[],"captures":{}}],[{"type":"absolute","value":4230960},{"success":true,"node":{"type":"statement","statement":{"type":"or"}},"children":[{"success":true,"node":{"type":"feature","feature":{"type":"api","api":"CreateFile"}},"children":[],"locations":[{"type":"absolute","value":4231128}],"captures":{}},{"success":false,"node":{"type":"feature","feature":{"type":"api","api":"CreateFileEx"}},"children":[],"locations":[],"captures":{}},{"success":false,"node":{"type":"feature","feature":{"type":"api","api":"IoCreateFile"}},"children":[],"locations":[],"captures":{}},{"success":false,"node":{"type":"feature","feature":{"type":"api","api":"IoCreateFileEx"}},"children":[],"locations":[],"captures":{}},{"success":false,"node":{"type":"feature","feature":{"type":"api","api":"ZwOpenFile"}},"children":[],"locations":[],"captures":{}},{"success":false,"node":{"type":"feature","feature":{"type":"api","api":"ZwCreateFile"}},"children":[],"locations":[],"captures":{}},{"success":false,"node":{"type":"feature","feature":{"type":"api","api":"NtOpenFile"}},"children":[],"locations":[],"captures":{}},{"success":false,"node":{"type":"feature","feature":{"type":"api","api":"NtCreateFile"}},"children":[],"locations":[],"captures":{}},{"success":false,"node":{"type":"feature","feature":{"type":"api","api":"LZCreateFile"}},"children":[],"locations":[],"captures":{}},{"success":false,"node":{"type":"feature","feature":{"type":"api","api":"LZOpenFile"}},"children":[],"locations":[],"captures":{}},{"success":false,"node":{"type":"feature","feature":{"type":"api","api":"fopen"}},"children":[],"locations":[],"captures":{}},{"success":false,"node":{"type":"feature","feature":{"type":"api","api":"fopen64"}},"children":[],"locations":[],"captures":{}},{"success":false,"node":{"type":"feature","feature":{"type":"api","api":"fdopen"}},"children":[],"locations":[],"captures":{}},{"success":false,"node":{"type":"feature","feature":{"type":"api","api":"freopen"}},"children":[],"locations":[],"captures":{}},{"success":false,"node":{"type":"feature","feature":{"type":"api","api":"open"}},"children":[],"locations":[],"captures":{}},{"success":false,"node":{"type":"feature","feature":{"type":"api","api":"openat"}},"children":[],"locations":[],"captures":{}}],"locations":[],"captures":{}}]]},"encode data using XOR":{"meta":{"name":"encode data using XOR","namespace":"data-manipulation/encoding/xor","authors":["moritz.raabe@mandiant.com"],"scopes":{"static":"basic block"},"attack":[{"parts":["Defense Evasion","Obfuscated Files or Information"],"tactic":"Defense Evasion","technique":"Obfuscated Files or Information","subtechnique":"","id":"T1027"}],"mbc":[{"parts":["Defense Evasion","Obfuscated Files or Information","Encoding-Standard Algorithm"],"objective":"Defense Evasion","behavior":"Obfuscated Files or Information","method":"Encoding-Standard Algorithm","id":"E1027.m02"},{"parts":["Data","Encode Data","XOR"],"objective":"Data","behavior":"Encode Data","method":"XOR","id":"C0026.002"}],"references":[],"examples":["2D3EDC218A90F03089CC01715A9F047F:0x403D7E"],"description":"","lib":false,"is_subscope_rule":false,"maec":{}},"source":"rule:\n  meta:\n    name: encode data using XOR\n    namespace: data-manipulation/encoding/xor\n    authors:\n      - moritz.raabe@mandiant.com\n    scopes:\n      static: basic block\n      dynamic: unsupported  # requires characteristic, Not features\n    att&ck:\n      - Defense Evasion::Obfuscated Files or Information [T1027]\n    mbc:\n      - Defense Evasion::Obfuscated Files or Information::Encoding-Standard Algorithm [E1027.m02]\n      - Data::Encode Data::XOR [C0026.002]\n    examples:\n      - 2D3EDC218A90F03089CC01715A9F047F:0x403D7E\n  features:\n    - and:\n      - characteristic: tight loop\n      - characteristic: nzxor\n      - not:\n        - description: filter for potential false positives\n        - or:\n          - or:\n            - description: unsigned bitwise negation operation (~i)\n            - number: 0xFFFFFFFF = bitwise negation for unsigned 32 bits\n            - number: 0xFFFFFFFFFFFFFFFF = bitwise negation for unsigned 64 bits\n          - or:\n            - description: signed bitwise negation operation (~i)\n            - number: 0x0FFFFFFF = bitwise negation for signed 32 bits\n            - number: 0x0FFFFFFFFFFFFFFF = bitwise negation for signed 64 bits\n          - or:\n            - description: Magic constants used in the implementation of strings functions.\n            # such as `strlen` and `strcat` in the Windows standard library:\n            # (((i - 0x81010101) ^ ~i) & 0x81010100)\n            ## 32 bits\n            - number: 0x7EFEFEFF = optimized string constant for 32 bits\n            - number: 0x81010101 = -0x81010101 = 0x7EFEFEFF\n            - number: 0x81010100 = 0x81010100 = ~0x7EFEFEFF\n            ## 64 bits\n            - number: 0x7EFEFEFEFEFEFEFF = optimized string constant for 64 bits\n            - number: 0x8101010101010101 = -0x8101010101010101 = 0x7EFEFEFEFEFEFEFF\n            - number: 0x8101010101010100 = 0x8101010101010100 = ~0x7EFEFEFEFEFEFEFF\n","matches":[[{"type":"absolute","value":4198650},{"success":true,"node":{"type":"statement","statement":{"type":"and"}},"children":[{"success":true,"node":{"type":"feature","feature":{"type":"characteristic","characteristic":"tight loop"}},"children":[],"locations":[{"type":"absolute","value":4198650}],"captures":{}},{"success":true,"node":{"type":"feature","feature":{"type":"characteristic","characteristic":"nzxor"}},"children":[],"locations":[{"type":"absolute","value":4198653}],"captures":{}},{"success":true,"node":{"type":"statement","statement":{"type":"not","description":"filter for potential false positives"}},"children":[{"success":false,"node":{"type":"statement","statement":{"type":"or"}},"children":[{"success":false,"node":{"type":"statement","statement":{"type":"or","description":"unsigned bitwise negation operation (~i)"}},"children":[{"success":false,"node":{"type":"feature","feature":{"type":"number","number":4294967295,"description":"bitwise negation for unsigned 32 bits"}},"children":[],"locations":[],"captures":{}},{"success":false,"node":{"type":"feature","feature":{"type":"number","number":18446744073709551615,"description":"bitwise negation for unsigned 64 bits"}},"children":[],"locations":[],"captures":{}}],"locations":[],"captures":{}},{"success":false,"node":{"type":"statement","statement":{"type":"or","description":"signed bitwise negation operation (~i)"}},"children":[{"success":false,"node":{"type":"feature","feature":{"type":"number","number":268435455,"description":"bitwise negation for signed 32 bits"}},"children":[],"locations":[],"captures":{}},{"success":false,"node":{"type":"feature","feature":{"type":"number","number":1152921504606846975,"description":"bitwise negation for signed 64 bits"}},"children":[],"locations":[],"captures":{}}],"locations":[],"captures":{}},{"success":false,"node":{"type":"statement","statement":{"type":"or","description":"Magic constants used in the implementation of strings functions."}},"children":[{"success":false,"node":{"type":"feature","feature":{"type":"number","number":2130640639,"description":"optimized string constant for 32 bits"}},"children":[],"locations":[],"captures":{}},{"success":false,"node":{"type":"feature","feature":{"type":"number","number":2164326657,"description":"-0x81010101 = 0x7EFEFEFF"}},"children":[],"locations":[],"captures":{}},{"success":false,"node":{"type":"feature","feature":{"type":"number","number":2164326656,"description":"0x81010100 = ~0x7EFEFEFF"}},"children":[],"locations":[],"captures":{}},{"success":false,"node":{"type":"feature","feature":{"type":"number","number":9151031864016699135,"description":"optimized string constant for 64 bits"}},"children":[],"locations":[],"captures":{}},{"success":false,"node":{"type":"feature","feature":{"type":"number","number":9295712209692852481,"description":"-0x8101010101010101 = 0x7EFEFEFEFEFEFEFF"}},"children":[],"locations":[],"captures":{}},{"success":false,"node":{"type":"feature","feature":{"type":"number","number":9295712209692852480,"description":"0x8101010101010100 = ~0x7EFEFEFEFEFEFEFF"}},"children":[],"locations":[],"captures":{}}],"locations":[],"captures":{}}],"locations":[],"captures":{}}],"locations":[],"captures":{}}],"locations":[],"captures":{}}]]},"read file on Windows":{"meta":{"name":"read file on Windows","namespace":"host-interaction/file-system/read","authors":["moritz.raabe@mandiant.com","anushka.virgaonkar@mandiant.com"],"scopes":{"static":"function","dynamic":"thread"},"attack":[],"mbc":[{"parts":["File System","Read File"],"objective":"File System","behavior":"Read File","method":"","id":"C0051"}],"references":[],"examples":["BFB9B5391A13D0AFD787E87AB90F14F5:0x1314567B"],"description":"","lib":false,"is_subscope_rule":false,"maec":{}},"source":"rule:\n  meta:\n    name: read file on Windows\n    namespace: host-interaction/file-system/read\n    authors:\n      - moritz.raabe@mandiant.com\n      - anushka.virgaonkar@mandiant.com\n    scopes:\n      static: function\n      dynamic: thread\n    mbc:\n      - File System::Read File [C0051]\n    examples:\n      - BFB9B5391A13D0AFD787E87AB90F14F5:0x1314567B\n  features:\n    - or:\n      - and:\n        - os: windows\n        - optional:\n          - and:\n            - number: 0x80000000 = GENERIC_READ\n            - match: create or open file\n        - or:\n          - api: kernel32.ReadFile\n          - api: ReadFileEx\n          - api: NtReadFile\n          - api: ZwReadFile\n          - api: LZRead\n          - api: _read\n          - api: fread\n      - api: System.IO.File::ReadAllBytes\n      - api: System.IO.File::ReadAllBytesAsync\n      - api: System.IO.File::ReadAllLines\n      - api: System.IO.File::ReadAllLinesAsync\n      - api: System.IO.File::ReadAllText\n      - api: System.IO.File::ReadAllTextAsync\n      - api: System.IO.File::ReadLines\n","matches":[[{"type":"absolute","value":4198400},{"success":true,"node":{"type":"statement","statement":{"type":"or"}},"children":[{"success":false,"node":{"type":"feature","feature":{"type":"api","api":"System.IO.File::ReadAllBytes"}},"children":[],"locations":[],"captures":{}},{"success":false,"node":{"type":"feature","feature":{"type":"api","api":"System.IO.File::ReadAllBytesAsync"}},"children":[],"locations":[],"captures":{}},{"success":false,"node":{"type":"feature","feature":{"type":"api","api":"System.IO.File::ReadAllLines"}},"children":[],"locations":[],"captures":{}},{"success":false,"node":{"type":"feature","feature":{"type":"api","api":"System.IO.File::ReadAllLinesAsync"}},"children":[],"locations":[],"captures":{}},{"success":false,"node":{"type":"feature","feature":{"type":"api","api":"System.IO.File::ReadAllText"}},"children":[],"locations":[],"captures":{}},{"success":false,"node":{"type":"feature","feature":{"type":"api","api":"System.IO.File::ReadAllTextAsync"}},"children":[],"locations":[],"captures":{}},{"success":false,"node":{"type":"feature","feature":{"type":"api","api":"System.IO.File::ReadLines"}},"children":[],"locations":[],"captures":{}},{"success":true,"node":{"type":"statement","statement":{"type":"and"}},"children":[{"success":true,"node":{"type":"feature","feature":{"type":"os","os":"windows"}},"children":[],"locations":[{"type":"no address"}],"captures":{}},{"success":true,"node":{"type":"statement","statement":{"type":"optional"}},"children":[{"success":true,"node":{"type":"statement","statement":{"type":"and"}},"children":[{"success":true,"node":{"type":"feature","feature":{"type":"number","number":2147483648,"description":"GENERIC_READ"}},"children":[],"locations":[{"type":"absolute","value":4198421}],"captures":{}},{"success":true,"node":{"type":"feature","feature":{"type":"match","match":"create or open file"}},"children":[{"success":true,"node":{"type":"statement","statement":{"type":"or"}},"children":[{"success":true,"node":{"type":"feature","feature":{"type":"api","api":"CreateFile"}},"children":[],"locations":[{"type":"absolute","value":4198427}],"captures":{}},{"success":false,"node":{"type":"feature","feature":{"type":"api","api":"CreateFileEx"}},"children":[],"locations":[],"captures":{}},{"success":false,"node":{"type":"feature","feature":{"type":"api","api":"IoCreateFile"}},"children":[],"locations":[],"captures":{}},{"success":false,"node":{"type":"feature","feature":{"type":"api","api":"IoCreateFileEx"}},"children":[],"locations":[],"captures":{}},{"success":false,"node":{"type":"feature","feature":{"type":"api","api":"ZwOpenFile"}},"children":[],"locations":[],"captures":{}},{"success":false,"node":{"type":"feature","feature":{"type":"api","api":"ZwCreateFile"}},"children":[],"locations":[],"captures":{}},{"success":false,"node":{"type":"feature","feature":{"type":"api","api":"NtOpenFile"}},"children":[],"locations":[],"captures":{}},{"success":false,"node":{"type":"feature","feature":{"type":"api","api":"NtCreateFile"}},"children":[],"locations":[],"captures":{}},{"success":false,"node":{"type":"feature","feature":{"type":"api","api":"LZCreateFile"}},"children":[],"locations":[],"captures":{}},{"success":false,"node":{"type":"feature","feature":{"type":"api","api":"LZOpenFile"}},"children":[],"locations":[],"captures":{}},{"success":false,"node":{"type":"feature","feature":{"type":"api","api":"fopen"}},"children":[],"locations":[],"captures":{}},{"success":false,"node":{"type":"feature","feature":{"type":"api","api":"fopen64"}},"children":[],"locations":[],"captures":{}},{"success":false,"node":{"type":"feature","feature":{"type":"api","api":"fdopen"}},"children":[],"locations":[],"captures":{}},{"success":false,"node":{"type":"feature","feature":{"type":"api","api":"freopen"}},"children":[],"locations":[],"captures":{}},{"success":false,"node":{"type":"feature","feature":{"type":"api","api":"open"}},"children":[],"locations":[],"captures":{}},{"success":false,"node":{"type":"feature","feature":{"type":"api","api":"openat"}},"children":[],"locations":[],"captures":{}}],"locations":[],"captures":{}}],"locations":[{"type":"absolute","value":4198400}],"captures":{}}],"locations":[],"captures":{}}],"locations":[],"captures":{}},{"success":true,"node":{"type":"statement","statement":{"type":"or"}},"children":[{"success":true,"node":{"type":"feature","feature":{"type":"api","api":"ReadFile"}},"children":[],"locations":[{"type":"absolute","value":4198510}],"captures":{}},{"success":false,"node":{"type":"feature","feature":{"type":"api","api":"ReadFileEx"}},"children":[],"locations":[],"captures":{}},{"success":false,"node":{"type":"feature","feature":{"type":"api","api":"NtReadFile"}},"children":[],"locations":[],"captures":{}},{"success":false,"node":{"type":"feature","feature":{"type":"api","api":"ZwReadFile"}},"children":[],"locations":[],"captures":{}},{"success":false,"node":{"type":"feature","feature":{"type":"api","api":"LZRead"}},"children":[],"locations":[],"captures":{}},{"success":false,"node":{"type":"feature","feature":{"type":"api","api":"_read"}},"children":[],"locations":[],"captures":{}},{"success":false,"node":{"type":"feature","feature":{"type":"api","api":"fread"}},"children":[],"locations":[],"captures":{}}],"locations":[],"captures":{}}],"locations":[],"captures":{}}],"locations":[],"captures":{}}]]},"get file size":{"meta":{"name":"get file size","namespace":"host-interaction/file-system/meta","authors":["michael.hunhoff@mandiant.com","anushka.virgaonkar@mandiant.com"],"scopes":{"static":"function","dynamic":"call"},"attack":[{"parts":["Discovery","File and Directory Discovery"],"tactic":"Discovery","technique":"File and Directory Discovery","subtechnique":"","id":"T1083"}],"mbc":[{"parts":["Discovery","File and Directory Discovery"],"objective":"Discovery","behavior":"File and Directory Discovery","method":"","id":"E1083"}],"references":[],"examples":["mimikatz.exe_:0x40630D"],"description":"","lib":false,"is_subscope_rule":false,"maec":{}},"source":"rule:\n  meta:\n    name: get file size\n    namespace: host-interaction/file-system/meta\n    authors:\n      - michael.hunhoff@mandiant.com\n      - anushka.virgaonkar@mandiant.com\n    scopes:\n      static: function\n      dynamic: call\n    att&ck:\n      - Discovery::File and Directory Discovery [T1083]\n    mbc:\n      - Discovery::File and Directory Discovery [E1083]\n    examples:\n      - mimikatz.exe_:0x40630D\n  features:\n    - or:\n      - api: kernel32.GetFileSize\n      - api: kernel32.GetFileSizeEx\n      - property/read: System.IO.FileInfo::Length\n","matches":[[{"type":"absolute","value":4198400},{"success":true,"node":{"type":"statement","statement":{"type":"or"}},"children":[{"success":true,"node":{"type":"feature","feature":{"type":"api","api":"GetFileSize"}},"children":[],"locations":[{"type":"absolute","value":4198460}],"captures":{}},{"success":false,"node":{"type":"feature","feature":{"type":"api","api":"GetFileSizeEx"}},"children":[],"locations":[],"captures":{}},{"success":false,"node":{"type":"feature","feature":{"type":"property","access":"read","property":"System.IO.FileInfo::Length"}},"children":[],"locations":[],"captures":{}}],"locations":[],"captures":{}}]]},"contain loop":{"meta":{"name":"contain loop","authors":["moritz.raabe@mandiant.com"],"scopes":{"static":"function"},"attack":[],"mbc":[],"references":[],"examples":["08AC667C65D36D6542917655571E61C8:0x406EAA"],"description":"","lib":true,"is_subscope_rule":false,"maec":{}},"source":"rule:\n  meta:\n    name: contain loop\n    authors:\n      - moritz.raabe@mandiant.com\n    lib: true\n    scopes:\n      static: function\n      dynamic: unsupported  # requires characteristic features\n    examples:\n      - 08AC667C65D36D6542917655571E61C8:0x406EAA\n  features:\n    - or:\n      - characteristic: loop\n      - characteristic: tight loop\n      - characteristic: recursive call\n","matches":[[{"type":"absolute","value":4198608},{"success":true,"node":{"type":"statement","statement":{"type":"or"}},"children":[{"success":false,"node":{"type":"feature","feature":{"type":"characteristic","characteristic":"loop"}},"children":[],"locations":[],"captures":{}},{"success":true,"node":{"type":"feature","feature":{"type":"characteristic","characteristic":"tight loop"}},"children":[],"locations":[{"type":"absolute","value":4198650}],"captures":{}},{"success":false,"node":{"type":"feature","feature":{"type":"characteristic","characteristic":"recursive call"}},"children":[],"locations":[],"captures":{}}],"locations":[],"captures":{}}],[{"type":"absolute","value":4198816},{"success":true,"node":{"type":"statement","statement":{"type":"or"}},"children":[{"success":true,"node":{"type":"feature","feature":{"type":"characteristic","characteristic":"loop"}},"children":[],"locations":[{"type":"absolute","value":4198816}],"captures":{}},{"success":false,"node":{"type":"feature","feature":{"type":"characteristic","characteristic":"tight loop"}},"children":[],"locations":[],"captures":{}},{"success":false,"node":{"type":"feature","feature":{"type":"characteristic","characteristic":"recursive call"}},"children":[],"locations":[],"captures":{}}],"locations":[],"captures":{}}],[{"type":"absolute","value":4199088},{"success":true,"node":{"type":"statement","statement":{"type":"or"}},"children":[{"success":true,"node":{"type":"feature","feature":{"type":"characteristic","characteristic":"loop"}},"children":[],"locations":[{"type":"absolute","value":4199088}],"captures":{}},{"success":false,"node":{"type":"feature","feature":{"type":"characteristic","characteristic":"tight loop"}},"children":[],"locations":[],"captures":{}},{"success":false,"node":{"type":"feature","feature":{"type":"characteristic","characteristic":"recursive call"}},"children":[],"locations":[],"captures":{}}],"locations":[],"captures":{}}],[{"type":"absolute","value":4202572},{"success":true,"node":{"type":"statement","statement":{"type":"or"}},"children":[{"success":true,"node":{"type":"feature","feature":{"type":"characteristic","characteristic":"loop"}},"children":[],"locations":[{"type":"absolute","value":4202572}],"captures":{}},{"success":false,"node":{"type":"feature","feature":{"type":"characteristic","characteristic":"tight loop"}},"children":[],"locations":[],"captures":{}},{"success":false,"node":{"type":"feature","feature":{"type":"characteristic","characteristic":"recursive call"}},"children":[],"locations":[],"captures":{}}],"locations":[],"captures":{}}],[{"type":"absolute","value":4202829},{"success":true,"node":{"type":"statement","statement":{"type":"or"}},"children":[{"success":true,"node":{"type":"feature","feature":{"type":"characteristic","characteristic":"loop"}},"children":[],"locations":[{"type":"absolute","value":4202829}],"captures":{}},{"success":false,"node":{"type":"feature","feature":{"type":"characteristic","characteristic":"tight loop"}},"children":[],"locations":[],"captures":{}},{"success":false,"node":{"type":"feature","feature":{"type":"characteristic","characteristic":"recursive call"}},"children":[],"locations":[],"captures":{}}],"locations":[],"captures":{}}],[{"type":"absolute","value":4202983},{"success":true,"node":{"type":"statement","statement":{"type":"or"}},"children":[{"success":true,"node":{"type":"feature","feature":{"type":"characteristic","characteristic":"loop"}},"children":[],"locations":[{"type":"absolute","value":4202983}],"captures":{}},{"success":true,"node":{"type":"feature","feature":{"type":"characteristic","characteristic":"tight loop"}},"children":[],"locations":[{"type":"absolute","value":4203032}],"captures":{}},{"success":false,"node":{"type":"feature","feature":{"type":"characteristic","characteristic":"recursive call"}},"children":[],"locations":[],"captures":{}}],"locations":[],"captures":{}}],[{"type":"absolute","value":4203161},{"success":true,"node":{"type":"statement","statement":{"type":"or"}},"children":[{"success":true,"node":{"type":"feature","feature":{"type":"characteristic","characteristic":"loop"}},"children":[],"locations":[{"type":"absolute","value":4203161}],"captures":{}},{"success":false,"node":{"type":"feature","feature":{"type":"characteristic","characteristic":"tight loop"}},"children":[],"locations":[],"captures":{}},{"success":false,"node":{"type":"feature","feature":{"type":"characteristic","characteristic":"recursive call"}},"children":[],"locations":[],"captures":{}}],"locations":[],"captures":{}}],[{"type":"absolute","value":4211325},{"success":true,"node":{"type":"statement","statement":{"type":"or"}},"children":[{"success":true,"node":{"type":"feature","feature":{"type":"characteristic","characteristic":"loop"}},"children":[],"locations":[{"type":"absolute","value":4211325}],"captures":{}},{"success":false,"node":{"type":"feature","feature":{"type":"characteristic","characteristic":"tight loop"}},"children":[],"locations":[],"captures":{}},{"success":false,"node":{"type":"feature","feature":{"type":"characteristic","characteristic":"recursive call"}},"children":[],"locations":[],"captures":{}}],"locations":[],"captures":{}}],[{"type":"absolute","value":4217166},{"success":true,"node":{"type":"statement","statement":{"type":"or"}},"children":[{"success":false,"node":{"type":"feature","feature":{"type":"characteristic","characteristic":"loop"}},"children":[],"locations":[],"captures":{}},{"success":true,"node":{"type":"feature","feature":{"type":"characteristic","characteristic":"tight loop"}},"children":[],"locations":[{"type":"absolute","value":4217296}],"captures":{}},{"success":false,"node":{"type":"feature","feature":{"type":"characteristic","characteristic":"recursive call"}},"children":[],"locations":[],"captures":{}}],"locations":[],"captures":{}}],[{"type":"absolute","value":4217390},{"success":true,"node":{"type":"statement","statement":{"type":"or"}},"children":[{"success":true,"node":{"type":"feature","feature":{"type":"characteristic","characteristic":"loop"}},"children":[],"locations":[{"type":"absolute","value":4217390}],"captures":{}},{"success":true,"node":{"type":"feature","feature":{"type":"characteristic","characteristic":"tight loop"}},"children":[],"locations":[{"type":"absolute","value":4217413}],"captures":{}},{"success":false,"node":{"type":"feature","feature":{"type":"characteristic","characteristic":"recursive call"}},"children":[],"locations":[],"captures":{}}],"locations":[],"captures":{}}],[{"type":"absolute","value":4220142},{"success":true,"node":{"type":"statement","statement":{"type":"or"}},"children":[{"success":true,"node":{"type":"feature","feature":{"type":"characteristic","characteristic":"loop"}},"children":[],"locations":[{"type":"absolute","value":4220142}],"captures":{}},{"success":true,"node":{"type":"feature","feature":{"type":"characteristic","characteristic":"tight loop"}},"children":[],"locations":[{"type":"absolute","value":4220405}],"captures":{}},{"success":false,"node":{"type":"feature","feature":{"type":"characteristic","characteristic":"recursive call"}},"children":[],"locations":[],"captures":{}}],"locations":[],"captures":{}}],[{"type":"absolute","value":4220590},{"success":true,"node":{"type":"statement","statement":{"type":"or"}},"children":[{"success":true,"node":{"type":"feature","feature":{"type":"characteristic","characteristic":"loop"}},"children":[],"locations":[{"type":"absolute","value":4220590}],"captures":{}},{"success":true,"node":{"type":"feature","feature":{"type":"characteristic","characteristic":"tight loop"}},"children":[],"locations":[{"type":"absolute","value":4220850}],"captures":{}},{"success":false,"node":{"type":"feature","feature":{"type":"characteristic","characteristic":"recursive call"}},"children":[],"locations":[],"captures":{}}],"locations":[],"captures":{}}],[{"type":"absolute","value":4220958},{"success":true,"node":{"type":"statement","statement":{"type":"or"}},"children":[{"success":true,"node":{"type":"feature","feature":{"type":"characteristic","characteristic":"loop"}},"children":[],"locations":[{"type":"absolute","value":4220958}],"captures":{}},{"success":false,"node":{"type":"feature","feature":{"type":"characteristic","characteristic":"tight loop"}},"children":[],"locations":[],"captures":{}},{"success":false,"node":{"type":"feature","feature":{"type":"characteristic","characteristic":"recursive call"}},"children":[],"locations":[],"captures":{}}],"locations":[],"captures":{}}],[{"type":"absolute","value":4221054},{"success":true,"node":{"type":"statement","statement":{"type":"or"}},"children":[{"success":true,"node":{"type":"feature","feature":{"type":"characteristic","characteristic":"loop"}},"children":[],"locations":[{"type":"absolute","value":4221054}],"captures":{}},{"success":true,"node":{"type":"feature","feature":{"type":"characteristic","characteristic":"tight loop"}},"children":[],"locations":[{"type":"absolute","value":4221081}],"captures":{}},{"success":false,"node":{"type":"feature","feature":{"type":"characteristic","characteristic":"recursive call"}},"children":[],"locations":[],"captures":{}}],"locations":[],"captures":{}}],[{"type":"absolute","value":4231248},{"success":true,"node":{"type":"statement","statement":{"type":"or"}},"children":[{"success":true,"node":{"type":"feature","feature":{"type":"characteristic","characteristic":"loop"}},"children":[],"locations":[{"type":"absolute","value":4231248}],"captures":{}},{"success":false,"node":{"type":"feature","feature":{"type":"characteristic","characteristic":"tight loop"}},"children":[],"locations":[],"captures":{}},{"success":false,"node":{"type":"feature","feature":{"type":"characteristic","characteristic":"recursive call"}},"children":[],"locations":[],"captures":{}}],"locations":[],"captures":{}}]]},"write file on Windows":{"meta":{"name":"write file on Windows","namespace":"host-interaction/file-system/write","authors":["william.ballenthin@mandiant.com","anushka.virgaonkar@mandiant.com"],"scopes":{"static":"function","dynamic":"thread"},"attack":[],"mbc":[{"parts":["File System","Writes File"],"objective":"File System","behavior":"Writes File","method":"","id":"C0052"}],"references":[],"examples":["Practical Malware Analysis Lab 01-04.exe_:0x4011FC","563653399B82CD443F120ECEFF836EA3678D4CF11D9B351BB737573C2D856299:0x1400025C4"],"description":"","lib":false,"is_subscope_rule":false,"maec":{}},"source":"rule:\n  meta:\n    name: write file on Windows\n    namespace: host-interaction/file-system/write\n    authors:\n      - william.ballenthin@mandiant.com\n      - anushka.virgaonkar@mandiant.com\n    scopes:\n      static: function\n      dynamic: thread\n    mbc:\n      - File System::Writes File [C0052]\n    examples:\n      - Practical Malware Analysis Lab 01-04.exe_:0x4011FC\n      # ntdll\n      - 563653399B82CD443F120ECEFF836EA3678D4CF11D9B351BB737573C2D856299:0x1400025C4\n  features:\n    - or:\n      - and:\n        - os: windows\n        - optional:\n          - basic block:\n            - or:\n              - number: 0x40000000 = GENERIC_WRITE\n              - number: 0x2 = FILE_WRITE_DATA\n              - match: create or open file\n          - call:\n            - or:\n              - number: 0x40000000 = GENERIC_WRITE\n              - number: 0x2 = FILE_WRITE_DATA\n              - match: create or open file\n        - or:\n          - api: kernel32.WriteFile\n          - api: kernel32.WriteFileEx\n          - api: NtWriteFile\n          - api: ZwWriteFile\n          - api: _fwrite\n          - api: fwrite\n      - api: System.IO.File::WriteAllBytes\n      - api: System.IO.File::WriteAllBytesAsync\n      - api: System.IO.File::WriteAllLines\n      - api: System.IO.File::WriteAllLinesAsync\n      - api: System.IO.File::WriteAllText\n      - api: System.IO.File::WriteAllTextAsync\n      - api: System.IO.File::AppendAllLines\n      - api: System.IO.File::AppendAllLinesAsync\n      - api: System.IO.File::AppendAllText\n      - api: System.IO.File::AppendAllTextAsync\n      - api: System.IO.File::AppendText\n      - api: System.IO.FileInfo::AppendText\n","matches":[[{"type":"absolute","value":4229312},{"success":true,"node":{"type":"statement","statement":{"type":"or"}},"children":[{"success":false,"node":{"type":"feature","feature":{"type":"api","api":"System.IO.File::WriteAllBytes"}},"children":[],"locations":[],"captures":{}},{"success":false,"node":{"type":"feature","feature":{"type":"api","api":"System.IO.File::WriteAllBytesAsync"}},"children":[],"locations":[],"captures":{}},{"success":false,"node":{"type":"feature","feature":{"type":"api","api":"System.IO.File::WriteAllLines"}},"children":[],"locations":[],"captures":{}},{"success":false,"node":{"type":"feature","feature":{"type":"api","api":"System.IO.File::WriteAllLinesAsync"}},"children":[],"locations":[],"captures":{}},{"success":false,"node":{"type":"feature","feature":{"type":"api","api":"System.IO.File::WriteAllText"}},"children":[],"locations":[],"captures":{}},{"success":false,"node":{"type":"feature","feature":{"type":"api","api":"System.IO.File::WriteAllTextAsync"}},"children":[],"locations":[],"captures":{}},{"success":false,"node":{"type":"feature","feature":{"type":"api","api":"System.IO.File::AppendAllLines"}},"children":[],"locations":[],"captures":{}},{"success":false,"node":{"type":"feature","feature":{"type":"api","api":"System.IO.File::AppendAllLinesAsync"}},"children":[],"locations":[],"captures":{}},{"success":false,"node":{"type":"feature","feature":{"type":"api","api":"System.IO.File::AppendAllText"}},"children":[],"locations":[],"captures":{}},{"success":false,"node":{"type":"feature","feature":{"type":"api","api":"System.IO.File::AppendAllTextAsync"}},"children":[],"locations":[],"captures":{}},{"success":false,"node":{"type":"feature","feature":{"type":"api","api":"System.IO.File::AppendText"}},"children":[],"locations":[],"captures":{}},{"success":false,"node":{"type":"feature","feature":{"type":"api","api":"System.IO.FileInfo::AppendText"}},"children":[],"locations":[],"captures":{}},{"success":true,"node":{"type":"statement","statement":{"type":"and"}},"children":[{"success":true,"node":{"type":"feature","feature":{"type":"os","os":"windows"}},"children":[],"locations":[{"type":"no address"}],"captures":{}},{"success":true,"node":{"type":"statement","statement":{"type":"optional"}},"children":[{"success":true,"node":{"type":"statement","statement":{"type":"subscope","scope":"basic block"}},"children":[{"success":true,"node":{"type":"statement","statement":{"type":"or"}},"children":[{"success":true,"node":{"type":"feature","feature":{"type":"number","number":1073741824,"description":"GENERIC_WRITE"}},"children":[],"locations":[{"type":"absolute","value":4229344}],"captures":{}},{"success":true,"node":{"type":"feature","feature":{"type":"number","number":2,"description":"FILE_WRITE_DATA"}},"children":[],"locations":[{"type":"absolute","value":4229338}],"captures":{}},{"success":true,"node":{"type":"feature","feature":{"type":"match","match":"create or open file"}},"children":[{"success":true,"node":{"type":"statement","statement":{"type":"or"}},"children":[{"success":true,"node":{"type":"feature","feature":{"type":"api","api":"CreateFile"}},"children":[],"locations":[{"type":"absolute","value":4229350}],"captures":{}},{"success":false,"node":{"type":"feature","feature":{"type":"api","api":"CreateFileEx"}},"children":[],"locations":[],"captures":{}},{"success":false,"node":{"type":"feature","feature":{"type":"api","api":"IoCreateFile"}},"children":[],"locations":[],"captures":{}},{"success":false,"node":{"type":"feature","feature":{"type":"api","api":"IoCreateFileEx"}},"children":[],"locations":[],"captures":{}},{"success":false,"node":{"type":"feature","feature":{"type":"api","api":"ZwOpenFile"}},"children":[],"locations":[],"captures":{}},{"success":false,"node":{"type":"feature","feature":{"type":"api","api":"ZwCreateFile"}},"children":[],"locations":[],"captures":{}},{"success":false,"node":{"type":"feature","feature":{"type":"api","api":"NtOpenFile"}},"children":[],"locations":[],"captures":{}},{"success":false,"node":{"type":"feature","feature":{"type":"api","api":"NtCreateFile"}},"children":[],"locations":[],"captures":{}},{"success":false,"node":{"type":"feature","feature":{"type":"api","api":"LZCreateFile"}},"children":[],"locations":[],"captures":{}},{"success":false,"node":{"type":"feature","feature":{"type":"api","api":"LZOpenFile"}},"children":[],"locations":[],"captures":{}},{"success":false,"node":{"type":"feature","feature":{"type":"api","api":"fopen"}},"children":[],"locations":[],"captures":{}},{"success":false,"node":{"type":"feature","feature":{"type":"api","api":"fopen64"}},"children":[],"locations":[],"captures":{}},{"success":false,"node":{"type":"feature","feature":{"type":"api","api":"fdopen"}},"children":[],"locations":[],"captures":{}},{"success":false,"node":{"type":"feature","feature":{"type":"api","api":"freopen"}},"children":[],"locations":[],"captures":{}},{"success":false,"node":{"type":"feature","feature":{"type":"api","api":"open"}},"children":[],"locations":[],"captures":{}},{"success":false,"node":{"type":"feature","feature":{"type":"api","api":"openat"}},"children":[],"locations":[],"captures":{}}],"locations":[],"captures":{}}],"locations":[{"type":"absolute","value":4229327}],"captures":{}}],"locations":[],"captures":{}}],"locations":[{"type":"absolute","value":4229327}],"captures":{}},{"success":false,"node":{"type":"feature","feature":{"type":"match","match":"write file on Windows/0833e45a1159458f87513f08b73aeb21"}},"children":[],"locations":[],"captures":{}}],"locations":[],"captures":{}},{"success":true,"node":{"type":"statement","statement":{"type":"or"}},"children":[{"success":true,"node":{"type":"feature","feature":{"type":"api","api":"WriteFile"}},"children":[],"locations":[{"type":"absolute","value":4229390}],"captures":{}},{"success":false,"node":{"type":"feature","feature":{"type":"api","api":"WriteFileEx"}},"children":[],"locations":[],"captures":{}},{"success":false,"node":{"type":"feature","feature":{"type":"api","api":"NtWriteFile"}},"children":[],"locations":[],"captures":{}},{"success":false,"node":{"type":"feature","feature":{"type":"api","api":"ZwWriteFile"}},"children":[],"locations":[],"captures":{}},{"success":false,"node":{"type":"feature","feature":{"type":"api","api":"_fwrite"}},"children":[],"locations":[],"captures":{}},{"success":false,"node":{"type":"feature","feature":{"type":"api","api":"fwrite"}},"children":[],"locations":[],"captures":{}}],"locations":[],"captures":{}}],"locations":[],"captures":{}}],"locations":[],"captures":{}}],[{"type":"absolute","value":4229424},{"success":true,"node":{"type":"statement","statement":{"type":"or"}},"children":[{"success":false,"node":{"type":"feature","feature":{"type":"api","api":"System.IO.File::WriteAllBytes"}},"children":[],"locations":[],"captures":{}},{"success":false,"node":{"type":"feature","feature":{"type":"api","api":"System.IO.File::WriteAllBytesAsync"}},"children":[],"locations":[],"captures":{}},{"success":false,"node":{"type":"feature","feature":{"type":"api","api":"System.IO.File::WriteAllLines"}},"children":[],"locations":[],"captures":{}},{"success":false,"node":{"type":"feature","feature":{"type":"api","api":"System.IO.File::WriteAllLinesAsync"}},"children":[],"locations":[],"captures":{}},{"success":false,"node":{"type":"feature","feature":{"type":"api","api":"System.IO.File::WriteAllText"}},"children":[],"locations":[],"captures":{}},{"success":false,"node":{"type":"feature","feature":{"type":"api","api":"System.IO.File::WriteAllTextAsync"}},"children":[],"locations":[],"captures":{}},{"success":false,"node":{"type":"feature","feature":{"type":"api","api":"System.IO.File::AppendAllLines"}},"children":[],"locations":[],"captures":{}},{"success":false,"node":{"type":"feature","feature":{"type":"api","api":"System.IO.File::AppendAllLinesAsync"}},"children":[],"locations":[],"captures":{}},{"success":false,"node":{"type":"feature","feature":{"type":"api","api":"System.IO.File::AppendAllText"}},"children":[],"locations":[],"captures":{}},{"success":false,"node":{"type":"feature","feature":{"type":"api","api":"System.IO.File::AppendAllTextAsync"}},"children":[],"locations":[],"captures":{}},{"success":false,"node":{"type":"feature","feature":{"type":"api","api":"System.IO.File::AppendText"}},"children":[],"locations":[],"captures":{}},{"success":false,"node":{"type":"feature","feature":{"type":"api","api":"System.IO.FileInfo::AppendText"}},"children":[],"locations":[],"captures":{}},{"success":true,"node":{"type":"statement","statement":{"type":"and"}},"children":[{"success":true,"node":{"type":"feature","feature":{"type":"os","os":"windows"}},"children":[],"locations":[{"type":"no address"}],"captures":{}},{"success":true,"node":{"type":"statement","statement":{"type":"optional"}},"children":[{"success":true,"node":{"type":"statement","statement":{"type":"subscope","scope":"basic block"}},"children":[{"success":true,"node":{"type":"statement","statement":{"type":"or"}},"children":[{"success":true,"node":{"type":"feature","feature":{"type":"number","number":1073741824,"description":"GENERIC_WRITE"}},"children":[],"locations":[{"type":"absolute","value":4229442}],"captures":{}},{"success":false,"node":{"type":"feature","feature":{"type":"number","number":2,"description":"FILE_WRITE_DATA"}},"children":[],"locations":[],"captures":{}},{"success":true,"node":{"type":"feature","feature":{"type":"match","match":"create or open file"}},"children":[{"success":true,"node":{"type":"statement","statement":{"type":"or"}},"children":[{"success":true,"node":{"type":"feature","feature":{"type":"api","api":"CreateFile"}},"children":[],"locations":[{"type":"absolute","value":4229448}],"captures":{}},{"success":false,"node":{"type":"feature","feature":{"type":"api","api":"CreateFileEx"}},"children":[],"locations":[],"captures":{}},{"success":false,"node":{"type":"feature","feature":{"type":"api","api":"IoCreateFile"}},"children":[],"locations":[],"captures":{}},{"success":false,"node":{"type":"feature","feature":{"type":"api","api":"IoCreateFileEx"}},"children":[],"locations":[],"captures":{}},{"success":false,"node":{"type":"feature","feature":{"type":"api","api":"ZwOpenFile"}},"children":[],"locations":[],"captures":{}},{"success":false,"node":{"type":"feature","feature":{"type":"api","api":"ZwCreateFile"}},"children":[],"locations":[],"captures":{}},{"success":false,"node":{"type":"feature","feature":{"type":"api","api":"NtOpenFile"}},"children":[],"locations":[],"captures":{}},{"success":false,"node":{"type":"feature","feature":{"type":"api","api":"NtCreateFile"}},"children":[],"locations":[],"captures":{}},{"success":false,"node":{"type":"feature","feature":{"type":"api","api":"LZCreateFile"}},"children":[],"locations":[],"captures":{}},{"success":false,"node":{"type":"feature","feature":{"type":"api","api":"LZOpenFile"}},"children":[],"locations":[],"captures":{}},{"success":false,"node":{"type":"feature","feature":{"type":"api","api":"fopen"}},"children":[],"locations":[],"captures":{}},{"success":false,"node":{"type":"feature","feature":{"type":"api","api":"fopen64"}},"children":[],"locations":[],"captures":{}},{"success":false,"node":{"type":"feature","feature":{"type":"api","api":"fdopen"}},"children":[],"locations":[],"captures":{}},{"success":false,"node":{"type":"feature","feature":{"type":"api","api":"freopen"}},"children":[],"locations":[],"captures":{}},{"success":false,"node":{"type":"feature","feature":{"type":"api","api":"open"}},"children":[],"locations":[],"captures":{}},{"success":false,"node":{"type":"feature","feature":{"type":"api","api":"openat"}},"children":[],"locations":[],"captures":{}}],"locations":[],"captures":{}}],"locations":[{"type":"absolute","value":4229424}],"captures":{}}],"locations":[],"captures":{}},{"success":true,"node":{"type":"statement","statement":{"type":"or"}},"children":[{"success":false,"node":{"type":"feature","feature":{"type":"number","number":1073741824,"description":"GENERIC_WRITE"}},"children":[],"locations":[],"captures":{}},{"success":true,"node":{"type":"feature","feature":{"type":"number","number":2,"description":"FILE_WRITE_DATA"}},"children":[],"locations":[{"type":"absolute","value":4229465}],"captures":{}},{"success":false,"node":{"type":"feature","feature":{"type":"match","match":"create or open file"}},"children":[],"locations":[],"captures":{}}],"locations":[],"captures":{}}],"locations":[{"type":"absolute","value":4229424},{"type":"absolute","value":4229465}],"captures":{}},{"success":false,"node":{"type":"feature","feature":{"type":"match","match":"write file on Windows/0833e45a1159458f87513f08b73aeb21"}},"children":[],"locations":[],"captures":{}}],"locations":[],"captures":{}},{"success":true,"node":{"type":"statement","statement":{"type":"or"}},"children":[{"success":true,"node":{"type":"feature","feature":{"type":"api","api":"WriteFile"}},"children":[],"locations":[{"type":"absolute","value":4229504}],"captures":{}},{"success":false,"node":{"type":"feature","feature":{"type":"api","api":"WriteFileEx"}},"children":[],"locations":[],"captures":{}},{"success":false,"node":{"type":"feature","feature":{"type":"api","api":"NtWriteFile"}},"children":[],"locations":[],"captures":{}},{"success":false,"node":{"type":"feature","feature":{"type":"api","api":"ZwWriteFile"}},"children":[],"locations":[],"captures":{}},{"success":false,"node":{"type":"feature","feature":{"type":"api","api":"_fwrite"}},"children":[],"locations":[],"captures":{}},{"success":false,"node":{"type":"feature","feature":{"type":"api","api":"fwrite"}},"children":[],"locations":[],"captures":{}}],"locations":[],"captures":{}}],"locations":[],"captures":{}}],"locations":[],"captures":{}}],[{"type":"absolute","value":4230960},{"success":true,"node":{"type":"statement","statement":{"type":"or"}},"children":[{"success":false,"node":{"type":"feature","feature":{"type":"api","api":"System.IO.File::WriteAllBytes"}},"children":[],"locations":[],"captures":{}},{"success":false,"node":{"type":"feature","feature":{"type":"api","api":"System.IO.File::WriteAllBytesAsync"}},"children":[],"locations":[],"captures":{}},{"success":false,"node":{"type":"feature","feature":{"type":"api","api":"System.IO.File::WriteAllLines"}},"children":[],"locations":[],"captures":{}},{"success":false,"node":{"type":"feature","feature":{"type":"api","api":"System.IO.File::WriteAllLinesAsync"}},"children":[],"locations":[],"captures":{}},{"success":false,"node":{"type":"feature","feature":{"type":"api","api":"System.IO.File::WriteAllText"}},"children":[],"locations":[],"captures":{}},{"success":false,"node":{"type":"feature","feature":{"type":"api","api":"System.IO.File::WriteAllTextAsync"}},"children":[],"locations":[],"captures":{}},{"success":false,"node":{"type":"feature","feature":{"type":"api","api":"System.IO.File::AppendAllLines"}},"children":[],"locations":[],"captures":{}},{"success":false,"node":{"type":"feature","feature":{"type":"api","api":"System.IO.File::AppendAllLinesAsync"}},"children":[],"locations":[],"captures":{}},{"success":false,"node":{"type":"feature","feature":{"type":"api","api":"System.IO.File::AppendAllText"}},"children":[],"locations":[],"captures":{}},{"success":false,"node":{"type":"feature","feature":{"type":"api","api":"System.IO.File::AppendAllTextAsync"}},"children":[],"locations":[],"captures":{}},{"success":false,"node":{"type":"feature","feature":{"type":"api","api":"System.IO.File::AppendText"}},"children":[],"locations":[],"captures":{}},{"success":false,"node":{"type":"feature","feature":{"type":"api","api":"System.IO.FileInfo::AppendText"}},"children":[],"locations":[],"captures":{}},{"success":true,"node":{"type":"statement","statement":{"type":"and"}},"children":[{"success":true,"node":{"type":"feature","feature":{"type":"os","os":"windows"}},"children":[],"locations":[{"type":"no address"}],"captures":{}},{"success":true,"node":{"type":"statement","statement":{"type":"optional"}},"children":[{"success":true,"node":{"type":"statement","statement":{"type":"subscope","scope":"basic block"}},"children":[{"success":true,"node":{"type":"statement","statement":{"type":"or"}},"children":[{"success":true,"node":{"type":"feature","feature":{"type":"number","number":1073741824,"description":"GENERIC_WRITE"}},"children":[],"locations":[{"type":"absolute","value":4231122}],"captures":{}},{"success":false,"node":{"type":"feature","feature":{"type":"number","number":2,"description":"FILE_WRITE_DATA"}},"children":[],"locations":[],"captures":{}},{"success":true,"node":{"type":"feature","feature":{"type":"match","match":"create or open file"}},"children":[{"success":true,"node":{"type":"statement","statement":{"type":"or"}},"children":[{"success":true,"node":{"type":"feature","feature":{"type":"api","api":"CreateFile"}},"children":[],"locations":[{"type":"absolute","value":4231128}],"captures":{}},{"success":false,"node":{"type":"feature","feature":{"type":"api","api":"CreateFileEx"}},"children":[],"locations":[],"captures":{}},{"success":false,"node":{"type":"feature","feature":{"type":"api","api":"IoCreateFile"}},"children":[],"locations":[],"captures":{}},{"success":false,"node":{"type":"feature","feature":{"type":"api","api":"IoCreateFileEx"}},"children":[],"locations":[],"captures":{}},{"success":false,"node":{"type":"feature","feature":{"type":"api","api":"ZwOpenFile"}},"children":[],"locations":[],"captures":{}},{"success":false,"node":{"type":"feature","feature":{"type":"api","api":"ZwCreateFile"}},"children":[],"locations":[],"captures":{}},{"success":false,"node":{"type":"feature","feature":{"type":"api","api":"NtOpenFile"}},"children":[],"locations":[],"captures":{}},{"success":false,"node":{"type":"feature","feature":{"type":"api","api":"NtCreateFile"}},"children":[],"locations":[],"captures":{}},{"success":false,"node":{"type":"feature","feature":{"type":"api","api":"LZCreateFile"}},"children":[],"locations":[],"captures":{}},{"success":false,"node":{"type":"feature","feature":{"type":"api","api":"LZOpenFile"}},"children":[],"locations":[],"captures":{}},{"success":false,"node":{"type":"feature","feature":{"type":"api","api":"fopen"}},"children":[],"locations":[],"captures":{}},{"success":false,"node":{"type":"feature","feature":{"type":"api","api":"fopen64"}},"children":[],"locations":[],"captures":{}},{"success":false,"node":{"type":"feature","feature":{"type":"api","api":"fdopen"}},"children":[],"locations":[],"captures":{}},{"success":false,"node":{"type":"feature","feature":{"type":"api","api":"freopen"}},"children":[],"locations":[],"captures":{}},{"success":false,"node":{"type":"feature","feature":{"type":"api","api":"open"}},"children":[],"locations":[],"captures":{}},{"success":false,"node":{"type":"feature","feature":{"type":"api","api":"openat"}},"children":[],"locations":[],"captures":{}}],"locations":[],"captures":{}}],"locations":[{"type":"absolute","value":4230960}],"captures":{}}],"locations":[],"captures":{}},{"success":true,"node":{"type":"statement","statement":{"type":"or"}},"children":[{"success":false,"node":{"type":"feature","feature":{"type":"number","number":1073741824,"description":"GENERIC_WRITE"}},"children":[],"locations":[],"captures":{}},{"success":true,"node":{"type":"feature","feature":{"type":"number","number":2,"description":"FILE_WRITE_DATA"}},"children":[],"locations":[{"type":"absolute","value":4231152}],"captures":{}},{"success":false,"node":{"type":"feature","feature":{"type":"match","match":"create or open file"}},"children":[],"locations":[],"captures":{}}],"locations":[],"captures":{}}],"locations":[{"type":"absolute","value":4230960},{"type":"absolute","value":4231152}],"captures":{}},{"success":false,"node":{"type":"feature","feature":{"type":"match","match":"write file on Windows/0833e45a1159458f87513f08b73aeb21"}},"children":[],"locations":[],"captures":{}}],"locations":[],"captures":{}},{"success":true,"node":{"type":"statement","statement":{"type":"or"}},"children":[{"success":true,"node":{"type":"feature","feature":{"type":"api","api":"WriteFile"}},"children":[],"locations":[{"type":"absolute","value":4231206}],"captures":{}},{"success":false,"node":{"type":"feature","feature":{"type":"api","api":"WriteFileEx"}},"children":[],"locations":[],"captures":{}},{"success":false,"node":{"type":"feature","feature":{"type":"api","api":"NtWriteFile"}},"children":[],"locations":[],"captures":{}},{"success":false,"node":{"type":"feature","feature":{"type":"api","api":"ZwWriteFile"}},"children":[],"locations":[],"captures":{}},{"success":false,"node":{"type":"feature","feature":{"type":"api","api":"_fwrite"}},"children":[],"locations":[],"captures":{}},{"success":false,"node":{"type":"feature","feature":{"type":"api","api":"fwrite"}},"children":[],"locations":[],"captures":{}}],"locations":[],"captures":{}}],"locations":[],"captures":{}}],"locations":[],"captures":{}}]]},"print debug messages":{"meta":{"name":"print debug messages","namespace":"host-interaction/log/debug/write-event","authors":["michael.hunhoff@mandiant.com"],"scopes":{"static":"function","dynamic":"call"},"attack":[],"mbc":[],"references":[],"examples":["493167E85E45363D09495D0841C30648:0x401000"],"description":"","lib":false,"is_subscope_rule":false,"maec":{}},"source":"rule:\n  meta:\n    name: print debug messages\n    namespace: host-interaction/log/debug/write-event\n    authors:\n      - michael.hunhoff@mandiant.com\n    scopes:\n      static: function\n      dynamic: call\n    examples:\n      - 493167E85E45363D09495D0841C30648:0x401000\n  features:\n    - or:\n      - api: DbgPrint\n      - api: kernel32.OutputDebugString\n      - and:\n        - os: android\n        - api: __android_log_print\n","matches":[[{"type":"absolute","value":4230864},{"success":true,"node":{"type":"statement","statement":{"type":"or"}},"children":[{"success":false,"node":{"type":"feature","feature":{"type":"api","api":"DbgPrint"}},"children":[],"locations":[],"captures":{}},{"success":true,"node":{"type":"feature","feature":{"type":"api","api":"OutputDebugString"}},"children":[],"locations":[{"type":"absolute","value":4230931}],"captures":{}},{"success":false,"node":{"type":"statement","statement":{"type":"and"}},"children":[{"success":false,"node":{"type":"feature","feature":{"type":"os","os":"android"}},"children":[],"locations":[],"captures":{}},{"success":false,"node":{"type":"feature","feature":{"type":"api","api":"__android_log_print"}},"children":[],"locations":[],"captures":{}}],"locations":[],"captures":{}}],"locations":[],"captures":{}}],[{"type":"absolute","value":4230960},{"success":true,"node":{"type":"statement","statement":{"type":"or"}},"children":[{"success":false,"node":{"type":"feature","feature":{"type":"api","api":"DbgPrint"}},"children":[],"locations":[],"captures":{}},{"success":true,"node":{"type":"feature","feature":{"type":"api","api":"OutputDebugString"}},"children":[],"locations":[{"type":"absolute","value":4231227}],"captures":{}},{"success":false,"node":{"type":"statement","statement":{"type":"and"}},"children":[{"success":false,"node":{"type":"feature","feature":{"type":"os","os":"android"}},"children":[],"locations":[],"captures":{}},{"success":false,"node":{"type":"feature","feature":{"type":"api","api":"__android_log_print"}},"children":[],"locations":[],"captures":{}}],"locations":[],"captures":{}}],"locations":[],"captures":{}}]]},"get common file path":{"meta":{"name":"get common file path","namespace":"host-interaction/file-system","authors":["moritz.raabe@mandiant.com","michael.hunhoff@mandiant.com","anushka.virgaonkar@mandiant.com"],"scopes":{"static":"function","dynamic":"call"},"attack":[{"parts":["Discovery","File and Directory Discovery"],"tactic":"Discovery","technique":"File and Directory Discovery","subtechnique":"","id":"T1083"}],"mbc":[{"parts":["Discovery","File and Directory Discovery"],"objective":"Discovery","behavior":"File and Directory Discovery","method":"","id":"E1083"}],"references":[],"examples":["Practical Malware Analysis Lab 03-02.dll_:0x10003415","972B219F18379907A045431303F4DA7D:0x404887"],"description":"","lib":false,"is_subscope_rule":false,"maec":{}},"source":"rule:\n  meta:\n    name: get common file path\n    namespace: host-interaction/file-system\n    authors:\n      - moritz.raabe@mandiant.com\n      - michael.hunhoff@mandiant.com\n      - anushka.virgaonkar@mandiant.com\n    scopes:\n      static: function\n      dynamic: call\n    att&ck:\n      - Discovery::File and Directory Discovery [T1083]\n    mbc:\n      - Discovery::File and Directory Discovery [E1083]\n    examples:\n      - Practical Malware Analysis Lab 03-02.dll_:0x10003415\n      - 972B219F18379907A045431303F4DA7D:0x404887\n  features:\n    - or:\n      - api: kernel32.GetTempPath\n      - api: kernel32.GetTempFileName\n      - api: kernel32.GetSystemDirectory\n      - api: kernel32.GetWindowsDirectory\n      - api: kernel32.GetSystemWow64Directory\n      - api: GetAllUsersProfileDirectory\n      - api: GetAppContainerFolderPath\n      - api: GetCurrentDirectory\n      - api: GetDefaultUserProfileDirectory\n      - api: GetProfilesDirectory\n      - api: GetUserProfileDirectory\n      - api: SHGetFolderPathAndSubDir\n      - api: shell32.SHGetFolderPath\n      - api: shell32.SHGetFolderLocation\n      - api: shell32.SHGetKnownFolderPath\n      - api: shell32.SHGetSpecialFolderPath\n      - api: shell32.SHGetSpecialFolderLocation\n      - api: System.IO.Directory::GetCurrentDirectory\n      - api: System.Environment::GetFolderPath\n      - property/read: System.Environment::SystemDirectory\n      - property/read: System.Environment::CurrentDirectory\n","matches":[[{"type":"absolute","value":4230960},{"success":true,"node":{"type":"statement","statement":{"type":"or"}},"children":[{"success":false,"node":{"type":"feature","feature":{"type":"api","api":"GetTempPath"}},"children":[],"locations":[],"captures":{}},{"success":false,"node":{"type":"feature","feature":{"type":"api","api":"GetTempFileName"}},"children":[],"locations":[],"captures":{}},{"success":true,"node":{"type":"feature","feature":{"type":"api","api":"GetSystemDirectory"}},"children":[],"locations":[{"type":"absolute","value":4231063}],"captures":{}},{"success":false,"node":{"type":"feature","feature":{"type":"api","api":"GetWindowsDirectory"}},"children":[],"locations":[],"captures":{}},{"success":false,"node":{"type":"feature","feature":{"type":"api","api":"GetSystemWow64Directory"}},"children":[],"locations":[],"captures":{}},{"success":false,"node":{"type":"feature","feature":{"type":"api","api":"GetAllUsersProfileDirectory"}},"children":[],"locations":[],"captures":{}},{"success":false,"node":{"type":"feature","feature":{"type":"api","api":"GetAppContainerFolderPath"}},"children":[],"locations":[],"captures":{}},{"success":false,"node":{"type":"feature","feature":{"type":"api","api":"GetCurrentDirectory"}},"children":[],"locations":[],"captures":{}},{"success":false,"node":{"type":"feature","feature":{"type":"api","api":"GetDefaultUserProfileDirectory"}},"children":[],"locations":[],"captures":{}},{"success":false,"node":{"type":"feature","feature":{"type":"api","api":"GetProfilesDirectory"}},"children":[],"locations":[],"captures":{}},{"success":false,"node":{"type":"feature","feature":{"type":"api","api":"GetUserProfileDirectory"}},"children":[],"locations":[],"captures":{}},{"success":false,"node":{"type":"feature","feature":{"type":"api","api":"SHGetFolderPathAndSubDir"}},"children":[],"locations":[],"captures":{}},{"success":false,"node":{"type":"feature","feature":{"type":"api","api":"SHGetFolderPath"}},"children":[],"locations":[],"captures":{}},{"success":false,"node":{"type":"feature","feature":{"type":"api","api":"SHGetFolderLocation"}},"children":[],"locations":[],"captures":{}},{"success":false,"node":{"type":"feature","feature":{"type":"api","api":"SHGetKnownFolderPath"}},"children":[],"locations":[],"captures":{}},{"success":false,"node":{"type":"feature","feature":{"type":"api","api":"SHGetSpecialFolderPath"}},"children":[],"locations":[],"captures":{}},{"success":false,"node":{"type":"feature","feature":{"type":"api","api":"SHGetSpecialFolderLocation"}},"children":[],"locations":[],"captures":{}},{"success":false,"node":{"type":"feature","feature":{"type":"api","api":"System.IO.Directory::GetCurrentDirectory"}},"children":[],"locations":[],"captures":{}},{"success":false,"node":{"type":"feature","feature":{"type":"api","api":"System.Environment::GetFolderPath"}},"children":[],"locations":[],"captures":{}},{"success":false,"node":{"type":"feature","feature":{"type":"property","access":"read","property":"System.Environment::SystemDirectory"}},"children":[],"locations":[],"captures":{}},{"success":false,"node":{"type":"feature","feature":{"type":"property","access":"read","property":"System.Environment::CurrentDirectory"}},"children":[],"locations":[],"captures":{}}],"locations":[],"captures":{}}]]},"contain an embedded PE file":{"meta":{"name":"contain an embedded PE file","namespace":"executable/subfile/pe","authors":["moritz.raabe@mandiant.com"],"scopes":{"static":"file","dynamic":"file"},"attack":[],"mbc":[{"parts":["Execution","Install Additional Program"],"objective":"Execution","behavior":"Install Additional Program","method":"","id":"B0023"}],"references":[],"examples":["Practical Malware Analysis Lab 01-04.exe_:0x4060"],"description":"","lib":false,"is_subscope_rule":false,"maec":{}},"source":"rule:\n  meta:\n    name: contain an embedded PE file\n    namespace: executable/subfile/pe\n    authors:\n      - moritz.raabe@mandiant.com\n    scopes:\n      static: file\n      dynamic: file\n    mbc:\n      - Execution::Install Additional Program [B0023]\n    examples:\n      - Practical Malware Analysis Lab 01-04.exe_:0x4060\n  features:\n    - or:\n      - count(characteristic(embedded pe)): 1 or more\n      - count(string(This program cannot be run in DOS mode.)): 2 or more\n","matches":[[{"type":"no address"},{"success":true,"node":{"type":"statement","statement":{"type":"or"}},"children":[{"success":true,"node":{"type":"statement","statement":{"type":"range","min":1,"max":9223372036854775808,"child":{"type":"characteristic","characteristic":"embedded pe"}}},"children":[],"locations":[{"type":"file","value":45056},{"type":"file","value":7038}],"captures":{}},{"success":false,"node":{"type":"statement","statement":{"type":"range","min":2,"max":9223372036854775808,"child":{"type":"string","string":"This program cannot be run in DOS mode."}}},"children":[],"locations":[],"captures":{}}],"locations":[],"captures":{}}]]}}}
