{"meta":{"timestamp":"2024-11-17T18:39:31.747551","version":"7.4.0","argv":["--os","windows","-j","./samples/dropper/630325cac09ac3fab908f903e3b00d0dadd5fdaa0875ed8496fcbb97a558d0da"],"sample":{"md5":"fbbdc39af1139aebba4da004475e8839","sha1":"de5c8d858e6e41da715dca1c019df0bfb92d32c0","sha256":"630325cac09ac3fab908f903e3b00d0dadd5fdaa0875ed8496fcbb97a558d0da","path":"/samples/dropper/630325cac09ac3fab908f903e3b00d0dadd5fdaa0875ed8496fcbb97a558d0da"},"flavor":"static","analysis":{"format":"pe","arch":"i386","os":"windows","extractor":"VivisectFeatureExtractor","rules":["/tmp/_MEIJwFGrZ/rules"],"base_address":{"type":"absolute","value":4194304},"layout":{"functions":[{"address":{"type":"absolute","value":4198400},"matched_basic_blocks":[{"address":{"type":"absolute","value":4198400}}]},{"address":{"type":"absolute","value":4198592},"matched_basic_blocks":[{"address":{"type":"absolute","value":4198702}},{"address":{"type":"absolute","value":4198736}},{"address":{"type":"absolute","value":4198793}},{"address":{"type":"absolute","value":4198818}},{"address":{"type":"absolute","value":4198864}}]},{"address":{"type":"absolute","value":4199008},"matched_basic_blocks":[{"address":{"type":"absolute","value":4199008}}]},{"address":{"type":"absolute","value":4199104},"matched_basic_blocks":[{"address":{"type":"absolute","value":4199200}},{"address":{"type":"absolute","value":4199225}},{"address":{"type":"absolute","value":4199248}},{"address":{"type":"absolute","value":4199259}},{"address":{"type":"absolute","value":4199273}},{"address":{"type":"absolute","value":4199282}},{"address":{"type":"absolute","value":4199296}},{"address":{"type":"absolute","value":4199417}},{"address":{"type":"absolute","value":4199497}}]},{"address":{"type":"absolute","value":4200080},"matched_basic_blocks":[{"address":{"type":"absolute","value":4200160}}]},{"address":{"type":"absolute","value":4200252},"matched_basic_blocks":[{"address":{"type":"absolute","value":4200424}},{"address":{"type":"absolute","value":4200461}},{"address":{"type":"absolute","value":4200475}},{"address":{"type":"absolute","value":4200559}},{"address":{"type":"absolute","value":4200612}},{"address":{"type":"absolute","value":4200641}},{"address":{"type":"absolute","value":4200735}},{"address":{"type":"absolute","value":4200841}},{"address":{"type":"absolute","value":4200867}},{"address":{"type":"absolute","value":4200901}},{"address":{"type":"absolute","value":4201032}},{"address":{"type":"absolute","value":4201099}},{"address":{"type":"absolute","value":4201173}},{"address":{"type":"absolute","value":4201229}},{"address":{"type":"absolute","value":4201332}},{"address":{"type":"absolute","value":4201359}},{"address":{"type":"absolute","value":4201403}},{"address":{"type":"absolute","value":4201564}},{"address":{"type":"absolute","value":4201730}},{"address":{"type":"absolute","value":4201799}},{"address":{"type":"absolute","value":4201964}},{"address":{"type":"absolute","value":4201998}},{"address":{"type":"absolute","value":4202162}},{"address":{"type":"absolute","value":4202247}},{"address":{"type":"absolute","value":4202268}},{"address":{"type":"absolute","value":4202288}},{"address":{"type":"absolute","value":4202299}},{"address":{"type":"absolute","value":4202333}},{"address":{"type":"absolute","value":4202468}},{"address":{"type":"absolute","value":4202541}},{"address":{"type":"absolute","value":4202575}},{"address":{"type":"absolute","value":4202680}},{"address":{"type":"absolute","value":4202790}},{"address":{"type":"absolute","value":4202889}},{"address":{"type":"absolute","value":4202991}},{"address":{"type":"absolute","value":4203020}},{"address":{"type":"absolute","value":4203075}},{"address":{"type":"absolute","value":4203138}},{"address":{"type":"absolute","value":4203168}},{"address":{"type":"absolute","value":4203210}},{"address":{"type":"absolute","value":4203240}},{"address":{"type":"absolute","value":4203259}},{"address":{"type":"absolute","value":4203265}},{"address":{"type":"absolute","value":4203311}},{"address":{"type":"absolute","value":4203390}},{"address":{"type":"absolute","value":4203458}},{"address":{"type":"absolute","value":4203705}},{"address":{"type":"absolute","value":4203782}},{"address":{"type":"absolute","value":4203858}},{"address":{"type":"absolute","value":4203954}},{"address":{"type":"absolute","value":4204079}},{"address":{"type":"absolute","value":4204112}},{"address":{"type":"absolute","value":4204199}},{"address":{"type":"absolute","value":4204268}},{"address":{"type":"absolute","value":4204344}},{"address":{"type":"absolute","value":4204421}},{"address":{"type":"absolute","value":4204437}},{"address":{"type":"absolute","value":4204528}},{"address":{"type":"absolute","value":4204561}},{"address":{"type":"absolute","value":4204605}},{"address":{"type":"absolute","value":4204617}},{"address":{"type":"absolute","value":4204653}},{"address":{"type":"absolute","value":4204663}},{"address":{"type":"absolute","value":4204693}},{"address":{"type":"absolute","value":4204821}},{"address":{"type":"absolute","value":4204858}},{"address":{"type":"absolute","value":4204876}},{"address":{"type":"absolute","value":4204916}},{"address":{"type":"absolute","value":4205024}},{"address":{"type":"absolute","value":4205080}},{"address":{"type":"absolute","value":4205201}},{"address":{"type":"absolute","value":4205238}},{"address":{"type":"absolute","value":4205268}},{"address":{"type":"absolute","value":4205318}}]},{"address":{"type":"absolute","value":4205588},"matched_basic_blocks":[{"address":{"type":"absolute","value":4205655}}]},{"address":{"type":"absolute","value":4206027},"matched_basic_blocks":[{"address":{"type":"absolute","value":4206049}},{"address":{"type":"absolute","value":4206113}},{"address":{"type":"absolute","value":4206137}},{"address":{"type":"absolute","value":4206168}},{"address":{"type":"absolute","value":4206191}},{"address":{"type":"absolute","value":4206213}}]},{"address":{"type":"absolute","value":4206225},"matched_basic_blocks":[{"address":{"type":"absolute","value":4206255}},{"address":{"type":"absolute","value":4206274}},{"address":{"type":"absolute","value":4206314}},{"address":{"type":"absolute","value":4206394}},{"address":{"type":"absolute","value":4206595}},{"address":{"type":"absolute","value":4206739}}]},{"address":{"type":"absolute","value":4206785},"matched_basic_blocks":[{"address":{"type":"absolute","value":4206798}}]},{"address":{"type":"absolute","value":4206819},"matched_basic_blocks":[{"address":{"type":"absolute","value":4206901}},{"address":{"type":"absolute","value":4207395}},{"address":{"type":"absolute","value":4207400}},{"address":{"type":"absolute","value":4207474}}]},{"address":{"type":"absolute","value":4207540},"matched_basic_blocks":[{"address":{"type":"absolute","value":4207540}},{"address":{"type":"absolute","value":4207618}},{"address":{"type":"absolute","value":4207702}},{"address":{"type":"absolute","value":4207746}},{"address":{"type":"absolute","value":4207755}},{"address":{"type":"absolute","value":4207802}},{"address":{"type":"absolute","value":4207963}},{"address":{"type":"absolute","value":4207984}},{"address":{"type":"absolute","value":4208038}},{"address":{"type":"absolute","value":4208124}},{"address":{"type":"absolute","value":4208143}},{"address":{"type":"absolute","value":4208172}},{"address":{"type":"absolute","value":4208210}},{"address":{"type":"absolute","value":4208268}},{"address":{"type":"absolute","value":4208285}},{"address":{"type":"absolute","value":4208318}},{"address":{"type":"absolute","value":4208335}},{"address":{"type":"absolute","value":4208410}}]},{"address":{"type":"absolute","value":4208704},"matched_basic_blocks":[{"address":{"type":"absolute","value":4208704}},{"address":{"type":"absolute","value":4208856}},{"address":{"type":"absolute","value":4208898}},{"address":{"type":"absolute","value":4208918}},{"address":{"type":"absolute","value":4209011}},{"address":{"type":"absolute","value":4209045}},{"address":{"type":"absolute","value":4209129}},{"address":{"type":"absolute","value":4209146}},{"address":{"type":"absolute","value":4209171}},{"address":{"type":"absolute","value":4209227}},{"address":{"type":"absolute","value":4209244}},{"address":{"type":"absolute","value":4209262}},{"address":{"type":"absolute","value":4209280}},{"address":{"type":"absolute","value":4209335}},{"address":{"type":"absolute","value":4209372}},{"address":{"type":"absolute","value":4209404}},{"address":{"type":"absolute","value":4209448}},{"address":{"type":"absolute","value":4209457}},{"address":{"type":"absolute","value":4209501}},{"address":{"type":"absolute","value":4209519}},{"address":{"type":"absolute","value":4209545}},{"address":{"type":"absolute","value":4209620}},{"address":{"type":"absolute","value":4209705}},{"address":{"type":"absolute","value":4209733}},{"address":{"type":"absolute","value":4209793}},{"address":{"type":"absolute","value":4209813}},{"address":{"type":"absolute","value":4209831}},{"address":{"type":"absolute","value":4209891}},{"address":{"type":"absolute","value":4209932}},{"address":{"type":"absolute","value":4209968}},{"address":{"type":"absolute","value":4210020}},{"address":{"type":"absolute","value":4210029}},{"address":{"type":"absolute","value":4210069}},{"address":{"type":"absolute","value":4210083}},{"address":{"type":"absolute","value":4210109}},{"address":{"type":"absolute","value":4210216}},{"address":{"type":"absolute","value":4210227}},{"address":{"type":"absolute","value":4210264}},{"address":{"type":"absolute","value":4210284}},{"address":{"type":"absolute","value":4210324}},{"address":{"type":"absolute","value":4210334}},{"address":{"type":"absolute","value":4210352}},{"address":{"type":"absolute","value":4210365}},{"address":{"type":"absolute","value":4210378}}]}]},"feature_counts":{"file":5121,"functions":[{"address":{"type":"absolute","value":4198400},"count":48},{"address":{"type":"absolute","value":4198592},"count":82},{"address":{"type":"absolute","value":4199008},"count":35},{"address":{"type":"absolute","value":4199104},"count":87},{"address":{"type":"absolute","value":4199820},"count":7},{"address":{"type":"absolute","value":4200018},"count":7},{"address":{"type":"absolute","value":4200024},"count":7},{"address":{"type":"absolute","value":4200080},"count":47},{"address":{"type":"absolute","value":4200216},"count":23},{"address":{"type":"absolute","value":4200252},"count":344},{"address":{"type":"absolute","value":4205520},"count":37},{"address":{"type":"absolute","value":4205588},"count":56},{"address":{"type":"absolute","value":4205729},"count":15},{"address":{"type":"absolute","value":4205752},"count":51},{"address":{"type":"absolute","value":4205871},"count":27},{"address":{"type":"absolute","value":4205914},"count":68},{"address":{"type":"absolute","value":4206027},"count":49},{"address":{"type":"absolute","value":4206225},"count":82},{"address":{"type":"absolute","value":4206785},"count":25},{"address":{"type":"absolute","value":4206819},"count":86},{"address":{"type":"absolute","value":4207507},"count":12},{"address":{"type":"absolute","value":4207526},"count":11},{"address":{"type":"absolute","value":4207540},"count":114},{"address":{"type":"absolute","value":4208704},"count":173}]},"library_functions":[{"address":{"type":"absolute","value":4199577},"name":"@__security_check_cookie@4"},{"address":{"type":"absolute","value":4200032},"name":"__alloca_probe"}]}},"rules":{"calculate modulo 256 via x86 assembly":{"meta":{"name":"calculate modulo 256 via x86 assembly","authors":["moritz.raabe@mandiant.com"],"scopes":{"static":"instruction"},"attack":[],"mbc":[{"parts":["Data","Modulo"],"objective":"Data","behavior":"Modulo","method":"","id":"C0058"}],"references":[],"examples":["9324D1A8AE37A36AE560C37448C9705A:0x4049A9"],"description":"","lib":true,"is_subscope_rule":false,"maec":{}},"source":"rule:\n  meta:\n    name: calculate modulo 256 via x86 assembly\n    authors:\n      - moritz.raabe@mandiant.com\n    lib: true\n    scopes:\n      static: instruction\n      dynamic: unsupported  # requires mnemonic features\n    mbc:\n      - Data::Modulo [C0058]\n    examples:\n      - 9324D1A8AE37A36AE560C37448C9705A:0x4049A9\n  features:\n    #  and ecx, 800000FFh\n    #  and ecx, 0FFh\n    - and:\n      - or:\n        - arch: i386\n        - arch: amd64\n      - mnemonic: and\n      - or:\n        - number: 0x800000FF\n        - number: 0xFF\n","matches":[[{"type":"absolute","value":4207415},{"success":true,"node":{"type":"statement","statement":{"type":"and"}},"children":[{"success":true,"node":{"type":"statement","statement":{"type":"or"}},"children":[{"success":true,"node":{"type":"feature","feature":{"type":"arch","arch":"i386"}},"children":[],"locations":[{"type":"no address"}],"captures":{}},{"success":false,"node":{"type":"feature","feature":{"type":"arch","arch":"amd64"}},"children":[],"locations":[],"captures":{}}],"locations":[],"captures":{}},{"success":true,"node":{"type":"feature","feature":{"type":"mnemonic","mnemonic":"and"}},"children":[],"locations":[{"type":"absolute","value":4207415}],"captures":{}},{"success":true,"node":{"type":"statement","statement":{"type":"or"}},"children":[{"success":false,"node":{"type":"feature","feature":{"type":"number","number":2147483903}},"children":[],"locations":[],"captures":{}},{"success":true,"node":{"type":"feature","feature":{"type":"number","number":255}},"children":[],"locations":[{"type":"absolute","value":4207415}],"captures":{}}],"locations":[],"captures":{}}],"locations":[],"captures":{}}],[{"type":"absolute","value":4207424},{"success":true,"node":{"type":"statement","statement":{"type":"and"}},"children":[{"success":true,"node":{"type":"statement","statement":{"type":"or"}},"children":[{"success":true,"node":{"type":"feature","feature":{"type":"arch","arch":"i386"}},"children":[],"locations":[{"type":"no address"}],"captures":{}},{"success":false,"node":{"type":"feature","feature":{"type":"arch","arch":"amd64"}},"children":[],"locations":[],"captures":{}}],"locations":[],"captures":{}},{"success":true,"node":{"type":"feature","feature":{"type":"mnemonic","mnemonic":"and"}},"children":[],"locations":[{"type":"absolute","value":4207424}],"captures":{}},{"success":true,"node":{"type":"statement","statement":{"type":"or"}},"children":[{"success":false,"node":{"type":"feature","feature":{"type":"number","number":2147483903}},"children":[],"locations":[],"captures":{}},{"success":true,"node":{"type":"feature","feature":{"type":"number","number":255}},"children":[],"locations":[{"type":"absolute","value":4207424}],"captures":{}}],"locations":[],"captures":{}}],"locations":[],"captures":{}}],[{"type":"absolute","value":4207482},{"success":true,"node":{"type":"statement","statement":{"type":"and"}},"children":[{"success":true,"node":{"type":"statement","statement":{"type":"or"}},"children":[{"success":true,"node":{"type":"feature","feature":{"type":"arch","arch":"i386"}},"children":[],"locations":[{"type":"no address"}],"captures":{}},{"success":false,"node":{"type":"feature","feature":{"type":"arch","arch":"amd64"}},"children":[],"locations":[],"captures":{}}],"locations":[],"captures":{}},{"success":true,"node":{"type":"feature","feature":{"type":"mnemonic","mnemonic":"and"}},"children":[],"locations":[{"type":"absolute","value":4207482}],"captures":{}},{"success":true,"node":{"type":"statement","statement":{"type":"or"}},"children":[{"success":false,"node":{"type":"feature","feature":{"type":"number","number":2147483903}},"children":[],"locations":[],"captures":{}},{"success":true,"node":{"type":"feature","feature":{"type":"number","number":255}},"children":[],"locations":[{"type":"absolute","value":4207482}],"captures":{}}],"locations":[],"captures":{}}],"locations":[],"captures":{}}]]},"create or open file":{"meta":{"name":"create or open file","authors":["michael.hunhoff@mandiant.com","joakim@intezer.com"],"scopes":{"static":"basic block","dynamic":"call"},"attack":[],"mbc":[{"parts":["File System","Create File"],"objective":"File System","behavior":"Create File","method":"","id":"C0016"}],"references":[],"examples":["B5F85C26D7AA5A1FB4AF5821B6B5AB9B:0x401D7E"],"description":"","lib":true,"is_subscope_rule":false,"maec":{}},"source":"rule:\n  meta:\n    name: create or open file\n    authors:\n      - michael.hunhoff@mandiant.com\n      - joakim@intezer.com\n    lib: true\n    scopes:\n      static: basic block\n      dynamic: call\n    mbc:\n      - File System::Create File [C0016]\n    examples:\n      - B5F85C26D7AA5A1FB4AF5821B6B5AB9B:0x401D7E\n  features:\n    - or:\n      - api: CreateFile\n      - api: CreateFileEx\n      - api: IoCreateFile\n      - api: IoCreateFileEx\n      - api: ZwOpenFile\n      - api: ZwCreateFile\n      - api: NtOpenFile\n      - api: NtCreateFile\n      - api: LZCreateFile\n      - api: LZOpenFile\n      - api: fopen\n      - api: fopen64\n      - api: fdopen\n      - api: freopen\n      - api: open\n      - api: openat\n","matches":[[{"type":"absolute","value":4198400},{"success":true,"node":{"type":"statement","statement":{"type":"or"}},"children":[{"success":true,"node":{"type":"feature","feature":{"type":"api","api":"CreateFile"}},"children":[],"locations":[{"type":"absolute","value":4198426}],"captures":{}},{"success":false,"node":{"type":"feature","feature":{"type":"api","api":"CreateFileEx"}},"children":[],"locations":[],"captures":{}},{"success":false,"node":{"type":"feature","feature":{"type":"api","api":"IoCreateFile"}},"children":[],"locations":[],"captures":{}},{"success":false,"node":{"type":"feature","feature":{"type":"api","api":"IoCreateFileEx"}},"children":[],"locations":[],"captures":{}},{"success":false,"node":{"type":"feature","feature":{"type":"api","api":"ZwOpenFile"}},"children":[],"locations":[],"captures":{}},{"success":false,"node":{"type":"feature","feature":{"type":"api","api":"ZwCreateFile"}},"children":[],"locations":[],"captures":{}},{"success":false,"node":{"type":"feature","feature":{"type":"api","api":"NtOpenFile"}},"children":[],"locations":[],"captures":{}},{"success":false,"node":{"type":"feature","feature":{"type":"api","api":"NtCreateFile"}},"children":[],"locations":[],"captures":{}},{"success":false,"node":{"type":"feature","feature":{"type":"api","api":"LZCreateFile"}},"children":[],"locations":[],"captures":{}},{"success":false,"node":{"type":"feature","feature":{"type":"api","api":"LZOpenFile"}},"children":[],"locations":[],"captures":{}},{"success":false,"node":{"type":"feature","feature":{"type":"api","api":"fopen"}},"children":[],"locations":[],"captures":{}},{"success":false,"node":{"type":"feature","feature":{"type":"api","api":"fopen64"}},"children":[],"locations":[],"captures":{}},{"success":false,"node":{"type":"feature","feature":{"type":"api","api":"fdopen"}},"children":[],"locations":[],"captures":{}},{"success":false,"node":{"type":"feature","feature":{"type":"api","api":"freopen"}},"children":[],"locations":[],"captures":{}},{"success":false,"node":{"type":"feature","feature":{"type":"api","api":"open"}},"children":[],"locations":[],"captures":{}},{"success":false,"node":{"type":"feature","feature":{"type":"api","api":"openat"}},"children":[],"locations":[],"captures":{}}],"locations":[],"captures":{}}],[{"type":"absolute","value":4199008},{"success":true,"node":{"type":"statement","statement":{"type":"or"}},"children":[{"success":true,"node":{"type":"feature","feature":{"type":"api","api":"CreateFile"}},"children":[],"locations":[{"type":"absolute","value":4199031}],"captures":{}},{"success":false,"node":{"type":"feature","feature":{"type":"api","api":"CreateFileEx"}},"children":[],"locations":[],"captures":{}},{"success":false,"node":{"type":"feature","feature":{"type":"api","api":"IoCreateFile"}},"children":[],"locations":[],"captures":{}},{"success":false,"node":{"type":"feature","feature":{"type":"api","api":"IoCreateFileEx"}},"children":[],"locations":[],"captures":{}},{"success":false,"node":{"type":"feature","feature":{"type":"api","api":"ZwOpenFile"}},"children":[],"locations":[],"captures":{}},{"success":false,"node":{"type":"feature","feature":{"type":"api","api":"ZwCreateFile"}},"children":[],"locations":[],"captures":{}},{"success":false,"node":{"type":"feature","feature":{"type":"api","api":"NtOpenFile"}},"children":[],"locations":[],"captures":{}},{"success":false,"node":{"type":"feature","feature":{"type":"api","api":"NtCreateFile"}},"children":[],"locations":[],"captures":{}},{"success":false,"node":{"type":"feature","feature":{"type":"api","api":"LZCreateFile"}},"children":[],"locations":[],"captures":{}},{"success":false,"node":{"type":"feature","feature":{"type":"api","api":"LZOpenFile"}},"children":[],"locations":[],"captures":{}},{"success":false,"node":{"type":"feature","feature":{"type":"api","api":"fopen"}},"children":[],"locations":[],"captures":{}},{"success":false,"node":{"type":"feature","feature":{"type":"api","api":"fopen64"}},"children":[],"locations":[],"captures":{}},{"success":false,"node":{"type":"feature","feature":{"type":"api","api":"fdopen"}},"children":[],"locations":[],"captures":{}},{"success":false,"node":{"type":"feature","feature":{"type":"api","api":"freopen"}},"children":[],"locations":[],"captures":{}},{"success":false,"node":{"type":"feature","feature":{"type":"api","api":"open"}},"children":[],"locations":[],"captures":{}},{"success":false,"node":{"type":"feature","feature":{"type":"api","api":"openat"}},"children":[],"locations":[],"captures":{}}],"locations":[],"captures":{}}]]},"encode data using XOR":{"meta":{"name":"encode data using XOR","namespace":"data-manipulation/encoding/xor","authors":["moritz.raabe@mandiant.com"],"scopes":{"static":"basic block"},"attack":[{"parts":["Defense Evasion","Obfuscated Files or Information"],"tactic":"Defense Evasion","technique":"Obfuscated Files or Information","subtechnique":"","id":"T1027"}],"mbc":[{"parts":["Defense Evasion","Obfuscated Files or Information","Encoding-Standard Algorithm"],"objective":"Defense Evasion","behavior":"Obfuscated Files or Information","method":"Encoding-Standard Algorithm","id":"E1027.m02"},{"parts":["Data","Encode Data","XOR"],"objective":"Data","behavior":"Encode Data","method":"XOR","id":"C0026.002"}],"references":[],"examples":["2D3EDC218A90F03089CC01715A9F047F:0x403D7E"],"description":"","lib":false,"is_subscope_rule":false,"maec":{}},"source":"rule:\n  meta:\n    name: encode data using XOR\n    namespace: data-manipulation/encoding/xor\n    authors:\n      - moritz.raabe@mandiant.com\n    scopes:\n      static: basic block\n      dynamic: unsupported  # requires characteristic, Not features\n    att&ck:\n      - Defense Evasion::Obfuscated Files or Information [T1027]\n    mbc:\n      - Defense Evasion::Obfuscated Files or Information::Encoding-Standard Algorithm [E1027.m02]\n      - Data::Encode Data::XOR [C0026.002]\n    examples:\n      - 2D3EDC218A90F03089CC01715A9F047F:0x403D7E\n  features:\n    - and:\n      - characteristic: tight loop\n      - characteristic: nzxor\n      - not:\n        - description: filter for potential false positives\n        - or:\n          - or:\n            - description: unsigned bitwise negation operation (~i)\n            - number: 0xFFFFFFFF = bitwise negation for unsigned 32 bits\n            - number: 0xFFFFFFFFFFFFFFFF = bitwise negation for unsigned 64 bits\n          - or:\n            - description: signed bitwise negation operation (~i)\n            - number: 0x0FFFFFFF = bitwise negation for signed 32 bits\n            - number: 0x0FFFFFFFFFFFFFFF = bitwise negation for signed 64 bits\n          - or:\n            - description: Magic constants used in the implementation of strings functions.\n            # such as `strlen` and `strcat` in the Windows standard library:\n            # (((i - 0x81010101) ^ ~i) & 0x81010100)\n            ## 32 bits\n            - number: 0x7EFEFEFF = optimized string constant for 32 bits\n            - number: 0x81010101 = -0x81010101 = 0x7EFEFEFF\n            - number: 0x81010100 = 0x81010100 = ~0x7EFEFEFF\n            ## 64 bits\n            - number: 0x7EFEFEFEFEFEFEFF = optimized string constant for 64 bits\n            - number: 0x8101010101010101 = -0x8101010101010101 = 0x7EFEFEFEFEFEFEFF\n            - number: 0x8101010101010100 = 0x8101010101010100 = ~0x7EFEFEFEFEFEFEFF\n","matches":[[{"type":"absolute","value":4198818},{"success":true,"node":{"type":"statement","statement":{"type":"and"}},"children":[{"success":true,"node":{"type":"feature","feature":{"type":"characteristic","characteristic":"tight loop"}},"children":[],"locations":[{"type":"absolute","value":4198818}],"captures":{}},{"success":true,"node":{"type":"feature","feature":{"type":"characteristic","characteristic":"nzxor"}},"children":[],"locations":[{"type":"absolute","value":4198818}],"captures":{}},{"success":true,"node":{"type":"statement","statement":{"type":"not","description":"filter for potential false positives"}},"children":[{"success":false,"node":{"type":"statement","statement":{"type":"or"}},"children":[{"success":false,"node":{"type":"statement","statement":{"type":"or","description":"unsigned bitwise negation operation (~i)"}},"children":[{"success":false,"node":{"type":"feature","feature":{"type":"number","number":4294967295,"description":"bitwise negation for unsigned 32 bits"}},"children":[],"locations":[],"captures":{}},{"success":false,"node":{"type":"feature","feature":{"type":"number","number":18446744073709551615,"description":"bitwise negation for unsigned 64 bits"}},"children":[],"locations":[],"captures":{}}],"locations":[],"captures":{}},{"success":false,"node":{"type":"statement","statement":{"type":"or","description":"signed bitwise negation operation (~i)"}},"children":[{"success":false,"node":{"type":"feature","feature":{"type":"number","number":268435455,"description":"bitwise negation for signed 32 bits"}},"children":[],"locations":[],"captures":{}},{"success":false,"node":{"type":"feature","feature":{"type":"number","number":1152921504606846975,"description":"bitwise negation for signed 64 bits"}},"children":[],"locations":[],"captures":{}}],"locations":[],"captures":{}},{"success":false,"node":{"type":"statement","statement":{"type":"or","description":"Magic constants used in the implementation of strings functions."}},"children":[{"success":false,"node":{"type":"feature","feature":{"type":"number","number":2130640639,"description":"optimized string constant for 32 bits"}},"children":[],"locations":[],"captures":{}},{"success":false,"node":{"type":"feature","feature":{"type":"number","number":2164326657,"description":"-0x81010101 = 0x7EFEFEFF"}},"children":[],"locations":[],"captures":{}},{"success":false,"node":{"type":"feature","feature":{"type":"number","number":2164326656,"description":"0x81010100 = ~0x7EFEFEFF"}},"children":[],"locations":[],"captures":{}},{"success":false,"node":{"type":"feature","feature":{"type":"number","number":9151031864016699135,"description":"optimized string constant for 64 bits"}},"children":[],"locations":[],"captures":{}},{"success":false,"node":{"type":"feature","feature":{"type":"number","number":9295712209692852481,"description":"-0x8101010101010101 = 0x7EFEFEFEFEFEFEFF"}},"children":[],"locations":[],"captures":{}},{"success":false,"node":{"type":"feature","feature":{"type":"number","number":9295712209692852480,"description":"0x8101010101010100 = ~0x7EFEFEFEFEFEFEFF"}},"children":[],"locations":[],"captures":{}}],"locations":[],"captures":{}}],"locations":[],"captures":{}}],"locations":[],"captures":{}}],"locations":[],"captures":{}}],[{"type":"absolute","value":4207400},{"success":true,"node":{"type":"statement","statement":{"type":"and"}},"children":[{"success":true,"node":{"type":"feature","feature":{"type":"characteristic","characteristic":"tight loop"}},"children":[],"locations":[{"type":"absolute","value":4207400}],"captures":{}},{"success":true,"node":{"type":"feature","feature":{"type":"characteristic","characteristic":"nzxor"}},"children":[],"locations":[{"type":"absolute","value":4207400},{"type":"absolute","value":4207458},{"type":"absolute","value":4207448},{"type":"absolute","value":4207436}],"captures":{}},{"success":true,"node":{"type":"statement","statement":{"type":"not","description":"filter for potential false positives"}},"children":[{"success":false,"node":{"type":"statement","statement":{"type":"or"}},"children":[{"success":false,"node":{"type":"statement","statement":{"type":"or","description":"unsigned bitwise negation operation (~i)"}},"children":[{"success":false,"node":{"type":"feature","feature":{"type":"number","number":4294967295,"description":"bitwise negation for unsigned 32 bits"}},"children":[],"locations":[],"captures":{}},{"success":false,"node":{"type":"feature","feature":{"type":"number","number":18446744073709551615,"description":"bitwise negation for unsigned 64 bits"}},"children":[],"locations":[],"captures":{}}],"locations":[],"captures":{}},{"success":false,"node":{"type":"statement","statement":{"type":"or","description":"signed bitwise negation operation (~i)"}},"children":[{"success":false,"node":{"type":"feature","feature":{"type":"number","number":268435455,"description":"bitwise negation for signed 32 bits"}},"children":[],"locations":[],"captures":{}},{"success":false,"node":{"type":"feature","feature":{"type":"number","number":1152921504606846975,"description":"bitwise negation for signed 64 bits"}},"children":[],"locations":[],"captures":{}}],"locations":[],"captures":{}},{"success":false,"node":{"type":"statement","statement":{"type":"or","description":"Magic constants used in the implementation of strings functions."}},"children":[{"success":false,"node":{"type":"feature","feature":{"type":"number","number":2130640639,"description":"optimized string constant for 32 bits"}},"children":[],"locations":[],"captures":{}},{"success":false,"node":{"type":"feature","feature":{"type":"number","number":2164326657,"description":"-0x81010101 = 0x7EFEFEFF"}},"children":[],"locations":[],"captures":{}},{"success":false,"node":{"type":"feature","feature":{"type":"number","number":2164326656,"description":"0x81010100 = ~0x7EFEFEFF"}},"children":[],"locations":[],"captures":{}},{"success":false,"node":{"type":"feature","feature":{"type":"number","number":9151031864016699135,"description":"optimized string constant for 64 bits"}},"children":[],"locations":[],"captures":{}},{"success":false,"node":{"type":"feature","feature":{"type":"number","number":9295712209692852481,"description":"-0x8101010101010101 = 0x7EFEFEFEFEFEFEFF"}},"children":[],"locations":[],"captures":{}},{"success":false,"node":{"type":"feature","feature":{"type":"number","number":9295712209692852480,"description":"0x8101010101010100 = ~0x7EFEFEFEFEFEFEFF"}},"children":[],"locations":[],"captures":{}}],"locations":[],"captures":{}}],"locations":[],"captures":{}}],"locations":[],"captures":{}}],"locations":[],"captures":{}}],[{"type":"absolute","value":4207474},{"success":true,"node":{"type":"statement","statement":{"type":"and"}},"children":[{"success":true,"node":{"type":"feature","feature":{"type":"characteristic","characteristic":"tight loop"}},"children":[],"locations":[{"type":"absolute","value":4207474}],"captures":{}},{"success":true,"node":{"type":"feature","feature":{"type":"characteristic","characteristic":"nzxor"}},"children":[],"locations":[{"type":"absolute","value":4207477},{"type":"absolute","value":4207487}],"captures":{}},{"success":true,"node":{"type":"statement","statement":{"type":"not","description":"filter for potential false positives"}},"children":[{"success":false,"node":{"type":"statement","statement":{"type":"or"}},"children":[{"success":false,"node":{"type":"statement","statement":{"type":"or","description":"unsigned bitwise negation operation (~i)"}},"children":[{"success":false,"node":{"type":"feature","feature":{"type":"number","number":4294967295,"description":"bitwise negation for unsigned 32 bits"}},"children":[],"locations":[],"captures":{}},{"success":false,"node":{"type":"feature","feature":{"type":"number","number":18446744073709551615,"description":"bitwise negation for unsigned 64 bits"}},"children":[],"locations":[],"captures":{}}],"locations":[],"captures":{}},{"success":false,"node":{"type":"statement","statement":{"type":"or","description":"signed bitwise negation operation (~i)"}},"children":[{"success":false,"node":{"type":"feature","feature":{"type":"number","number":268435455,"description":"bitwise negation for signed 32 bits"}},"children":[],"locations":[],"captures":{}},{"success":false,"node":{"type":"feature","feature":{"type":"number","number":1152921504606846975,"description":"bitwise negation for signed 64 bits"}},"children":[],"locations":[],"captures":{}}],"locations":[],"captures":{}},{"success":false,"node":{"type":"statement","statement":{"type":"or","description":"Magic constants used in the implementation of strings functions."}},"children":[{"success":false,"node":{"type":"feature","feature":{"type":"number","number":2130640639,"description":"optimized string constant for 32 bits"}},"children":[],"locations":[],"captures":{}},{"success":false,"node":{"type":"feature","feature":{"type":"number","number":2164326657,"description":"-0x81010101 = 0x7EFEFEFF"}},"children":[],"locations":[],"captures":{}},{"success":false,"node":{"type":"feature","feature":{"type":"number","number":2164326656,"description":"0x81010100 = ~0x7EFEFEFF"}},"children":[],"locations":[],"captures":{}},{"success":false,"node":{"type":"feature","feature":{"type":"number","number":9151031864016699135,"description":"optimized string constant for 64 bits"}},"children":[],"locations":[],"captures":{}},{"success":false,"node":{"type":"feature","feature":{"type":"number","number":9295712209692852481,"description":"-0x8101010101010101 = 0x7EFEFEFEFEFEFEFF"}},"children":[],"locations":[],"captures":{}},{"success":false,"node":{"type":"feature","feature":{"type":"number","number":9295712209692852480,"description":"0x8101010101010100 = ~0x7EFEFEFEFEFEFEFF"}},"children":[],"locations":[],"captures":{}}],"locations":[],"captures":{}}],"locations":[],"captures":{}}],"locations":[],"captures":{}}],"locations":[],"captures":{}}]]},"create process on Windows":{"meta":{"name":"create process on Windows","namespace":"host-interaction/process/create","authors":["moritz.raabe@mandiant.com"],"scopes":{"static":"basic block","dynamic":"call"},"attack":[],"mbc":[{"parts":["Process","Create Process"],"objective":"Process","behavior":"Create Process","method":"","id":"C0017"}],"references":[],"examples":["9324D1A8AE37A36AE560C37448C9705A:0x406DB0","Practical Malware Analysis Lab 01-04.exe_:0x4011FC","692f7fd6d198e804d6af98eb9e390d61:0x6000003"],"description":"","lib":false,"is_subscope_rule":false,"maec":{}},"source":"rule:\n  meta:\n    name: create process on Windows\n    namespace: host-interaction/process/create\n    authors:\n      - moritz.raabe@mandiant.com\n    scopes:\n      static: basic block\n      dynamic: call\n    mbc:\n      - Process::Create Process [C0017]\n    examples:\n      - 9324D1A8AE37A36AE560C37448C9705A:0x406DB0\n      - Practical Malware Analysis Lab 01-04.exe_:0x4011FC\n      - 692f7fd6d198e804d6af98eb9e390d61:0x6000003\n  features:\n    - or:\n      - api: kernel32.WinExec\n      - api: kernel32.CreateProcess\n      - api: shell32.ShellExecute\n      - api: shell32.ShellExecuteEx\n      - api: advapi32.CreateProcessAsUser\n      - api: advapi32.CreateProcessWithLogon\n      - api: advapi32.CreateProcessWithToken\n      - api: kernel32.CreateProcessInternal\n      - api: ntdll.NtCreateUserProcess\n      - api: ntdll.NtCreateProcess\n      - api: ntdll.NtCreateProcessEx\n      - api: ntdll.ZwCreateProcess\n      - api: ZwCreateProcessEx\n      - api: ntdll.ZwCreateUserProcess\n      - api: ntdll.RtlCreateUserProcess\n      - api: System.Diagnostics.Process::Start\n","matches":[[{"type":"absolute","value":4199497},{"success":true,"node":{"type":"statement","statement":{"type":"or"}},"children":[{"success":false,"node":{"type":"feature","feature":{"type":"api","api":"WinExec"}},"children":[],"locations":[],"captures":{}},{"success":true,"node":{"type":"feature","feature":{"type":"api","api":"CreateProcess"}},"children":[],"locations":[{"type":"absolute","value":4199545}],"captures":{}},{"success":false,"node":{"type":"feature","feature":{"type":"api","api":"ShellExecute"}},"children":[],"locations":[],"captures":{}},{"success":false,"node":{"type":"feature","feature":{"type":"api","api":"ShellExecuteEx"}},"children":[],"locations":[],"captures":{}},{"success":false,"node":{"type":"feature","feature":{"type":"api","api":"CreateProcessAsUser"}},"children":[],"locations":[],"captures":{}},{"success":false,"node":{"type":"feature","feature":{"type":"api","api":"CreateProcessWithLogon"}},"children":[],"locations":[],"captures":{}},{"success":false,"node":{"type":"feature","feature":{"type":"api","api":"CreateProcessWithToken"}},"children":[],"locations":[],"captures":{}},{"success":false,"node":{"type":"feature","feature":{"type":"api","api":"CreateProcessInternal"}},"children":[],"locations":[],"captures":{}},{"success":false,"node":{"type":"feature","feature":{"type":"api","api":"NtCreateUserProcess"}},"children":[],"locations":[],"captures":{}},{"success":false,"node":{"type":"feature","feature":{"type":"api","api":"NtCreateProcess"}},"children":[],"locations":[],"captures":{}},{"success":false,"node":{"type":"feature","feature":{"type":"api","api":"NtCreateProcessEx"}},"children":[],"locations":[],"captures":{}},{"success":false,"node":{"type":"feature","feature":{"type":"api","api":"ZwCreateProcess"}},"children":[],"locations":[],"captures":{}},{"success":false,"node":{"type":"feature","feature":{"type":"api","api":"ZwCreateProcessEx"}},"children":[],"locations":[],"captures":{}},{"success":false,"node":{"type":"feature","feature":{"type":"api","api":"ZwCreateUserProcess"}},"children":[],"locations":[],"captures":{}},{"success":false,"node":{"type":"feature","feature":{"type":"api","api":"RtlCreateUserProcess"}},"children":[],"locations":[],"captures":{}},{"success":false,"node":{"type":"feature","feature":{"type":"api","api":"System.Diagnostics.Process::Start"}},"children":[],"locations":[],"captures":{}}],"locations":[],"captures":{}}]]},"read file on Windows":{"meta":{"name":"read file on Windows","namespace":"host-interaction/file-system/read","authors":["moritz.raabe@mandiant.com","anushka.virgaonkar@mandiant.com"],"scopes":{"static":"function","dynamic":"thread"},"attack":[],"mbc":[{"parts":["File System","Read File"],"objective":"File System","behavior":"Read File","method":"","id":"C0051"}],"references":[],"examples":["BFB9B5391A13D0AFD787E87AB90F14F5:0x1314567B"],"description":"","lib":false,"is_subscope_rule":false,"maec":{}},"source":"rule:\n  meta:\n    name: read file on Windows\n    namespace: host-interaction/file-system/read\n    authors:\n      - moritz.raabe@mandiant.com\n      - anushka.virgaonkar@mandiant.com\n    scopes:\n      static: function\n      dynamic: thread\n    mbc:\n      - File System::Read File [C0051]\n    examples:\n      - BFB9B5391A13D0AFD787E87AB90F14F5:0x1314567B\n  features:\n    - or:\n      - and:\n        - os: windows\n        - optional:\n          - and:\n            - number: 0x80000000 = GENERIC_READ\n            - match: create or open file\n        - or:\n          - api: kernel32.ReadFile\n          - api: ReadFileEx\n          - api: NtReadFile\n          - api: ZwReadFile\n          - api: LZRead\n          - api: _read\n          - api: fread\n      - api: System.IO.File::ReadAllBytes\n      - api: System.IO.File::ReadAllBytesAsync\n      - api: System.IO.File::ReadAllLines\n      - api: System.IO.File::ReadAllLinesAsync\n      - api: System.IO.File::ReadAllText\n      - api: System.IO.File::ReadAllTextAsync\n      - api: System.IO.File::ReadLines\n","matches":[[{"type":"absolute","value":4198400},{"success":true,"node":{"type":"statement","statement":{"type":"or"}},"children":[{"success":false,"node":{"type":"feature","feature":{"type":"api","api":"System.IO.File::ReadAllBytes"}},"children":[],"locations":[],"captures":{}},{"success":false,"node":{"type":"feature","feature":{"type":"api","api":"System.IO.File::ReadAllBytesAsync"}},"children":[],"locations":[],"captures":{}},{"success":false,"node":{"type":"feature","feature":{"type":"api","api":"System.IO.File::ReadAllLines"}},"children":[],"locations":[],"captures":{}},{"success":false,"node":{"type":"feature","feature":{"type":"api","api":"System.IO.File::ReadAllLinesAsync"}},"children":[],"locations":[],"captures":{}},{"success":false,"node":{"type":"feature","feature":{"type":"api","api":"System.IO.File::ReadAllText"}},"children":[],"locations":[],"captures":{}},{"success":false,"node":{"type":"feature","feature":{"type":"api","api":"System.IO.File::ReadAllTextAsync"}},"children":[],"locations":[],"captures":{}},{"success":false,"node":{"type":"feature","feature":{"type":"api","api":"System.IO.File::ReadLines"}},"children":[],"locations":[],"captures":{}},{"success":true,"node":{"type":"statement","statement":{"type":"and"}},"children":[{"success":true,"node":{"type":"feature","feature":{"type":"os","os":"windows"}},"children":[],"locations":[{"type":"no address"}],"captures":{}},{"success":true,"node":{"type":"statement","statement":{"type":"optional"}},"children":[{"success":true,"node":{"type":"statement","statement":{"type":"and"}},"children":[{"success":true,"node":{"type":"feature","feature":{"type":"number","number":2147483648,"description":"GENERIC_READ"}},"children":[],"locations":[{"type":"absolute","value":4198417}],"captures":{}},{"success":true,"node":{"type":"feature","feature":{"type":"match","match":"create or open file"}},"children":[{"success":true,"node":{"type":"statement","statement":{"type":"or"}},"children":[{"success":true,"node":{"type":"feature","feature":{"type":"api","api":"CreateFile"}},"children":[],"locations":[{"type":"absolute","value":4198426}],"captures":{}},{"success":false,"node":{"type":"feature","feature":{"type":"api","api":"CreateFileEx"}},"children":[],"locations":[],"captures":{}},{"success":false,"node":{"type":"feature","feature":{"type":"api","api":"IoCreateFile"}},"children":[],"locations":[],"captures":{}},{"success":false,"node":{"type":"feature","feature":{"type":"api","api":"IoCreateFileEx"}},"children":[],"locations":[],"captures":{}},{"success":false,"node":{"type":"feature","feature":{"type":"api","api":"ZwOpenFile"}},"children":[],"locations":[],"captures":{}},{"success":false,"node":{"type":"feature","feature":{"type":"api","api":"ZwCreateFile"}},"children":[],"locations":[],"captures":{}},{"success":false,"node":{"type":"feature","feature":{"type":"api","api":"NtOpenFile"}},"children":[],"locations":[],"captures":{}},{"success":false,"node":{"type":"feature","feature":{"type":"api","api":"NtCreateFile"}},"children":[],"locations":[],"captures":{}},{"success":false,"node":{"type":"feature","feature":{"type":"api","api":"LZCreateFile"}},"children":[],"locations":[],"captures":{}},{"success":false,"node":{"type":"feature","feature":{"type":"api","api":"LZOpenFile"}},"children":[],"locations":[],"captures":{}},{"success":false,"node":{"type":"feature","feature":{"type":"api","api":"fopen"}},"children":[],"locations":[],"captures":{}},{"success":false,"node":{"type":"feature","feature":{"type":"api","api":"fopen64"}},"children":[],"locations":[],"captures":{}},{"success":false,"node":{"type":"feature","feature":{"type":"api","api":"fdopen"}},"children":[],"locations":[],"captures":{}},{"success":false,"node":{"type":"feature","feature":{"type":"api","api":"freopen"}},"children":[],"locations":[],"captures":{}},{"success":false,"node":{"type":"feature","feature":{"type":"api","api":"open"}},"children":[],"locations":[],"captures":{}},{"success":false,"node":{"type":"feature","feature":{"type":"api","api":"openat"}},"children":[],"locations":[],"captures":{}}],"locations":[],"captures":{}}],"locations":[{"type":"absolute","value":4198400}],"captures":{}}],"locations":[],"captures":{}}],"locations":[],"captures":{}},{"success":true,"node":{"type":"statement","statement":{"type":"or"}},"children":[{"success":true,"node":{"type":"feature","feature":{"type":"api","api":"ReadFile"}},"children":[],"locations":[{"type":"absolute","value":4198496}],"captures":{}},{"success":false,"node":{"type":"feature","feature":{"type":"api","api":"ReadFileEx"}},"children":[],"locations":[],"captures":{}},{"success":false,"node":{"type":"feature","feature":{"type":"api","api":"NtReadFile"}},"children":[],"locations":[],"captures":{}},{"success":false,"node":{"type":"feature","feature":{"type":"api","api":"ZwReadFile"}},"children":[],"locations":[],"captures":{}},{"success":false,"node":{"type":"feature","feature":{"type":"api","api":"LZRead"}},"children":[],"locations":[],"captures":{}},{"success":false,"node":{"type":"feature","feature":{"type":"api","api":"_read"}},"children":[],"locations":[],"captures":{}},{"success":false,"node":{"type":"feature","feature":{"type":"api","api":"fread"}},"children":[],"locations":[],"captures":{}}],"locations":[],"captures":{}}],"locations":[],"captures":{}}],"locations":[],"captures":{}}]]},"get file size":{"meta":{"name":"get file size","namespace":"host-interaction/file-system/meta","authors":["michael.hunhoff@mandiant.com","anushka.virgaonkar@mandiant.com"],"scopes":{"static":"function","dynamic":"call"},"attack":[{"parts":["Discovery","File and Directory Discovery"],"tactic":"Discovery","technique":"File and Directory Discovery","subtechnique":"","id":"T1083"}],"mbc":[{"parts":["Discovery","File and Directory Discovery"],"objective":"Discovery","behavior":"File and Directory Discovery","method":"","id":"E1083"}],"references":[],"examples":["mimikatz.exe_:0x40630D"],"description":"","lib":false,"is_subscope_rule":false,"maec":{}},"source":"rule:\n  meta:\n    name: get file size\n    namespace: host-interaction/file-system/meta\n    authors:\n      - michael.hunhoff@mandiant.com\n      - anushka.virgaonkar@mandiant.com\n    scopes:\n      static: function\n      dynamic: call\n    att&ck:\n      - Discovery::File and Directory Discovery [T1083]\n    mbc:\n      - Discovery::File and Directory Discovery [E1083]\n    examples:\n      - mimikatz.exe_:0x40630D\n  features:\n    - or:\n      - api: kernel32.GetFileSize\n      - api: kernel32.GetFileSizeEx\n      - property/read: System.IO.FileInfo::Length\n","matches":[[{"type":"absolute","value":4198400},{"success":true,"node":{"type":"statement","statement":{"type":"or"}},"children":[{"success":true,"node":{"type":"feature","feature":{"type":"api","api":"GetFileSize"}},"children":[],"locations":[{"type":"absolute","value":4198445}],"captures":{}},{"success":false,"node":{"type":"feature","feature":{"type":"api","api":"GetFileSizeEx"}},"children":[],"locations":[],"captures":{}},{"success":false,"node":{"type":"feature","feature":{"type":"property","access":"read","property":"System.IO.FileInfo::Length"}},"children":[],"locations":[],"captures":{}}],"locations":[],"captures":{}}]]},"contain loop":{"meta":{"name":"contain loop","authors":["moritz.raabe@mandiant.com"],"scopes":{"static":"function"},"attack":[],"mbc":[],"references":[],"examples":["08AC667C65D36D6542917655571E61C8:0x406EAA"],"description":"","lib":true,"is_subscope_rule":false,"maec":{}},"source":"rule:\n  meta:\n    name: contain loop\n    authors:\n      - moritz.raabe@mandiant.com\n    lib: true\n    scopes:\n      static: function\n      dynamic: unsupported  # requires characteristic features\n    examples:\n      - 08AC667C65D36D6542917655571E61C8:0x406EAA\n  features:\n    - or:\n      - characteristic: loop\n      - characteristic: tight loop\n      - characteristic: recursive call\n","matches":[[{"type":"absolute","value":4198592},{"success":true,"node":{"type":"statement","statement":{"type":"or"}},"children":[{"success":false,"node":{"type":"feature","feature":{"type":"characteristic","characteristic":"loop"}},"children":[],"locations":[],"captures":{}},{"success":true,"node":{"type":"feature","feature":{"type":"characteristic","characteristic":"tight loop"}},"children":[],"locations":[{"type":"absolute","value":4198818}],"captures":{}},{"success":false,"node":{"type":"feature","feature":{"type":"characteristic","characteristic":"recursive call"}},"children":[],"locations":[],"captures":{}}],"locations":[],"captures":{}}],[{"type":"absolute","value":4199104},{"success":true,"node":{"type":"statement","statement":{"type":"or"}},"children":[{"success":false,"node":{"type":"feature","feature":{"type":"characteristic","characteristic":"loop"}},"children":[],"locations":[],"captures":{}},{"success":true,"node":{"type":"feature","feature":{"type":"characteristic","characteristic":"tight loop"}},"children":[],"locations":[{"type":"absolute","value":4199200},{"type":"absolute","value":4199472},{"type":"absolute","value":4199248},{"type":"absolute","value":4199296},{"type":"absolute","value":4199490}],"captures":{}},{"success":false,"node":{"type":"feature","feature":{"type":"characteristic","characteristic":"recursive call"}},"children":[],"locations":[],"captures":{}}],"locations":[],"captures":{}}],[{"type":"absolute","value":4200252},{"success":true,"node":{"type":"statement","statement":{"type":"or"}},"children":[{"success":true,"node":{"type":"feature","feature":{"type":"characteristic","characteristic":"loop"}},"children":[],"locations":[{"type":"absolute","value":4200252}],"captures":{}},{"success":true,"node":{"type":"feature","feature":{"type":"characteristic","characteristic":"tight loop"}},"children":[],"locations":[{"type":"absolute","value":4203297},{"type":"absolute","value":4204719}],"captures":{}},{"success":false,"node":{"type":"feature","feature":{"type":"characteristic","characteristic":"recursive call"}},"children":[],"locations":[],"captures":{}}],"locations":[],"captures":{}}],[{"type":"absolute","value":4206225},{"success":true,"node":{"type":"statement","statement":{"type":"or"}},"children":[{"success":true,"node":{"type":"feature","feature":{"type":"characteristic","characteristic":"loop"}},"children":[],"locations":[{"type":"absolute","value":4206225}],"captures":{}},{"success":true,"node":{"type":"feature","feature":{"type":"characteristic","characteristic":"tight loop"}},"children":[],"locations":[{"type":"absolute","value":4206739},{"type":"absolute","value":4206314},{"type":"absolute","value":4206595},{"type":"absolute","value":4206394}],"captures":{}},{"success":false,"node":{"type":"feature","feature":{"type":"characteristic","characteristic":"recursive call"}},"children":[],"locations":[],"captures":{}}],"locations":[],"captures":{}}],[{"type":"absolute","value":4206819},{"success":true,"node":{"type":"statement","statement":{"type":"or"}},"children":[{"success":true,"node":{"type":"feature","feature":{"type":"characteristic","characteristic":"loop"}},"children":[],"locations":[{"type":"absolute","value":4206819}],"captures":{}},{"success":true,"node":{"type":"feature","feature":{"type":"characteristic","characteristic":"tight loop"}},"children":[],"locations":[{"type":"absolute","value":4207400},{"type":"absolute","value":4207474}],"captures":{}},{"success":false,"node":{"type":"feature","feature":{"type":"characteristic","characteristic":"recursive call"}},"children":[],"locations":[],"captures":{}}],"locations":[],"captures":{}}],[{"type":"absolute","value":4207540},{"success":true,"node":{"type":"statement","statement":{"type":"or"}},"children":[{"success":true,"node":{"type":"feature","feature":{"type":"characteristic","characteristic":"loop"}},"children":[],"locations":[{"type":"absolute","value":4207540}],"captures":{}},{"success":true,"node":{"type":"feature","feature":{"type":"characteristic","characteristic":"tight loop"}},"children":[],"locations":[{"type":"absolute","value":4207568},{"type":"absolute","value":4207755},{"type":"absolute","value":4208091}],"captures":{}},{"success":false,"node":{"type":"feature","feature":{"type":"characteristic","characteristic":"recursive call"}},"children":[],"locations":[],"captures":{}}],"locations":[],"captures":{}}],[{"type":"absolute","value":4208704},{"success":true,"node":{"type":"statement","statement":{"type":"or"}},"children":[{"success":true,"node":{"type":"feature","feature":{"type":"characteristic","characteristic":"loop"}},"children":[],"locations":[{"type":"absolute","value":4208704}],"captures":{}},{"success":false,"node":{"type":"feature","feature":{"type":"characteristic","characteristic":"tight loop"}},"children":[],"locations":[],"captures":{}},{"success":false,"node":{"type":"feature","feature":{"type":"characteristic","characteristic":"recursive call"}},"children":[],"locations":[],"captures":{}}],"locations":[],"captures":{}}]]},"write file on Windows":{"meta":{"name":"write file on Windows","namespace":"host-interaction/file-system/write","authors":["william.ballenthin@mandiant.com","anushka.virgaonkar@mandiant.com"],"scopes":{"static":"function","dynamic":"thread"},"attack":[],"mbc":[{"parts":["File System","Writes File"],"objective":"File System","behavior":"Writes File","method":"","id":"C0052"}],"references":[],"examples":["Practical Malware Analysis Lab 01-04.exe_:0x4011FC","563653399B82CD443F120ECEFF836EA3678D4CF11D9B351BB737573C2D856299:0x1400025C4"],"description":"","lib":false,"is_subscope_rule":false,"maec":{}},"source":"rule:\n  meta:\n    name: write file on Windows\n    namespace: host-interaction/file-system/write\n    authors:\n      - william.ballenthin@mandiant.com\n      - anushka.virgaonkar@mandiant.com\n    scopes:\n      static: function\n      dynamic: thread\n    mbc:\n      - File System::Writes File [C0052]\n    examples:\n      - Practical Malware Analysis Lab 01-04.exe_:0x4011FC\n      # ntdll\n      - 563653399B82CD443F120ECEFF836EA3678D4CF11D9B351BB737573C2D856299:0x1400025C4\n  features:\n    - or:\n      - and:\n        - os: windows\n        - optional:\n          - basic block:\n            - or:\n              - number: 0x40000000 = GENERIC_WRITE\n              - number: 0x2 = FILE_WRITE_DATA\n              - match: create or open file\n          - call:\n            - or:\n              - number: 0x40000000 = GENERIC_WRITE\n              - number: 0x2 = FILE_WRITE_DATA\n              - match: create or open file\n        - or:\n          - api: kernel32.WriteFile\n          - api: kernel32.WriteFileEx\n          - api: NtWriteFile\n          - api: ZwWriteFile\n          - api: _fwrite\n          - api: fwrite\n      - api: System.IO.File::WriteAllBytes\n      - api: System.IO.File::WriteAllBytesAsync\n      - api: System.IO.File::WriteAllLines\n      - api: System.IO.File::WriteAllLinesAsync\n      - api: System.IO.File::WriteAllText\n      - api: System.IO.File::WriteAllTextAsync\n      - api: System.IO.File::AppendAllLines\n      - api: System.IO.File::AppendAllLinesAsync\n      - api: System.IO.File::AppendAllText\n      - api: System.IO.File::AppendAllTextAsync\n      - api: System.IO.File::AppendText\n      - api: System.IO.FileInfo::AppendText\n","matches":[[{"type":"absolute","value":4199008},{"success":true,"node":{"type":"statement","statement":{"type":"or"}},"children":[{"success":false,"node":{"type":"feature","feature":{"type":"api","api":"System.IO.File::WriteAllBytes"}},"children":[],"locations":[],"captures":{}},{"success":false,"node":{"type":"feature","feature":{"type":"api","api":"System.IO.File::WriteAllBytesAsync"}},"children":[],"locations":[],"captures":{}},{"success":false,"node":{"type":"feature","feature":{"type":"api","api":"System.IO.File::WriteAllLines"}},"children":[],"locations":[],"captures":{}},{"success":false,"node":{"type":"feature","feature":{"type":"api","api":"System.IO.File::WriteAllLinesAsync"}},"children":[],"locations":[],"captures":{}},{"success":false,"node":{"type":"feature","feature":{"type":"api","api":"System.IO.File::WriteAllText"}},"children":[],"locations":[],"captures":{}},{"success":false,"node":{"type":"feature","feature":{"type":"api","api":"System.IO.File::WriteAllTextAsync"}},"children":[],"locations":[],"captures":{}},{"success":false,"node":{"type":"feature","feature":{"type":"api","api":"System.IO.File::AppendAllLines"}},"children":[],"locations":[],"captures":{}},{"success":false,"node":{"type":"feature","feature":{"type":"api","api":"System.IO.File::AppendAllLinesAsync"}},"children":[],"locations":[],"captures":{}},{"success":false,"node":{"type":"feature","feature":{"type":"api","api":"System.IO.File::AppendAllText"}},"children":[],"locations":[],"captures":{}},{"success":false,"node":{"type":"feature","feature":{"type":"api","api":"System.IO.File::AppendAllTextAsync"}},"children":[],"locations":[],"captures":{}},{"success":false,"node":{"type":"feature","feature":{"type":"api","api":"System.IO.File::AppendText"}},"children":[],"locations":[],"captures":{}},{"success":false,"node":{"type":"feature","feature":{"type":"api","api":"System.IO.FileInfo::AppendText"}},"children":[],"locations":[],"captures":{}},{"success":true,"node":{"type":"statement","statement":{"type":"and"}},"children":[{"success":true,"node":{"type":"feature","feature":{"type":"os","os":"windows"}},"children":[],"locations":[{"type":"no address"}],"captures":{}},{"success":true,"node":{"type":"statement","statement":{"type":"optional"}},"children":[{"success":true,"node":{"type":"statement","statement":{"type":"subscope","scope":"basic block"}},"children":[{"success":true,"node":{"type":"statement","statement":{"type":"or"}},"children":[{"success":true,"node":{"type":"feature","feature":{"type":"number","number":1073741824,"description":"GENERIC_WRITE"}},"children":[],"locations":[{"type":"absolute","value":4199021}],"captures":{}},{"success":true,"node":{"type":"feature","feature":{"type":"number","number":2,"description":"FILE_WRITE_DATA"}},"children":[],"locations":[{"type":"absolute","value":4199017}],"captures":{}},{"success":true,"node":{"type":"feature","feature":{"type":"match","match":"create or open file"}},"children":[{"success":true,"node":{"type":"statement","statement":{"type":"or"}},"children":[{"success":true,"node":{"type":"feature","feature":{"type":"api","api":"CreateFile"}},"children":[],"locations":[{"type":"absolute","value":4199031}],"captures":{}},{"success":false,"node":{"type":"feature","feature":{"type":"api","api":"CreateFileEx"}},"children":[],"locations":[],"captures":{}},{"success":false,"node":{"type":"feature","feature":{"type":"api","api":"IoCreateFile"}},"children":[],"locations":[],"captures":{}},{"success":false,"node":{"type":"feature","feature":{"type":"api","api":"IoCreateFileEx"}},"children":[],"locations":[],"captures":{}},{"success":false,"node":{"type":"feature","feature":{"type":"api","api":"ZwOpenFile"}},"children":[],"locations":[],"captures":{}},{"success":false,"node":{"type":"feature","feature":{"type":"api","api":"ZwCreateFile"}},"children":[],"locations":[],"captures":{}},{"success":false,"node":{"type":"feature","feature":{"type":"api","api":"NtOpenFile"}},"children":[],"locations":[],"captures":{}},{"success":false,"node":{"type":"feature","feature":{"type":"api","api":"NtCreateFile"}},"children":[],"locations":[],"captures":{}},{"success":false,"node":{"type":"feature","feature":{"type":"api","api":"LZCreateFile"}},"children":[],"locations":[],"captures":{}},{"success":false,"node":{"type":"feature","feature":{"type":"api","api":"LZOpenFile"}},"children":[],"locations":[],"captures":{}},{"success":false,"node":{"type":"feature","feature":{"type":"api","api":"fopen"}},"children":[],"locations":[],"captures":{}},{"success":false,"node":{"type":"feature","feature":{"type":"api","api":"fopen64"}},"children":[],"locations":[],"captures":{}},{"success":false,"node":{"type":"feature","feature":{"type":"api","api":"fdopen"}},"children":[],"locations":[],"captures":{}},{"success":false,"node":{"type":"feature","feature":{"type":"api","api":"freopen"}},"children":[],"locations":[],"captures":{}},{"success":false,"node":{"type":"feature","feature":{"type":"api","api":"open"}},"children":[],"locations":[],"captures":{}},{"success":false,"node":{"type":"feature","feature":{"type":"api","api":"openat"}},"children":[],"locations":[],"captures":{}}],"locations":[],"captures":{}}],"locations":[{"type":"absolute","value":4199008}],"captures":{}}],"locations":[],"captures":{}}],"locations":[{"type":"absolute","value":4199008}],"captures":{}},{"success":false,"node":{"type":"feature","feature":{"type":"match","match":"write file on Windows/0833e45a1159458f87513f08b73aeb21"}},"children":[],"locations":[],"captures":{}}],"locations":[],"captures":{}},{"success":true,"node":{"type":"statement","statement":{"type":"or"}},"children":[{"success":true,"node":{"type":"feature","feature":{"type":"api","api":"WriteFile"}},"children":[],"locations":[{"type":"absolute","value":4199055}],"captures":{}},{"success":false,"node":{"type":"feature","feature":{"type":"api","api":"WriteFileEx"}},"children":[],"locations":[],"captures":{}},{"success":false,"node":{"type":"feature","feature":{"type":"api","api":"NtWriteFile"}},"children":[],"locations":[],"captures":{}},{"success":false,"node":{"type":"feature","feature":{"type":"api","api":"ZwWriteFile"}},"children":[],"locations":[],"captures":{}},{"success":false,"node":{"type":"feature","feature":{"type":"api","api":"_fwrite"}},"children":[],"locations":[],"captures":{}},{"success":false,"node":{"type":"feature","feature":{"type":"api","api":"fwrite"}},"children":[],"locations":[],"captures":{}}],"locations":[],"captures":{}}],"locations":[],"captures":{}}],"locations":[],"captures":{}}]]},"accept command line arguments":{"meta":{"name":"accept command line arguments","namespace":"host-interaction/cli","authors":["moritz.raabe@mandiant.com","anushka.virgaonkar@mandiant.com"],"scopes":{"static":"function","dynamic":"call"},"attack":[{"parts":["Execution","Command and Scripting Interpreter"],"tactic":"Execution","technique":"Command and Scripting Interpreter","subtechnique":"","id":"T1059"}],"mbc":[{"parts":["Execution","Command and Scripting Interpreter"],"objective":"Execution","behavior":"Command and Scripting Interpreter","method":"","id":"E1059"}],"references":[],"examples":["e5369ac309f1be6d77afeeb3edab0ed8:0x402760"],"description":"","lib":false,"is_subscope_rule":false,"maec":{}},"source":"rule:\n  meta:\n    name: accept command line arguments\n    namespace: host-interaction/cli\n    authors:\n      - moritz.raabe@mandiant.com\n      - anushka.virgaonkar@mandiant.com\n    scopes:\n      static: function\n      dynamic: call\n    att&ck:\n      - Execution::Command and Scripting Interpreter [T1059]\n    mbc:\n      - Execution::Command and Scripting Interpreter [E1059]\n    examples:\n      - e5369ac309f1be6d77afeeb3edab0ed8:0x402760\n  features:\n    - or:\n      - api: GetCommandLine\n      - api: CommandLineToArgv\n      - api: System.Environment::GetCommandLineArgs\n","matches":[[{"type":"absolute","value":4199104},{"success":true,"node":{"type":"statement","statement":{"type":"or"}},"children":[{"success":true,"node":{"type":"feature","feature":{"type":"api","api":"GetCommandLine"}},"children":[],"locations":[{"type":"absolute","value":4199164},{"type":"absolute","value":4199135}],"captures":{}},{"success":true,"node":{"type":"feature","feature":{"type":"api","api":"CommandLineToArgv"}},"children":[],"locations":[{"type":"absolute","value":4199167}],"captures":{}},{"success":false,"node":{"type":"feature","feature":{"type":"api","api":"System.Environment::GetCommandLineArgs"}},"children":[],"locations":[],"captures":{}}],"locations":[],"captures":{}}]]},"terminate process":{"meta":{"name":"terminate process","namespace":"host-interaction/process/terminate","authors":["moritz.raabe@mandiant.com","michael.hunhoff@mandiant.com","anushka.virgaonkar@mandiant.com"],"scopes":{"static":"function","dynamic":"thread"},"attack":[],"mbc":[{"parts":["Process","Terminate Process"],"objective":"Process","behavior":"Terminate Process","method":"","id":"C0018"}],"references":[],"examples":["C91887D861D9BD4A5872249B641BC9F9:0x401A77","9B7CCAA2AE6A5B96E3110EBCBC4311F6:0x10010307"],"description":"","lib":false,"is_subscope_rule":false,"maec":{}},"source":"rule:\n  meta:\n    name: terminate process\n    namespace: host-interaction/process/terminate\n    authors:\n      - moritz.raabe@mandiant.com\n      - michael.hunhoff@mandiant.com\n      - anushka.virgaonkar@mandiant.com\n    scopes:\n      static: function\n      dynamic: thread\n    mbc:\n      - Process::Terminate Process [C0018]\n    examples:\n      - C91887D861D9BD4A5872249B641BC9F9:0x401A77\n      - 9B7CCAA2AE6A5B96E3110EBCBC4311F6:0x10010307\n  features:\n    - or:\n      - api: System.Diagnostics.Process::Kill\n      - api: System.Diagnostics.Process::WaitForExit\n      - api: System.Diagnostics.Process::WaitForExitAsync\n      - api: System.Environment::Exit\n      - api: System.Windows.Forms.Application::Exit\n      - api: exit\n      - api: Exit\n      - and:\n        - optional:\n          - match: open process\n        - or:\n          - api: kernel32.TerminateProcess\n          - api: ntdll.NtTerminateProcess\n          - api: kernel32.ExitProcess\n","matches":[[{"type":"absolute","value":4199104},{"success":true,"node":{"type":"statement","statement":{"type":"or"}},"children":[{"success":false,"node":{"type":"feature","feature":{"type":"api","api":"System.Diagnostics.Process::Kill"}},"children":[],"locations":[],"captures":{}},{"success":false,"node":{"type":"feature","feature":{"type":"api","api":"System.Diagnostics.Process::WaitForExit"}},"children":[],"locations":[],"captures":{}},{"success":false,"node":{"type":"feature","feature":{"type":"api","api":"System.Diagnostics.Process::WaitForExitAsync"}},"children":[],"locations":[],"captures":{}},{"success":false,"node":{"type":"feature","feature":{"type":"api","api":"System.Environment::Exit"}},"children":[],"locations":[],"captures":{}},{"success":false,"node":{"type":"feature","feature":{"type":"api","api":"System.Windows.Forms.Application::Exit"}},"children":[],"locations":[],"captures":{}},{"success":false,"node":{"type":"feature","feature":{"type":"api","api":"exit"}},"children":[],"locations":[],"captures":{}},{"success":false,"node":{"type":"feature","feature":{"type":"api","api":"Exit"}},"children":[],"locations":[],"captures":{}},{"success":true,"node":{"type":"statement","statement":{"type":"and"}},"children":[{"success":true,"node":{"type":"statement","statement":{"type":"optional"}},"children":[{"success":false,"node":{"type":"feature","feature":{"type":"match","match":"open process"}},"children":[],"locations":[],"captures":{}}],"locations":[],"captures":{}},{"success":true,"node":{"type":"statement","statement":{"type":"or"}},"children":[{"success":false,"node":{"type":"feature","feature":{"type":"api","api":"TerminateProcess"}},"children":[],"locations":[],"captures":{}},{"success":false,"node":{"type":"feature","feature":{"type":"api","api":"NtTerminateProcess"}},"children":[],"locations":[],"captures":{}},{"success":true,"node":{"type":"feature","feature":{"type":"api","api":"ExitProcess"}},"children":[],"locations":[{"type":"absolute","value":4199553}],"captures":{}}],"locations":[],"captures":{}}],"locations":[],"captures":{}}],"locations":[],"captures":{}}]]},"get common file path":{"meta":{"name":"get common file path","namespace":"host-interaction/file-system","authors":["moritz.raabe@mandiant.com","michael.hunhoff@mandiant.com","anushka.virgaonkar@mandiant.com"],"scopes":{"static":"function","dynamic":"call"},"attack":[{"parts":["Discovery","File and Directory Discovery"],"tactic":"Discovery","technique":"File and Directory Discovery","subtechnique":"","id":"T1083"}],"mbc":[{"parts":["Discovery","File and Directory Discovery"],"objective":"Discovery","behavior":"File and Directory Discovery","method":"","id":"E1083"}],"references":[],"examples":["Practical Malware Analysis Lab 03-02.dll_:0x10003415","972B219F18379907A045431303F4DA7D:0x404887"],"description":"","lib":false,"is_subscope_rule":false,"maec":{}},"source":"rule:\n  meta:\n    name: get common file path\n    namespace: host-interaction/file-system\n    authors:\n      - moritz.raabe@mandiant.com\n      - michael.hunhoff@mandiant.com\n      - anushka.virgaonkar@mandiant.com\n    scopes:\n      static: function\n      dynamic: call\n    att&ck:\n      - Discovery::File and Directory Discovery [T1083]\n    mbc:\n      - Discovery::File and Directory Discovery [E1083]\n    examples:\n      - Practical Malware Analysis Lab 03-02.dll_:0x10003415\n      - 972B219F18379907A045431303F4DA7D:0x404887\n  features:\n    - or:\n      - api: kernel32.GetTempPath\n      - api: kernel32.GetTempFileName\n      - api: kernel32.GetSystemDirectory\n      - api: kernel32.GetWindowsDirectory\n      - api: kernel32.GetSystemWow64Directory\n      - api: GetAllUsersProfileDirectory\n      - api: GetAppContainerFolderPath\n      - api: GetCurrentDirectory\n      - api: GetDefaultUserProfileDirectory\n      - api: GetProfilesDirectory\n      - api: GetUserProfileDirectory\n      - api: SHGetFolderPathAndSubDir\n      - api: shell32.SHGetFolderPath\n      - api: shell32.SHGetFolderLocation\n      - api: shell32.SHGetKnownFolderPath\n      - api: shell32.SHGetSpecialFolderPath\n      - api: shell32.SHGetSpecialFolderLocation\n      - api: System.IO.Directory::GetCurrentDirectory\n      - api: System.Environment::GetFolderPath\n      - property/read: System.Environment::SystemDirectory\n      - property/read: System.Environment::CurrentDirectory\n","matches":[[{"type":"absolute","value":4199104},{"success":true,"node":{"type":"statement","statement":{"type":"or"}},"children":[{"success":false,"node":{"type":"feature","feature":{"type":"api","api":"GetTempPath"}},"children":[],"locations":[],"captures":{}},{"success":false,"node":{"type":"feature","feature":{"type":"api","api":"GetTempFileName"}},"children":[],"locations":[],"captures":{}},{"success":true,"node":{"type":"feature","feature":{"type":"api","api":"GetSystemDirectory"}},"children":[],"locations":[{"type":"absolute","value":4199323}],"captures":{}},{"success":false,"node":{"type":"feature","feature":{"type":"api","api":"GetWindowsDirectory"}},"children":[],"locations":[],"captures":{}},{"success":false,"node":{"type":"feature","feature":{"type":"api","api":"GetSystemWow64Directory"}},"children":[],"locations":[],"captures":{}},{"success":false,"node":{"type":"feature","feature":{"type":"api","api":"GetAllUsersProfileDirectory"}},"children":[],"locations":[],"captures":{}},{"success":false,"node":{"type":"feature","feature":{"type":"api","api":"GetAppContainerFolderPath"}},"children":[],"locations":[],"captures":{}},{"success":false,"node":{"type":"feature","feature":{"type":"api","api":"GetCurrentDirectory"}},"children":[],"locations":[],"captures":{}},{"success":false,"node":{"type":"feature","feature":{"type":"api","api":"GetDefaultUserProfileDirectory"}},"children":[],"locations":[],"captures":{}},{"success":false,"node":{"type":"feature","feature":{"type":"api","api":"GetProfilesDirectory"}},"children":[],"locations":[],"captures":{}},{"success":false,"node":{"type":"feature","feature":{"type":"api","api":"GetUserProfileDirectory"}},"children":[],"locations":[],"captures":{}},{"success":false,"node":{"type":"feature","feature":{"type":"api","api":"SHGetFolderPathAndSubDir"}},"children":[],"locations":[],"captures":{}},{"success":false,"node":{"type":"feature","feature":{"type":"api","api":"SHGetFolderPath"}},"children":[],"locations":[],"captures":{}},{"success":false,"node":{"type":"feature","feature":{"type":"api","api":"SHGetFolderLocation"}},"children":[],"locations":[],"captures":{}},{"success":false,"node":{"type":"feature","feature":{"type":"api","api":"SHGetKnownFolderPath"}},"children":[],"locations":[],"captures":{}},{"success":false,"node":{"type":"feature","feature":{"type":"api","api":"SHGetSpecialFolderPath"}},"children":[],"locations":[],"captures":{}},{"success":false,"node":{"type":"feature","feature":{"type":"api","api":"SHGetSpecialFolderLocation"}},"children":[],"locations":[],"captures":{}},{"success":false,"node":{"type":"feature","feature":{"type":"api","api":"System.IO.Directory::GetCurrentDirectory"}},"children":[],"locations":[],"captures":{}},{"success":false,"node":{"type":"feature","feature":{"type":"api","api":"System.Environment::GetFolderPath"}},"children":[],"locations":[],"captures":{}},{"success":false,"node":{"type":"feature","feature":{"type":"property","access":"read","property":"System.Environment::SystemDirectory"}},"children":[],"locations":[],"captures":{}},{"success":false,"node":{"type":"feature","feature":{"type":"property","access":"read","property":"System.Environment::CurrentDirectory"}},"children":[],"locations":[],"captures":{}}],"locations":[],"captures":{}}]]},"compress data via ZLIB inflate or deflate":{"meta":{"name":"compress data via ZLIB inflate or deflate","namespace":"data-manipulation/compression","authors":["blas.kojusner@mandiant.com"],"scopes":{"static":"function"},"attack":[],"mbc":[{"parts":["Data","Compress Data"],"objective":"Data","behavior":"Compress Data","method":"","id":"C0024"}],"references":["https://github.com/madler/zlib/blob/cacf7f1d4e3d44d871b605da3b647f07d718623f/inflate.c#L622","https://github.com/madler/zlib/blob/cacf7f1d4e3d44d871b605da3b647f07d718623f/deflate.c#L763"],"examples":["6EE9BB8B897C2D69F797646D5F94DE0F:0x65C0","6EE9BB8B897C2D69F797646D5F94DE0F:0x7930"],"description":"","lib":false,"is_subscope_rule":false,"maec":{}},"source":"# generated using capa explorer for IDA Pro\nrule:\n  meta:\n    name: compress data via ZLIB inflate or deflate\n    namespace: data-manipulation/compression\n    authors:\n      - blas.kojusner@mandiant.com\n    scopes:\n      static: function\n      dynamic: unsupported  # requires operand[1].number, characteristic, bytes, mnemonic features\n    mbc:\n      - Data::Compress Data [C0024]\n    references:\n      - https://github.com/madler/zlib/blob/cacf7f1d4e3d44d871b605da3b647f07d718623f/inflate.c#L622\n      - https://github.com/madler/zlib/blob/cacf7f1d4e3d44d871b605da3b647f07d718623f/deflate.c#L763\n    examples:\n      - 6EE9BB8B897C2D69F797646D5F94DE0F:0x65C0\n      - 6EE9BB8B897C2D69F797646D5F94DE0F:0x7930\n  features:\n    - or:\n      - and:\n        - description: Captures artifacts in ZLIB inflate\n        - bytes: 10 05 01 00 17 05 01 01 13 05 11 00 1B 05 01 10 = Distance of fixed Huffman table\n        - bytes: 60 07 00 00 00 08 50 00 00 08 10 00 14 08 73 00 = Length of fixed Huffman table\n      - and:\n        - description: Captures artifacts in ZLIB deflate\n        - operand[1].number: 0x2A = INIT_STATE\n        - basic block:\n          - and:\n            - description: Write ZLIB Header\n            - instruction:\n              - mnemonic: shl\n              - operand[1].number: 0xC = Shift s->w_bits\n            - instruction:\n              - mnemonic: sub\n              - operand[1].number: 0x7800 = Offset to header\n        - operand[1].number: 0x08 = Z_DEFLATED\n        - operand[1].number: 0x06 = level_flags\n        - operand[1].number: 0x20 = PRESET_DICT\n        - operand[1].number: 0x49 = NAME_STATE\n        - characteristic: loop\n","matches":[[{"type":"absolute","value":4200216},{"success":true,"node":{"type":"statement","statement":{"type":"or"}},"children":[{"success":true,"node":{"type":"statement","statement":{"type":"and","description":"Captures artifacts in ZLIB inflate"}},"children":[{"success":true,"node":{"type":"feature","feature":{"type":"bytes","bytes":"1005010017050101130511001b050110","description":"Distance of fixed Huffman table"}},"children":[],"locations":[{"type":"absolute","value":4200236}],"captures":{}},{"success":true,"node":{"type":"feature","feature":{"type":"bytes","bytes":"60070000000850000008100014087300","description":"Length of fixed Huffman table"}},"children":[],"locations":[{"type":"absolute","value":4200222}],"captures":{}}],"locations":[],"captures":{}},{"success":false,"node":{"type":"statement","statement":{"type":"and","description":"Captures artifacts in ZLIB deflate"}},"children":[{"success":false,"node":{"type":"feature","feature":{"type":"operand number","index":1,"operand_number":42,"description":"INIT_STATE"}},"children":[],"locations":[],"captures":{}},{"success":false,"node":{"type":"feature","feature":{"type":"match","match":"compress data via ZLIB inflate or deflate/0b8bff5de242489b97ded4693b238051"}},"children":[],"locations":[],"captures":{}},{"success":false,"node":{"type":"feature","feature":{"type":"operand number","index":1,"operand_number":8,"description":"Z_DEFLATED"}},"children":[],"locations":[],"captures":{}},{"success":false,"node":{"type":"feature","feature":{"type":"operand number","index":1,"operand_number":6,"description":"level_flags"}},"children":[],"locations":[],"captures":{}},{"success":false,"node":{"type":"feature","feature":{"type":"operand number","index":1,"operand_number":32,"description":"PRESET_DICT"}},"children":[],"locations":[],"captures":{}},{"success":false,"node":{"type":"feature","feature":{"type":"operand number","index":1,"operand_number":73,"description":"NAME_STATE"}},"children":[],"locations":[],"captures":{}},{"success":false,"node":{"type":"feature","feature":{"type":"characteristic","characteristic":"loop"}},"children":[],"locations":[],"captures":{}}],"locations":[],"captures":{}}],"locations":[],"captures":{}}]]},"hash data with CRC32":{"meta":{"name":"hash data with CRC32","namespace":"data-manipulation/checksum/crc32","authors":["moritz.raabe@mandiant.com"],"scopes":{"static":"function"},"attack":[],"mbc":[{"parts":["Data","Checksum","CRC32"],"objective":"Data","behavior":"Checksum","method":"CRC32","id":"C0032.001"}],"references":[],"examples":["2D3EDC218A90F03089CC01715A9F047F:0x403CBD","7D28CB106CB54876B2A5C111724A07CD:0x402350","7EFF498DE13CC734262F87E6B3EF38AB:0x100084A6"],"description":"","lib":false,"is_subscope_rule":false,"maec":{}},"source":"rule:\n  meta:\n    name: hash data with CRC32\n    namespace: data-manipulation/checksum/crc32\n    authors:\n      - moritz.raabe@mandiant.com\n    scopes:\n      static: function\n      dynamic: unsupported  # requires operand[1].number, characteristic, bytes, mnemonic features\n    mbc:\n      - Data::Checksum::CRC32 [C0032.001]\n    examples:\n      - 2D3EDC218A90F03089CC01715A9F047F:0x403CBD\n      - 7D28CB106CB54876B2A5C111724A07CD:0x402350  # RtlComputeCrc32\n      - 7EFF498DE13CC734262F87E6B3EF38AB:0x100084A6\n  features:\n    - or:\n      - and:\n        - number: 1 = bits in a byte\n        - instruction:\n          - description: is bit set?\n          - or:\n            - mnemonic: and\n            - mnemonic: test\n          - operand[1].number: 1\n        - instruction:\n          - mnemonic: shr\n          - number: 1\n        - characteristic: nzxor\n        - operand[1].number: 0xEDB88320\n      - and:\n        - number: 0x8320\n        - number: 0xEDB8\n        - characteristic: nzxor\n      - api: RtlComputeCrc32\n      - bytes: 00 00 00 00 96 30 07 77 2C 61 0E EE BA 51 09 99 19 C4 6D 07 8F F4 6A 70 35 A5 63 E9 A3 95 64 9E = crc32_tab\n","matches":[[{"type":"absolute","value":4206819},{"success":true,"node":{"type":"statement","statement":{"type":"or"}},"children":[{"success":false,"node":{"type":"feature","feature":{"type":"api","api":"RtlComputeCrc32"}},"children":[],"locations":[],"captures":{}},{"success":true,"node":{"type":"feature","feature":{"type":"bytes","bytes":"00000000963007772c610eeeba51099919c46d078ff46a7035a563e9a395649e","description":"crc32_tab"}},"children":[],"locations":[{"type":"absolute","value":4206945},{"type":"absolute","value":4207237},{"type":"absolute","value":4207176},{"type":"absolute","value":4207118},{"type":"absolute","value":4206863},{"type":"absolute","value":4207295},{"type":"absolute","value":4207060},{"type":"absolute","value":4207487},{"type":"absolute","value":4207448},{"type":"absolute","value":4207002},{"type":"absolute","value":4207359}],"captures":{}},{"success":false,"node":{"type":"statement","statement":{"type":"and"}},"children":[{"success":false,"node":{"type":"feature","feature":{"type":"number","number":33568}},"children":[],"locations":[],"captures":{}},{"success":false,"node":{"type":"feature","feature":{"type":"number","number":60856}},"children":[],"locations":[],"captures":{}},{"success":true,"node":{"type":"feature","feature":{"type":"characteristic","characteristic":"nzxor"}},"children":[],"locations":[{"type":"absolute","value":4207106},{"type":"absolute","value":4207237},{"type":"absolute","value":4206856},{"type":"absolute","value":4207369},{"type":"absolute","value":4206990},{"type":"absolute","value":4206863},{"type":"absolute","value":4207118},{"type":"absolute","value":4207252},{"type":"absolute","value":4207487},{"type":"absolute","value":4207002},{"type":"absolute","value":4207259},{"type":"absolute","value":4207133},{"type":"absolute","value":4207140},{"type":"absolute","value":4207400},{"type":"absolute","value":4207017},{"type":"absolute","value":4207024},{"type":"absolute","value":4207283},{"type":"absolute","value":4206901},{"type":"absolute","value":4207164},{"type":"absolute","value":4207295},{"type":"absolute","value":4207048},{"type":"absolute","value":4207176},{"type":"absolute","value":4207436},{"type":"absolute","value":4207310},{"type":"absolute","value":4207060},{"type":"absolute","value":4206933},{"type":"absolute","value":4207317},{"type":"absolute","value":4207191},{"type":"absolute","value":4207448},{"type":"absolute","value":4207198},{"type":"absolute","value":4206945},{"type":"absolute","value":4207458},{"type":"absolute","value":4207075},{"type":"absolute","value":4207082},{"type":"absolute","value":4206960},{"type":"absolute","value":4207347},{"type":"absolute","value":4207477},{"type":"absolute","value":4206967},{"type":"absolute","value":4207225},{"type":"absolute","value":4207359}],"captures":{}}],"locations":[],"captures":{}},{"success":false,"node":{"type":"statement","statement":{"type":"and"}},"children":[{"success":false,"node":{"type":"feature","feature":{"type":"number","number":1,"description":"bits in a byte"}},"children":[],"locations":[],"captures":{}},{"success":false,"node":{"type":"feature","feature":{"type":"match","match":"hash data with CRC32/0ea7593c486f4685832f314576a71e20"}},"children":[],"locations":[],"captures":{}},{"success":false,"node":{"type":"feature","feature":{"type":"match","match":"hash data with CRC32/fc547c56da93402588a2dd3cd80f6156"}},"children":[],"locations":[],"captures":{}},{"success":true,"node":{"type":"feature","feature":{"type":"characteristic","characteristic":"nzxor"}},"children":[],"locations":[{"type":"absolute","value":4207106},{"type":"absolute","value":4207237},{"type":"absolute","value":4206856},{"type":"absolute","value":4207369},{"type":"absolute","value":4206990},{"type":"absolute","value":4206863},{"type":"absolute","value":4207118},{"type":"absolute","value":4207252},{"type":"absolute","value":4207487},{"type":"absolute","value":4207002},{"type":"absolute","value":4207259},{"type":"absolute","value":4207133},{"type":"absolute","value":4207140},{"type":"absolute","value":4207400},{"type":"absolute","value":4207017},{"type":"absolute","value":4207024},{"type":"absolute","value":4207283},{"type":"absolute","value":4206901},{"type":"absolute","value":4207164},{"type":"absolute","value":4207295},{"type":"absolute","value":4207048},{"type":"absolute","value":4207176},{"type":"absolute","value":4207436},{"type":"absolute","value":4207310},{"type":"absolute","value":4207060},{"type":"absolute","value":4206933},{"type":"absolute","value":4207317},{"type":"absolute","value":4207191},{"type":"absolute","value":4207448},{"type":"absolute","value":4207198},{"type":"absolute","value":4206945},{"type":"absolute","value":4207458},{"type":"absolute","value":4207075},{"type":"absolute","value":4207082},{"type":"absolute","value":4206960},{"type":"absolute","value":4207347},{"type":"absolute","value":4207477},{"type":"absolute","value":4206967},{"type":"absolute","value":4207225},{"type":"absolute","value":4207359}],"captures":{}},{"success":false,"node":{"type":"feature","feature":{"type":"operand number","index":1,"operand_number":3988292384}},"children":[],"locations":[],"captures":{}}],"locations":[],"captures":{}}],"locations":[],"captures":{}}]]},"linked against ZLIB":{"meta":{"name":"linked against ZLIB","namespace":"linking/static/zlib","authors":["william.ballenthin@mandiant.com"],"scopes":{"static":"file","dynamic":"file"},"attack":[],"mbc":[{"parts":["Data","Compression Library"],"objective":"Data","behavior":"Compression Library","method":"","id":"C0060"}],"references":[],"examples":["6cc148363200798a12091b97a17181a1"],"description":"","lib":false,"is_subscope_rule":false,"maec":{}},"source":"rule:\n  meta:\n    name: linked against ZLIB\n    namespace: linking/static/zlib\n    authors:\n      - william.ballenthin@mandiant.com\n    scopes:\n      static: file\n      dynamic: file\n    mbc:\n      - Data::Compression Library [C0060]\n    examples:\n      - 6cc148363200798a12091b97a17181a1\n  features:\n    - or:\n      - string: /deflate .* Copyright/\n      - string: /inflate .* Copyright/\n","matches":[[{"type":"no address"},{"success":true,"node":{"type":"statement","statement":{"type":"or"}},"children":[{"success":false,"node":{"type":"feature","feature":{"type":"regex","regex":"/deflate .* Copyright/"}},"children":[],"locations":[],"captures":{}},{"success":true,"node":{"type":"feature","feature":{"type":"regex","regex":"/inflate .* Copyright/"}},"children":[],"locations":[{"type":"file","value":24512}],"captures":{" inflate 1.2.8 Copyright 1995-2013 Mark Adler ":[{"type":"file","value":24512}]}}],"locations":[],"captures":{}}]]}}}
