{"meta":{"timestamp":"2024-11-22T16:09:20.213190","version":"7.4.0","argv":["--os","windows","-j","./samples/dropper-memory-only/a42dd6bea439b79db90067b84464e755488b784c3ee2e64ef169b9dcdd92b069"],"sample":{"md5":"9159d3c58c5d970ed25c2db9c9487d7a","sha1":"6382ae2061c865ddcb9337f155ae2d036e232dfe","sha256":"a42dd6bea439b79db90067b84464e755488b784c3ee2e64ef169b9dcdd92b069","path":"/samples/dropper-memory-only/a42dd6bea439b79db90067b84464e755488b784c3ee2e64ef169b9dcdd92b069"},"flavor":"static","analysis":{"format":"pe","arch":"amd64","os":"windows","extractor":"VivisectFeatureExtractor","rules":["/tmp/_MEI0a0QzT/rules"],"base_address":{"type":"absolute","value":6442450944},"layout":{"functions":[{"address":{"type":"absolute","value":6442455040},"matched_basic_blocks":[{"address":{"type":"absolute","value":6442455040}},{"address":{"type":"absolute","value":6442469288}}]},{"address":{"type":"absolute","value":6442455072},"matched_basic_blocks":[{"address":{"type":"absolute","value":6442455072}},{"address":{"type":"absolute","value":6442469288}}]},{"address":{"type":"absolute","value":6442455104},"matched_basic_blocks":[{"address":{"type":"absolute","value":6442455104}},{"address":{"type":"absolute","value":6442455605}},{"address":{"type":"absolute","value":6442455656}}]},{"address":{"type":"absolute","value":6442455728},"matched_basic_blocks":[{"address":{"type":"absolute","value":6442455728}}]},{"address":{"type":"absolute","value":6442457040},"matched_basic_blocks":[{"address":{"type":"absolute","value":6442457040}},{"address":{"type":"absolute","value":6442457106}}]},{"address":{"type":"absolute","value":6442457112},"matched_basic_blocks":[{"address":{"type":"absolute","value":6442457112}},{"address":{"type":"absolute","value":6442457235}}]},{"address":{"type":"absolute","value":6442457616},"matched_basic_blocks":[{"address":{"type":"absolute","value":6442457616}},{"address":{"type":"absolute","value":6442457856}}]},{"address":{"type":"absolute","value":6442457884},"matched_basic_blocks":[{"address":{"type":"absolute","value":6442457884}},{"address":{"type":"absolute","value":6442458440}},{"address":{"type":"absolute","value":6442458734}},{"address":{"type":"absolute","value":6442458891}}]},{"address":{"type":"absolute","value":6442459120},"matched_basic_blocks":[{"address":{"type":"absolute","value":6442459120}},{"address":{"type":"absolute","value":6442459149}}]},{"address":{"type":"absolute","value":6442459228},"matched_basic_blocks":[{"address":{"type":"absolute","value":6442459228}},{"address":{"type":"absolute","value":6442459257}}]},{"address":{"type":"absolute","value":6442459384},"matched_basic_blocks":[{"address":{"type":"absolute","value":6442459384}},{"address":{"type":"absolute","value":6442459413}}]},{"address":{"type":"absolute","value":6442459652},"matched_basic_blocks":[{"address":{"type":"absolute","value":6442459652}},{"address":{"type":"absolute","value":6442459681}}]},{"address":{"type":"absolute","value":6442459780},"matched_basic_blocks":[{"address":{"type":"absolute","value":6442459780}},{"address":{"type":"absolute","value":6442466583}},{"address":{"type":"absolute","value":6442466679}}]},{"address":{"type":"absolute","value":6442466776},"matched_basic_blocks":[{"address":{"type":"absolute","value":6442466776}},{"address":{"type":"absolute","value":6442466855}},{"address":{"type":"absolute","value":6442466883}},{"address":{"type":"absolute","value":6442466912}}]},{"address":{"type":"absolute","value":6442466928},"matched_basic_blocks":[{"address":{"type":"absolute","value":6442466928}}]},{"address":{"type":"absolute","value":6442466984},"matched_basic_blocks":[{"address":{"type":"absolute","value":6442466984}}]},{"address":{"type":"absolute","value":6442467052},"matched_basic_blocks":[{"address":{"type":"absolute","value":6442467076}}]},{"address":{"type":"absolute","value":6442467160},"matched_basic_blocks":[{"address":{"type":"absolute","value":6442467160}},{"address":{"type":"absolute","value":6442467661}},{"address":{"type":"absolute","value":6442467712}}]},{"address":{"type":"absolute","value":6442468552},"matched_basic_blocks":[{"address":{"type":"absolute","value":6442468587}}]},{"address":{"type":"absolute","value":6442469288},"matched_basic_blocks":[{"address":{"type":"absolute","value":6442469288}}]},{"address":{"type":"absolute","value":6442469804},"matched_basic_blocks":[{"address":{"type":"absolute","value":6442470095}}]},{"address":{"type":"absolute","value":6442470112},"matched_basic_blocks":[{"address":{"type":"absolute","value":6442470095}},{"address":{"type":"absolute","value":6442470112}},{"address":{"type":"absolute","value":6442470145}}]},{"address":{"type":"absolute","value":6442470516},"matched_basic_blocks":[{"address":{"type":"absolute","value":6442470650}},{"address":{"type":"absolute","value":6442470926}}]},{"address":{"type":"absolute","value":6442471216},"matched_basic_blocks":[{"address":{"type":"absolute","value":6442471256}},{"address":{"type":"absolute","value":6442471265}}]},{"address":{"type":"absolute","value":6442471276},"matched_basic_blocks":[{"address":{"type":"absolute","value":6442471316}},{"address":{"type":"absolute","value":6442471325}}]}]},"feature_counts":{"file":481,"functions":[{"address":{"type":"absolute","value":6442455040},"count":21},{"address":{"type":"absolute","value":6442455072},"count":21},{"address":{"type":"absolute","value":6442455104},"count":194},{"address":{"type":"absolute","value":6442455728},"count":145},{"address":{"type":"absolute","value":6442457036},"count":7},{"address":{"type":"absolute","value":6442457040},"count":29},{"address":{"type":"absolute","value":6442457112},"count":42},{"address":{"type":"absolute","value":6442457248},"count":28},{"address":{"type":"absolute","value":6442457308},"count":46},{"address":{"type":"absolute","value":6442457528},"count":35},{"address":{"type":"absolute","value":6442457616},"count":71},{"address":{"type":"absolute","value":6442457884},"count":116},{"address":{"type":"absolute","value":6442459012},"count":28},{"address":{"type":"absolute","value":6442459068},"count":25},{"address":{"type":"absolute","value":6442459120},"count":29},{"address":{"type":"absolute","value":6442459160},"count":29},{"address":{"type":"absolute","value":6442459228},"count":29},{"address":{"type":"absolute","value":6442459268},"count":27},{"address":{"type":"absolute","value":6442459320},"count":29},{"address":{"type":"absolute","value":6442459384},"count":29},{"address":{"type":"absolute","value":6442459424},"count":32},{"address":{"type":"absolute","value":6442459492},"count":29},{"address":{"type":"absolute","value":6442459564},"count":33},{"address":{"type":"absolute","value":6442459652},"count":29},{"address":{"type":"absolute","value":6442459692},"count":27},{"address":{"type":"absolute","value":6442459780},"count":446},{"address":{"type":"absolute","value":6442466776},"count":52},{"address":{"type":"absolute","value":6442466928},"count":22},{"address":{"type":"absolute","value":6442466984},"count":28},{"address":{"type":"absolute","value":6442467052},"count":36},{"address":{"type":"absolute","value":6442467160},"count":194},{"address":{"type":"absolute","value":6442467792},"count":7},{"address":{"type":"absolute","value":6442468552},"count":20},{"address":{"type":"absolute","value":6442470112},"count":64},{"address":{"type":"absolute","value":6442470176},"count":9},{"address":{"type":"absolute","value":6442470516},"count":111},{"address":{"type":"absolute","value":6442471136},"count":10},{"address":{"type":"absolute","value":6442471152},"count":10},{"address":{"type":"absolute","value":6442471164},"count":7},{"address":{"type":"absolute","value":6442471172},"count":7},{"address":{"type":"absolute","value":6442471208},"count":7},{"address":{"type":"absolute","value":6442471216},"count":34},{"address":{"type":"absolute","value":6442471276},"count":34},{"address":{"type":"absolute","value":6442471350},"count":8},{"address":{"type":"absolute","value":6442471368},"count":8},{"address":{"type":"absolute","value":6442471374},"count":8},{"address":{"type":"absolute","value":6442471380},"count":8},{"address":{"type":"absolute","value":6442471386},"count":8},{"address":{"type":"absolute","value":6442471398},"count":8},{"address":{"type":"absolute","value":6442471404},"count":8},{"address":{"type":"absolute","value":6442471410},"count":8},{"address":{"type":"absolute","value":6442471416},"count":8},{"address":{"type":"absolute","value":6442471424},"count":9},{"address":{"type":"absolute","value":6442471428},"count":7},{"address":{"type":"absolute","value":6442471488},"count":8},{"address":{"type":"absolute","value":6442471640},"count":7},{"address":{"type":"absolute","value":6442471644},"count":7}]},"library_functions":[{"address":{"type":"absolute","value":6442467800},"name":"?__scrt_initialize_thread_safe_statics@@YAHXZ"},{"address":{"type":"absolute","value":6442468008},"name":"?__scrt_uninitialize_thread_safe_statics@@YAXXZ"},{"address":{"type":"absolute","value":6442468048},"name":"_Init_thread_footer"},{"address":{"type":"absolute","value":6442468144},"name":"_Init_thread_header"},{"address":{"type":"absolute","value":6442468248},"name":"_Init_thread_notify"},{"address":{"type":"absolute","value":6442468316},"name":"_Init_thread_wait"},{"address":{"type":"absolute","value":6442468416},"name":"__scrt_acquire_startup_lock"},{"address":{"type":"absolute","value":6442468476},"name":"__scrt_dllmain_after_initialize_c"},{"address":{"type":"absolute","value":6442468528},"name":"__scrt_dllmain_before_initialize_c"},{"address":{"type":"absolute","value":6442468592},"name":"__scrt_dllmain_crt_thread_detach"},{"address":{"type":"absolute","value":6442468616},"name":"__scrt_dllmain_exception_filter"},{"address":{"type":"absolute","value":6442468712},"name":"__scrt_dllmain_uninitialize_c"},{"address":{"type":"absolute","value":6442468760},"name":"__scrt_dllmain_uninitialize_critical"},{"address":{"type":"absolute","value":6442468780},"name":"__scrt_initialize_crt"},{"address":{"type":"absolute","value":6442468856},"name":"__scrt_initialize_onexit_tables"},{"address":{"type":"absolute","value":6442468996},"name":"__scrt_is_nonwritable_in_current_image"},{"address":{"type":"absolute","value":6442469148},"name":"__scrt_release_startup_lock"},{"address":{"type":"absolute","value":6442469184},"name":"__scrt_uninitialize_crt"},{"address":{"type":"absolute","value":6442469228},"name":"_onexit"},{"address":{"type":"absolute","value":6442469288},"name":"atexit"},{"address":{"type":"absolute","value":6442469312},"name":"?dllmain_crt_dispatch@@YAHQEAUHINSTANCE__@@KQEAX@Z"},{"address":{"type":"absolute","value":6442469392},"name":"?dllmain_crt_process_attach@@YAHQEAUHINSTANCE__@@QEAX@Z"},{"address":{"type":"absolute","value":6442469672},"name":"?dllmain_crt_process_detach@@YAH_N@Z"},{"address":{"type":"absolute","value":6442469804},"name":"?dllmain_dispatch@@YAHQEAUHINSTANCE__@@KQEAX@Z"},{"address":{"type":"absolute","value":6442470184},"name":"__scrt_fastfail"},{"address":{"type":"absolute","value":6442470944},"name":"?"},{"address":{"type":"absolute","value":6442470952},"name":"_Curl_tls_keylog_enabled"},{"address":{"type":"absolute","value":6442470964},"name":"__security_init_cookie"},{"address":{"type":"absolute","value":6442471180},"name":"__scrt_initialize_default_local_stdio_options"},{"address":{"type":"absolute","value":6442471456},"name":"_guard_dispatch_icall_nop"},{"address":{"type":"absolute","value":6442471494},"name":"__scrt_is_nonwritable_in_current_image$filt$0"},{"address":{"type":"absolute","value":6442471518},"name":"?fin$0@?0??dllmain_crt_process_attach@@YAHQEAUHINSTANCE__@@QEAX@Z@4HA"},{"address":{"type":"absolute","value":6442471541},"name":"?fin$0@?0??dllmain_crt_process_detach@@YAH_N@Z@4HA"},{"address":{"type":"absolute","value":6442471566},"name":"?fin$1@?0??dllmain_crt_process_detach@@YAH_N@Z@4HA"},{"address":{"type":"absolute","value":6442471586},"name":"?filt$0@?0??dllmain_dispatch@@YAHQEAUHINSTANCE__@@KQEAX@Z@4HA"}]}},"rules":{"contain obfuscated stackstrings":{"meta":{"name":"contain obfuscated stackstrings","namespace":"anti-analysis/obfuscation/string/stackstring","authors":["moritz.raabe@mandiant.com"],"scopes":{"static":"basic block"},"attack":[{"parts":["Defense Evasion","Obfuscated Files or Information","Indicator Removal from Tools"],"tactic":"Defense Evasion","technique":"Obfuscated Files or Information","subtechnique":"Indicator Removal from Tools","id":"T1027.005"}],"mbc":[{"parts":["Anti-Static Analysis","Executable Code Obfuscation","Argument Obfuscation"],"objective":"Anti-Static Analysis","behavior":"Executable Code Obfuscation","method":"Argument Obfuscation","id":"B0032.020"},{"parts":["Anti-Static Analysis","Executable Code Obfuscation","Stack Strings"],"objective":"Anti-Static Analysis","behavior":"Executable Code Obfuscation","method":"Stack Strings","id":"B0032.017"}],"references":[],"examples":["Practical Malware Analysis Lab 16-03.exe_:0x4013D0"],"description":"","lib":false,"is_subscope_rule":false,"maec":{}},"source":"rule:\n  meta:\n    name: contain obfuscated stackstrings\n    namespace: anti-analysis/obfuscation/string/stackstring\n    authors:\n      - moritz.raabe@mandiant.com\n    scopes:\n      static: basic block\n      dynamic: unsupported\n    att&ck:\n      - Defense Evasion::Obfuscated Files or Information::Indicator Removal from Tools [T1027.005]\n    mbc:\n      - Anti-Static Analysis::Executable Code Obfuscation::Argument Obfuscation [B0032.020]\n      - Anti-Static Analysis::Executable Code Obfuscation::Stack Strings [B0032.017]\n    examples:\n      - Practical Malware Analysis Lab 16-03.exe_:0x4013D0\n  features:\n    - characteristic: stack string\n","matches":[[{"type":"absolute","value":6442455104},{"success":true,"node":{"type":"feature","feature":{"type":"characteristic","characteristic":"stack string"}},"children":[],"locations":[{"type":"absolute","value":6442455104}],"captures":{}}],[{"type":"absolute","value":6442467160},{"success":true,"node":{"type":"feature","feature":{"type":"characteristic","characteristic":"stack string"}},"children":[],"locations":[{"type":"absolute","value":6442467160}],"captures":{}}]]},"encode data using XOR":{"meta":{"name":"encode data using XOR","namespace":"data-manipulation/encoding/xor","authors":["moritz.raabe@mandiant.com"],"scopes":{"static":"basic block"},"attack":[{"parts":["Defense Evasion","Obfuscated Files or Information"],"tactic":"Defense Evasion","technique":"Obfuscated Files or Information","subtechnique":"","id":"T1027"}],"mbc":[{"parts":["Defense Evasion","Obfuscated Files or Information","Encoding-Standard Algorithm"],"objective":"Defense Evasion","behavior":"Obfuscated Files or Information","method":"Encoding-Standard Algorithm","id":"E1027.m02"},{"parts":["Data","Encode Data","XOR"],"objective":"Data","behavior":"Encode Data","method":"XOR","id":"C0026.002"}],"references":[],"examples":["2D3EDC218A90F03089CC01715A9F047F:0x403D7E"],"description":"","lib":false,"is_subscope_rule":false,"maec":{}},"source":"rule:\n  meta:\n    name: encode data using XOR\n    namespace: data-manipulation/encoding/xor\n    authors:\n      - moritz.raabe@mandiant.com\n    scopes:\n      static: basic block\n      dynamic: unsupported  # requires characteristic, Not features\n    att&ck:\n      - Defense Evasion::Obfuscated Files or Information [T1027]\n    mbc:\n      - Defense Evasion::Obfuscated Files or Information::Encoding-Standard Algorithm [E1027.m02]\n      - Data::Encode Data::XOR [C0026.002]\n    examples:\n      - 2D3EDC218A90F03089CC01715A9F047F:0x403D7E\n  features:\n    - and:\n      - characteristic: tight loop\n      - characteristic: nzxor\n      - not:\n        - description: filter for potential false positives\n        - or:\n          - or:\n            - description: unsigned bitwise negation operation (~i)\n            - number: 0xFFFFFFFF = bitwise negation for unsigned 32 bits\n            - number: 0xFFFFFFFFFFFFFFFF = bitwise negation for unsigned 64 bits\n          - or:\n            - description: signed bitwise negation operation (~i)\n            - number: 0x0FFFFFFF = bitwise negation for signed 32 bits\n            - number: 0x0FFFFFFFFFFFFFFF = bitwise negation for signed 64 bits\n          - or:\n            - description: Magic constants used in the implementation of strings functions.\n            # such as `strlen` and `strcat` in the Windows standard library:\n            # (((i - 0x81010101) ^ ~i) & 0x81010100)\n            ## 32 bits\n            - number: 0x7EFEFEFF = optimized string constant for 32 bits\n            - number: 0x81010101 = -0x81010101 = 0x7EFEFEFF\n            - number: 0x81010100 = 0x81010100 = ~0x7EFEFEFF\n            ## 64 bits\n            - number: 0x7EFEFEFEFEFEFEFF = optimized string constant for 64 bits\n            - number: 0x8101010101010101 = -0x8101010101010101 = 0x7EFEFEFEFEFEFEFF\n            - number: 0x8101010101010100 = 0x8101010101010100 = ~0x7EFEFEFEFEFEFEFF\n","matches":[[{"type":"absolute","value":6442455656},{"success":true,"node":{"type":"statement","statement":{"type":"and"}},"children":[{"success":true,"node":{"type":"feature","feature":{"type":"characteristic","characteristic":"tight loop"}},"children":[],"locations":[{"type":"absolute","value":6442455656}],"captures":{}},{"success":true,"node":{"type":"feature","feature":{"type":"characteristic","characteristic":"nzxor"}},"children":[],"locations":[{"type":"absolute","value":6442455694}],"captures":{}},{"success":true,"node":{"type":"statement","statement":{"type":"not","description":"filter for potential false positives"}},"children":[{"success":false,"node":{"type":"statement","statement":{"type":"or"}},"children":[{"success":false,"node":{"type":"statement","statement":{"type":"or","description":"unsigned bitwise negation operation (~i)"}},"children":[{"success":false,"node":{"type":"feature","feature":{"type":"number","number":4294967295,"description":"bitwise negation for unsigned 32 bits"}},"children":[],"locations":[],"captures":{}},{"success":false,"node":{"type":"feature","feature":{"type":"number","number":18446744073709551615,"description":"bitwise negation for unsigned 64 bits"}},"children":[],"locations":[],"captures":{}}],"locations":[],"captures":{}},{"success":false,"node":{"type":"statement","statement":{"type":"or","description":"signed bitwise negation operation (~i)"}},"children":[{"success":false,"node":{"type":"feature","feature":{"type":"number","number":268435455,"description":"bitwise negation for signed 32 bits"}},"children":[],"locations":[],"captures":{}},{"success":false,"node":{"type":"feature","feature":{"type":"number","number":1152921504606846975,"description":"bitwise negation for signed 64 bits"}},"children":[],"locations":[],"captures":{}}],"locations":[],"captures":{}},{"success":false,"node":{"type":"statement","statement":{"type":"or","description":"Magic constants used in the implementation of strings functions."}},"children":[{"success":false,"node":{"type":"feature","feature":{"type":"number","number":2130640639,"description":"optimized string constant for 32 bits"}},"children":[],"locations":[],"captures":{}},{"success":false,"node":{"type":"feature","feature":{"type":"number","number":2164326657,"description":"-0x81010101 = 0x7EFEFEFF"}},"children":[],"locations":[],"captures":{}},{"success":false,"node":{"type":"feature","feature":{"type":"number","number":2164326656,"description":"0x81010100 = ~0x7EFEFEFF"}},"children":[],"locations":[],"captures":{}},{"success":false,"node":{"type":"feature","feature":{"type":"number","number":9151031864016699135,"description":"optimized string constant for 64 bits"}},"children":[],"locations":[],"captures":{}},{"success":false,"node":{"type":"feature","feature":{"type":"number","number":9295712209692852481,"description":"-0x8101010101010101 = 0x7EFEFEFEFEFEFEFF"}},"children":[],"locations":[],"captures":{}},{"success":false,"node":{"type":"feature","feature":{"type":"number","number":9295712209692852480,"description":"0x8101010101010100 = ~0x7EFEFEFEFEFEFEFF"}},"children":[],"locations":[],"captures":{}}],"locations":[],"captures":{}}],"locations":[],"captures":{}}],"locations":[],"captures":{}}],"locations":[],"captures":{}}],[{"type":"absolute","value":6442467712},{"success":true,"node":{"type":"statement","statement":{"type":"and"}},"children":[{"success":true,"node":{"type":"feature","feature":{"type":"characteristic","characteristic":"tight loop"}},"children":[],"locations":[{"type":"absolute","value":6442467712}],"captures":{}},{"success":true,"node":{"type":"feature","feature":{"type":"characteristic","characteristic":"nzxor"}},"children":[],"locations":[{"type":"absolute","value":6442467750}],"captures":{}},{"success":true,"node":{"type":"statement","statement":{"type":"not","description":"filter for potential false positives"}},"children":[{"success":false,"node":{"type":"statement","statement":{"type":"or"}},"children":[{"success":false,"node":{"type":"statement","statement":{"type":"or","description":"unsigned bitwise negation operation (~i)"}},"children":[{"success":false,"node":{"type":"feature","feature":{"type":"number","number":4294967295,"description":"bitwise negation for unsigned 32 bits"}},"children":[],"locations":[],"captures":{}},{"success":false,"node":{"type":"feature","feature":{"type":"number","number":18446744073709551615,"description":"bitwise negation for unsigned 64 bits"}},"children":[],"locations":[],"captures":{}}],"locations":[],"captures":{}},{"success":false,"node":{"type":"statement","statement":{"type":"or","description":"signed bitwise negation operation (~i)"}},"children":[{"success":false,"node":{"type":"feature","feature":{"type":"number","number":268435455,"description":"bitwise negation for signed 32 bits"}},"children":[],"locations":[],"captures":{}},{"success":false,"node":{"type":"feature","feature":{"type":"number","number":1152921504606846975,"description":"bitwise negation for signed 64 bits"}},"children":[],"locations":[],"captures":{}}],"locations":[],"captures":{}},{"success":false,"node":{"type":"statement","statement":{"type":"or","description":"Magic constants used in the implementation of strings functions."}},"children":[{"success":false,"node":{"type":"feature","feature":{"type":"number","number":2130640639,"description":"optimized string constant for 32 bits"}},"children":[],"locations":[],"captures":{}},{"success":false,"node":{"type":"feature","feature":{"type":"number","number":2164326657,"description":"-0x81010101 = 0x7EFEFEFF"}},"children":[],"locations":[],"captures":{}},{"success":false,"node":{"type":"feature","feature":{"type":"number","number":2164326656,"description":"0x81010100 = ~0x7EFEFEFF"}},"children":[],"locations":[],"captures":{}},{"success":false,"node":{"type":"feature","feature":{"type":"number","number":9151031864016699135,"description":"optimized string constant for 64 bits"}},"children":[],"locations":[],"captures":{}},{"success":false,"node":{"type":"feature","feature":{"type":"number","number":9295712209692852481,"description":"-0x8101010101010101 = 0x7EFEFEFEFEFEFEFF"}},"children":[],"locations":[],"captures":{}},{"success":false,"node":{"type":"feature","feature":{"type":"number","number":9295712209692852480,"description":"0x8101010101010100 = ~0x7EFEFEFEFEFEFEFF"}},"children":[],"locations":[],"captures":{}}],"locations":[],"captures":{}}],"locations":[],"captures":{}}],"locations":[],"captures":{}}],"locations":[],"captures":{}}]]},"PEB access":{"meta":{"name":"PEB access","authors":["michael.hunhoff@mandiant.com"],"scopes":{"static":"basic block"},"attack":[],"mbc":[{"parts":["Anti-Behavioral Analysis","Debugger Detection","Process Environment Block"],"objective":"Anti-Behavioral Analysis","behavior":"Debugger Detection","method":"Process Environment Block","id":"B0001.019"}],"references":["https://github.com/LordNoteworthy/al-khaser/blob/master/al-khaser/AntiDebug/NtGlobalFlag.cpp"],"examples":["al-khaser_x86.exe_:0x420D20"],"description":"","lib":true,"is_subscope_rule":false,"maec":{}},"source":"rule:\n  meta:\n    name: PEB access\n    authors:\n      - michael.hunhoff@mandiant.com\n    lib: true\n    scopes:\n      static: basic block\n      dynamic: unsupported  # requires characteristic, offset, mnemonic features\n    mbc:\n      - Anti-Behavioral Analysis::Debugger Detection::Process Environment Block [B0001.019]\n    references:\n      - https://github.com/LordNoteworthy/al-khaser/blob/master/al-khaser/AntiDebug/NtGlobalFlag.cpp\n    examples:\n      - al-khaser_x86.exe_:0x420D20\n  features:\n    - or:\n      - characteristic: peb access\n      - and:\n        # https://github.com/LordNoteworthy/al-khaser/blob/master/al-khaser/AntiDebug/NtGlobalFlag.cpp#L41\n        - arch: i386\n        - characteristic: fs access\n        - or:\n          # in 0f5d5d07c6533bc6d991836ce79daaa1\n          # then we have:\n          #\n          #     xor edx, edx\n          #     mov edx, fs:[edx+30h]\n          - offset: 0x30\n          - instruction:\n            # in the case of CallObfuscator, gs:[rax]\n            - mnemonic: add\n            - number: 0x30\n      - and:\n        - arch: amd64\n        - characteristic: gs access\n        - or:\n          - offset: 0x60\n          - instruction:\n            - mnemonic: add\n            - number: 0x60\n      - and:\n        # WoW64 PEB address is fetched via the WoW64 Thread Environment Block (TEB) at FS:[0x18]-0x2000\n        # https://github.com/LordNoteworthy/al-khaser/blob/master/al-khaser/AntiDebug/NtGlobalFlag.cpp#L45\n        - characteristic: fs access\n        - instruction:\n          - mnemonic: sub\n          - number: 0x2000\n","matches":[[{"type":"absolute","value":6442455728},{"success":true,"node":{"type":"statement","statement":{"type":"or"}},"children":[{"success":false,"node":{"type":"feature","feature":{"type":"characteristic","characteristic":"peb access"}},"children":[],"locations":[],"captures":{}},{"success":false,"node":{"type":"statement","statement":{"type":"and"}},"children":[{"success":false,"node":{"type":"feature","feature":{"type":"characteristic","characteristic":"fs access"}},"children":[],"locations":[],"captures":{}},{"success":false,"node":{"type":"feature","feature":{"type":"match","match":"PEB access/9b091c585c204cabb3288f628d0aef3d"}},"children":[],"locations":[],"captures":{}}],"locations":[],"captures":{}},{"success":false,"node":{"type":"statement","statement":{"type":"and"}},"children":[{"success":false,"node":{"type":"feature","feature":{"type":"arch","arch":"i386"}},"children":[],"locations":[],"captures":{}},{"success":false,"node":{"type":"feature","feature":{"type":"characteristic","characteristic":"fs access"}},"children":[],"locations":[],"captures":{}},{"success":false,"node":{"type":"statement","statement":{"type":"or"}},"children":[{"success":false,"node":{"type":"feature","feature":{"type":"offset","offset":48}},"children":[],"locations":[],"captures":{}},{"success":false,"node":{"type":"feature","feature":{"type":"match","match":"PEB access/55696f4507b74469ba0d871626bea552"}},"children":[],"locations":[],"captures":{}}],"locations":[],"captures":{}}],"locations":[],"captures":{}},{"success":true,"node":{"type":"statement","statement":{"type":"and"}},"children":[{"success":true,"node":{"type":"feature","feature":{"type":"arch","arch":"amd64"}},"children":[],"locations":[{"type":"no address"}],"captures":{}},{"success":true,"node":{"type":"feature","feature":{"type":"characteristic","characteristic":"gs access"}},"children":[],"locations":[{"type":"absolute","value":6442455774}],"captures":{}},{"success":true,"node":{"type":"statement","statement":{"type":"or"}},"children":[{"success":true,"node":{"type":"feature","feature":{"type":"offset","offset":96}},"children":[],"locations":[{"type":"absolute","value":6442455811}],"captures":{}},{"success":false,"node":{"type":"feature","feature":{"type":"match","match":"PEB access/37b2f808eb074bb69e0fdea2672a927c"}},"children":[],"locations":[],"captures":{}}],"locations":[],"captures":{}}],"locations":[],"captures":{}}],"locations":[],"captures":{}}],[{"type":"absolute","value":6442466583},{"success":true,"node":{"type":"statement","statement":{"type":"or"}},"children":[{"success":true,"node":{"type":"feature","feature":{"type":"characteristic","characteristic":"peb access"}},"children":[],"locations":[{"type":"absolute","value":6442466590}],"captures":{}},{"success":false,"node":{"type":"statement","statement":{"type":"and"}},"children":[{"success":false,"node":{"type":"feature","feature":{"type":"characteristic","characteristic":"fs access"}},"children":[],"locations":[],"captures":{}},{"success":false,"node":{"type":"feature","feature":{"type":"match","match":"PEB access/9b091c585c204cabb3288f628d0aef3d"}},"children":[],"locations":[],"captures":{}}],"locations":[],"captures":{}},{"success":false,"node":{"type":"statement","statement":{"type":"and"}},"children":[{"success":false,"node":{"type":"feature","feature":{"type":"arch","arch":"i386"}},"children":[],"locations":[],"captures":{}},{"success":false,"node":{"type":"feature","feature":{"type":"characteristic","characteristic":"fs access"}},"children":[],"locations":[],"captures":{}},{"success":false,"node":{"type":"statement","statement":{"type":"or"}},"children":[{"success":false,"node":{"type":"feature","feature":{"type":"offset","offset":48}},"children":[],"locations":[],"captures":{}},{"success":false,"node":{"type":"feature","feature":{"type":"match","match":"PEB access/55696f4507b74469ba0d871626bea552"}},"children":[],"locations":[],"captures":{}}],"locations":[],"captures":{}}],"locations":[],"captures":{}},{"success":false,"node":{"type":"statement","statement":{"type":"and"}},"children":[{"success":true,"node":{"type":"feature","feature":{"type":"arch","arch":"amd64"}},"children":[],"locations":[{"type":"no address"}],"captures":{}},{"success":true,"node":{"type":"feature","feature":{"type":"characteristic","characteristic":"gs access"}},"children":[],"locations":[{"type":"absolute","value":6442466590}],"captures":{}},{"success":false,"node":{"type":"statement","statement":{"type":"or"}},"children":[{"success":false,"node":{"type":"feature","feature":{"type":"offset","offset":96}},"children":[],"locations":[],"captures":{}},{"success":false,"node":{"type":"feature","feature":{"type":"match","match":"PEB access/37b2f808eb074bb69e0fdea2672a927c"}},"children":[],"locations":[],"captures":{}}],"locations":[],"captures":{}}],"locations":[],"captures":{}}],"locations":[],"captures":{}}]]},"access PEB ldr_data":{"meta":{"name":"access PEB ldr_data","namespace":"linking/runtime-linking","authors":["moritz.raabe@mandiant.com"],"scopes":{"static":"basic block"},"attack":[{"parts":["Execution","Shared Modules"],"tactic":"Execution","technique":"Shared Modules","subtechnique":"","id":"T1129"}],"mbc":[],"references":["https://www.geoffchappell.com/studies/windows/win32/ntdll/structs/peb_ldr_data.htm","https://github.com/d35ha/CallObfuscator/blob/5834aff9ff4511f1408ae4ce80b79737af4ae77b/ShellCode/shell_x64.asm#L8"],"examples":["3FDFB2D522E7DEECAAAF2F87420F7E75:0x4117B7"],"description":"","lib":false,"is_subscope_rule":false,"maec":{}},"source":"rule:\n  meta:\n    name: access PEB ldr_data\n    namespace: linking/runtime-linking\n    authors:\n      - moritz.raabe@mandiant.com\n    scopes:\n      static: basic block\n      dynamic: unsupported  # requires offset features\n    att&ck:\n      - Execution::Shared Modules [T1129]\n    references:\n      - https://www.geoffchappell.com/studies/windows/win32/ntdll/structs/peb_ldr_data.htm\n      - https://github.com/d35ha/CallObfuscator/blob/5834aff9ff4511f1408ae4ce80b79737af4ae77b/ShellCode/shell_x64.asm#L8\n    examples:\n      - 3FDFB2D522E7DEECAAAF2F87420F7E75:0x4117B7\n  features:\n    - or:\n      - and:\n        - arch: i386\n        - description: x32\n\n        - match: PEB access\n\n        # x86 Windows uses fs:0 to access the TIB which contains SEH information at offset 0\n        # checking for fs:0 and a (possibly unrelated) number or offset often results in false positives\n\n        - offset: 0x0C = PEB.LDR_DATA\n\n        - or:\n          - description: resolve a module list\n          - offset: 0x0C = PEB.LDR_DATA.InLoadOrderModuleList\n          - offset: 0x14 = PEB.LDR_DATA.InMemoryOrderModuleList\n          - offset: 0x1C = PEB.LDR_DATA.InInitializationOrderModuleList\n\n      - and:\n        - arch: amd64\n        - description: x64\n\n        - match: PEB access\n\n        - offset: 0x18 = PEB.LDR_DATA\n\n        - or:\n          - description: resolve a module list\n          - offset: 0x10 = PEB.LDR_DATA.InLoadOrderModuleList\n          - offset: 0x20 = PEB.LDR_DATA.InMemoryOrderModuleList\n          - offset: 0x30 = PEB.LDR_DATA.InInitializationOrderModuleList\n","matches":[[{"type":"absolute","value":6442455728},{"success":true,"node":{"type":"statement","statement":{"type":"or"}},"children":[{"success":false,"node":{"type":"statement","statement":{"type":"and","description":"x32"}},"children":[{"success":false,"node":{"type":"feature","feature":{"type":"arch","arch":"i386"}},"children":[],"locations":[],"captures":{}},{"success":true,"node":{"type":"feature","feature":{"type":"match","match":"PEB access"}},"children":[{"success":true,"node":{"type":"statement","statement":{"type":"or"}},"children":[{"success":false,"node":{"type":"feature","feature":{"type":"characteristic","characteristic":"peb access"}},"children":[],"locations":[],"captures":{}},{"success":false,"node":{"type":"statement","statement":{"type":"and"}},"children":[{"success":false,"node":{"type":"feature","feature":{"type":"characteristic","characteristic":"fs access"}},"children":[],"locations":[],"captures":{}},{"success":false,"node":{"type":"feature","feature":{"type":"match","match":"PEB access/9b091c585c204cabb3288f628d0aef3d"}},"children":[],"locations":[],"captures":{}}],"locations":[],"captures":{}},{"success":false,"node":{"type":"statement","statement":{"type":"and"}},"children":[{"success":false,"node":{"type":"feature","feature":{"type":"arch","arch":"i386"}},"children":[],"locations":[],"captures":{}},{"success":false,"node":{"type":"feature","feature":{"type":"characteristic","characteristic":"fs access"}},"children":[],"locations":[],"captures":{}},{"success":false,"node":{"type":"statement","statement":{"type":"or"}},"children":[{"success":false,"node":{"type":"feature","feature":{"type":"offset","offset":48}},"children":[],"locations":[],"captures":{}},{"success":false,"node":{"type":"feature","feature":{"type":"match","match":"PEB access/55696f4507b74469ba0d871626bea552"}},"children":[],"locations":[],"captures":{}}],"locations":[],"captures":{}}],"locations":[],"captures":{}},{"success":true,"node":{"type":"statement","statement":{"type":"and"}},"children":[{"success":true,"node":{"type":"feature","feature":{"type":"arch","arch":"amd64"}},"children":[],"locations":[{"type":"no address"}],"captures":{}},{"success":true,"node":{"type":"feature","feature":{"type":"characteristic","characteristic":"gs access"}},"children":[],"locations":[{"type":"absolute","value":6442455774}],"captures":{}},{"success":true,"node":{"type":"statement","statement":{"type":"or"}},"children":[{"success":true,"node":{"type":"feature","feature":{"type":"offset","offset":96}},"children":[],"locations":[{"type":"absolute","value":6442455811}],"captures":{}},{"success":false,"node":{"type":"feature","feature":{"type":"match","match":"PEB access/37b2f808eb074bb69e0fdea2672a927c"}},"children":[],"locations":[],"captures":{}}],"locations":[],"captures":{}}],"locations":[],"captures":{}}],"locations":[],"captures":{}}],"locations":[{"type":"absolute","value":6442455728}],"captures":{}},{"success":false,"node":{"type":"feature","feature":{"type":"offset","offset":12,"description":"PEB.LDR_DATA"}},"children":[],"locations":[],"captures":{}},{"success":false,"node":{"type":"statement","statement":{"type":"or","description":"resolve a module list"}},"children":[{"success":false,"node":{"type":"feature","feature":{"type":"offset","offset":12,"description":"PEB.LDR_DATA.InLoadOrderModuleList"}},"children":[],"locations":[],"captures":{}},{"success":false,"node":{"type":"feature","feature":{"type":"offset","offset":20,"description":"PEB.LDR_DATA.InMemoryOrderModuleList"}},"children":[],"locations":[],"captures":{}},{"success":false,"node":{"type":"feature","feature":{"type":"offset","offset":28,"description":"PEB.LDR_DATA.InInitializationOrderModuleList"}},"children":[],"locations":[],"captures":{}}],"locations":[],"captures":{}}],"locations":[],"captures":{}},{"success":true,"node":{"type":"statement","statement":{"type":"and","description":"x64"}},"children":[{"success":true,"node":{"type":"feature","feature":{"type":"arch","arch":"amd64"}},"children":[],"locations":[{"type":"no address"}],"captures":{}},{"success":true,"node":{"type":"feature","feature":{"type":"match","match":"PEB access"}},"children":[{"success":true,"node":{"type":"statement","statement":{"type":"or"}},"children":[{"success":false,"node":{"type":"feature","feature":{"type":"characteristic","characteristic":"peb access"}},"children":[],"locations":[],"captures":{}},{"success":false,"node":{"type":"statement","statement":{"type":"and"}},"children":[{"success":false,"node":{"type":"feature","feature":{"type":"characteristic","characteristic":"fs access"}},"children":[],"locations":[],"captures":{}},{"success":false,"node":{"type":"feature","feature":{"type":"match","match":"PEB access/9b091c585c204cabb3288f628d0aef3d"}},"children":[],"locations":[],"captures":{}}],"locations":[],"captures":{}},{"success":false,"node":{"type":"statement","statement":{"type":"and"}},"children":[{"success":false,"node":{"type":"feature","feature":{"type":"arch","arch":"i386"}},"children":[],"locations":[],"captures":{}},{"success":false,"node":{"type":"feature","feature":{"type":"characteristic","characteristic":"fs access"}},"children":[],"locations":[],"captures":{}},{"success":false,"node":{"type":"statement","statement":{"type":"or"}},"children":[{"success":false,"node":{"type":"feature","feature":{"type":"offset","offset":48}},"children":[],"locations":[],"captures":{}},{"success":false,"node":{"type":"feature","feature":{"type":"match","match":"PEB access/55696f4507b74469ba0d871626bea552"}},"children":[],"locations":[],"captures":{}}],"locations":[],"captures":{}}],"locations":[],"captures":{}},{"success":true,"node":{"type":"statement","statement":{"type":"and"}},"children":[{"success":true,"node":{"type":"feature","feature":{"type":"arch","arch":"amd64"}},"children":[],"locations":[{"type":"no address"}],"captures":{}},{"success":true,"node":{"type":"feature","feature":{"type":"characteristic","characteristic":"gs access"}},"children":[],"locations":[{"type":"absolute","value":6442455774}],"captures":{}},{"success":true,"node":{"type":"statement","statement":{"type":"or"}},"children":[{"success":true,"node":{"type":"feature","feature":{"type":"offset","offset":96}},"children":[],"locations":[{"type":"absolute","value":6442455811}],"captures":{}},{"success":false,"node":{"type":"feature","feature":{"type":"match","match":"PEB access/37b2f808eb074bb69e0fdea2672a927c"}},"children":[],"locations":[],"captures":{}}],"locations":[],"captures":{}}],"locations":[],"captures":{}}],"locations":[],"captures":{}}],"locations":[{"type":"absolute","value":6442455728}],"captures":{}},{"success":true,"node":{"type":"feature","feature":{"type":"offset","offset":24,"description":"PEB.LDR_DATA"}},"children":[],"locations":[{"type":"absolute","value":6442455739}],"captures":{}},{"success":true,"node":{"type":"statement","statement":{"type":"or","description":"resolve a module list"}},"children":[{"success":true,"node":{"type":"feature","feature":{"type":"offset","offset":16,"description":"PEB.LDR_DATA.InLoadOrderModuleList"}},"children":[],"locations":[{"type":"absolute","value":6442455735}],"captures":{}},{"success":true,"node":{"type":"feature","feature":{"type":"offset","offset":32,"description":"PEB.LDR_DATA.InMemoryOrderModuleList"}},"children":[],"locations":[{"type":"absolute","value":6442455743}],"captures":{}},{"success":false,"node":{"type":"feature","feature":{"type":"offset","offset":48,"description":"PEB.LDR_DATA.InInitializationOrderModuleList"}},"children":[],"locations":[],"captures":{}}],"locations":[],"captures":{}}],"locations":[],"captures":{}}],"locations":[],"captures":{}}],[{"type":"absolute","value":6442466583},{"success":true,"node":{"type":"statement","statement":{"type":"or"}},"children":[{"success":false,"node":{"type":"statement","statement":{"type":"and","description":"x32"}},"children":[{"success":false,"node":{"type":"feature","feature":{"type":"arch","arch":"i386"}},"children":[],"locations":[],"captures":{}},{"success":true,"node":{"type":"feature","feature":{"type":"match","match":"PEB access"}},"children":[{"success":true,"node":{"type":"statement","statement":{"type":"or"}},"children":[{"success":true,"node":{"type":"feature","feature":{"type":"characteristic","characteristic":"peb access"}},"children":[],"locations":[{"type":"absolute","value":6442466590}],"captures":{}},{"success":false,"node":{"type":"statement","statement":{"type":"and"}},"children":[{"success":false,"node":{"type":"feature","feature":{"type":"characteristic","characteristic":"fs access"}},"children":[],"locations":[],"captures":{}},{"success":false,"node":{"type":"feature","feature":{"type":"match","match":"PEB access/9b091c585c204cabb3288f628d0aef3d"}},"children":[],"locations":[],"captures":{}}],"locations":[],"captures":{}},{"success":false,"node":{"type":"statement","statement":{"type":"and"}},"children":[{"success":false,"node":{"type":"feature","feature":{"type":"arch","arch":"i386"}},"children":[],"locations":[],"captures":{}},{"success":false,"node":{"type":"feature","feature":{"type":"characteristic","characteristic":"fs access"}},"children":[],"locations":[],"captures":{}},{"success":false,"node":{"type":"statement","statement":{"type":"or"}},"children":[{"success":false,"node":{"type":"feature","feature":{"type":"offset","offset":48}},"children":[],"locations":[],"captures":{}},{"success":false,"node":{"type":"feature","feature":{"type":"match","match":"PEB access/55696f4507b74469ba0d871626bea552"}},"children":[],"locations":[],"captures":{}}],"locations":[],"captures":{}}],"locations":[],"captures":{}},{"success":false,"node":{"type":"statement","statement":{"type":"and"}},"children":[{"success":true,"node":{"type":"feature","feature":{"type":"arch","arch":"amd64"}},"children":[],"locations":[{"type":"no address"}],"captures":{}},{"success":true,"node":{"type":"feature","feature":{"type":"characteristic","characteristic":"gs access"}},"children":[],"locations":[{"type":"absolute","value":6442466590}],"captures":{}},{"success":false,"node":{"type":"statement","statement":{"type":"or"}},"children":[{"success":false,"node":{"type":"feature","feature":{"type":"offset","offset":96}},"children":[],"locations":[],"captures":{}},{"success":false,"node":{"type":"feature","feature":{"type":"match","match":"PEB access/37b2f808eb074bb69e0fdea2672a927c"}},"children":[],"locations":[],"captures":{}}],"locations":[],"captures":{}}],"locations":[],"captures":{}}],"locations":[],"captures":{}}],"locations":[{"type":"absolute","value":6442466583}],"captures":{}},{"success":false,"node":{"type":"feature","feature":{"type":"offset","offset":12,"description":"PEB.LDR_DATA"}},"children":[],"locations":[],"captures":{}},{"success":false,"node":{"type":"statement","statement":{"type":"or","description":"resolve a module list"}},"children":[{"success":false,"node":{"type":"feature","feature":{"type":"offset","offset":12,"description":"PEB.LDR_DATA.InLoadOrderModuleList"}},"children":[],"locations":[],"captures":{}},{"success":false,"node":{"type":"feature","feature":{"type":"offset","offset":20,"description":"PEB.LDR_DATA.InMemoryOrderModuleList"}},"children":[],"locations":[],"captures":{}},{"success":false,"node":{"type":"feature","feature":{"type":"offset","offset":28,"description":"PEB.LDR_DATA.InInitializationOrderModuleList"}},"children":[],"locations":[],"captures":{}}],"locations":[],"captures":{}}],"locations":[],"captures":{}},{"success":true,"node":{"type":"statement","statement":{"type":"and","description":"x64"}},"children":[{"success":true,"node":{"type":"feature","feature":{"type":"arch","arch":"amd64"}},"children":[],"locations":[{"type":"no address"}],"captures":{}},{"success":true,"node":{"type":"feature","feature":{"type":"match","match":"PEB access"}},"children":[{"success":true,"node":{"type":"statement","statement":{"type":"or"}},"children":[{"success":true,"node":{"type":"feature","feature":{"type":"characteristic","characteristic":"peb access"}},"children":[],"locations":[{"type":"absolute","value":6442466590}],"captures":{}},{"success":false,"node":{"type":"statement","statement":{"type":"and"}},"children":[{"success":false,"node":{"type":"feature","feature":{"type":"characteristic","characteristic":"fs access"}},"children":[],"locations":[],"captures":{}},{"success":false,"node":{"type":"feature","feature":{"type":"match","match":"PEB access/9b091c585c204cabb3288f628d0aef3d"}},"children":[],"locations":[],"captures":{}}],"locations":[],"captures":{}},{"success":false,"node":{"type":"statement","statement":{"type":"and"}},"children":[{"success":false,"node":{"type":"feature","feature":{"type":"arch","arch":"i386"}},"children":[],"locations":[],"captures":{}},{"success":false,"node":{"type":"feature","feature":{"type":"characteristic","characteristic":"fs access"}},"children":[],"locations":[],"captures":{}},{"success":false,"node":{"type":"statement","statement":{"type":"or"}},"children":[{"success":false,"node":{"type":"feature","feature":{"type":"offset","offset":48}},"children":[],"locations":[],"captures":{}},{"success":false,"node":{"type":"feature","feature":{"type":"match","match":"PEB access/55696f4507b74469ba0d871626bea552"}},"children":[],"locations":[],"captures":{}}],"locations":[],"captures":{}}],"locations":[],"captures":{}},{"success":false,"node":{"type":"statement","statement":{"type":"and"}},"children":[{"success":true,"node":{"type":"feature","feature":{"type":"arch","arch":"amd64"}},"children":[],"locations":[{"type":"no address"}],"captures":{}},{"success":true,"node":{"type":"feature","feature":{"type":"characteristic","characteristic":"gs access"}},"children":[],"locations":[{"type":"absolute","value":6442466590}],"captures":{}},{"success":false,"node":{"type":"statement","statement":{"type":"or"}},"children":[{"success":false,"node":{"type":"feature","feature":{"type":"offset","offset":96}},"children":[],"locations":[],"captures":{}},{"success":false,"node":{"type":"feature","feature":{"type":"match","match":"PEB access/37b2f808eb074bb69e0fdea2672a927c"}},"children":[],"locations":[],"captures":{}}],"locations":[],"captures":{}}],"locations":[],"captures":{}}],"locations":[],"captures":{}}],"locations":[{"type":"absolute","value":6442466583}],"captures":{}},{"success":true,"node":{"type":"feature","feature":{"type":"offset","offset":24,"description":"PEB.LDR_DATA"}},"children":[],"locations":[{"type":"absolute","value":6442466599}],"captures":{}},{"success":true,"node":{"type":"statement","statement":{"type":"or","description":"resolve a module list"}},"children":[{"success":false,"node":{"type":"feature","feature":{"type":"offset","offset":16,"description":"PEB.LDR_DATA.InLoadOrderModuleList"}},"children":[],"locations":[],"captures":{}},{"success":true,"node":{"type":"feature","feature":{"type":"offset","offset":32,"description":"PEB.LDR_DATA.InMemoryOrderModuleList"}},"children":[],"locations":[{"type":"absolute","value":6442466603}],"captures":{}},{"success":false,"node":{"type":"feature","feature":{"type":"offset","offset":48,"description":"PEB.LDR_DATA.InInitializationOrderModuleList"}},"children":[],"locations":[],"captures":{}}],"locations":[],"captures":{}}],"locations":[],"captures":{}}],"locations":[],"captures":{}}]]},"contain loop":{"meta":{"name":"contain loop","authors":["moritz.raabe@mandiant.com"],"scopes":{"static":"function"},"attack":[],"mbc":[],"references":[],"examples":["08AC667C65D36D6542917655571E61C8:0x406EAA"],"description":"","lib":true,"is_subscope_rule":false,"maec":{}},"source":"rule:\n  meta:\n    name: contain loop\n    authors:\n      - moritz.raabe@mandiant.com\n    lib: true\n    scopes:\n      static: function\n      dynamic: unsupported  # requires characteristic features\n    examples:\n      - 08AC667C65D36D6542917655571E61C8:0x406EAA\n  features:\n    - or:\n      - characteristic: loop\n      - characteristic: tight loop\n      - characteristic: recursive call\n","matches":[[{"type":"absolute","value":6442455104},{"success":true,"node":{"type":"statement","statement":{"type":"or"}},"children":[{"success":false,"node":{"type":"feature","feature":{"type":"characteristic","characteristic":"loop"}},"children":[],"locations":[],"captures":{}},{"success":true,"node":{"type":"feature","feature":{"type":"characteristic","characteristic":"tight loop"}},"children":[],"locations":[{"type":"absolute","value":6442455656},{"type":"absolute","value":6442455605}],"captures":{}},{"success":false,"node":{"type":"feature","feature":{"type":"characteristic","characteristic":"recursive call"}},"children":[],"locations":[],"captures":{}}],"locations":[],"captures":{}}],[{"type":"absolute","value":6442457884},{"success":true,"node":{"type":"statement","statement":{"type":"or"}},"children":[{"success":false,"node":{"type":"feature","feature":{"type":"characteristic","characteristic":"loop"}},"children":[],"locations":[],"captures":{}},{"success":true,"node":{"type":"feature","feature":{"type":"characteristic","characteristic":"tight loop"}},"children":[],"locations":[{"type":"absolute","value":6442458432},{"type":"absolute","value":6442458385},{"type":"absolute","value":6442458403}],"captures":{}},{"success":false,"node":{"type":"feature","feature":{"type":"characteristic","characteristic":"recursive call"}},"children":[],"locations":[],"captures":{}}],"locations":[],"captures":{}}],[{"type":"absolute","value":6442459692},{"success":true,"node":{"type":"statement","statement":{"type":"or"}},"children":[{"success":false,"node":{"type":"feature","feature":{"type":"characteristic","characteristic":"loop"}},"children":[],"locations":[],"captures":{}},{"success":true,"node":{"type":"feature","feature":{"type":"characteristic","characteristic":"tight loop"}},"children":[],"locations":[{"type":"absolute","value":6442459721},{"type":"absolute","value":6442459747}],"captures":{}},{"success":false,"node":{"type":"feature","feature":{"type":"characteristic","characteristic":"recursive call"}},"children":[],"locations":[],"captures":{}}],"locations":[],"captures":{}}],[{"type":"absolute","value":6442459780},{"success":true,"node":{"type":"statement","statement":{"type":"or"}},"children":[{"success":true,"node":{"type":"feature","feature":{"type":"characteristic","characteristic":"loop"}},"children":[],"locations":[{"type":"absolute","value":6442459780}],"captures":{}},{"success":false,"node":{"type":"feature","feature":{"type":"characteristic","characteristic":"tight loop"}},"children":[],"locations":[],"captures":{}},{"success":false,"node":{"type":"feature","feature":{"type":"characteristic","characteristic":"recursive call"}},"children":[],"locations":[],"captures":{}}],"locations":[],"captures":{}}],[{"type":"absolute","value":6442466776},{"success":true,"node":{"type":"statement","statement":{"type":"or"}},"children":[{"success":true,"node":{"type":"feature","feature":{"type":"characteristic","characteristic":"loop"}},"children":[],"locations":[{"type":"absolute","value":6442466776}],"captures":{}},{"success":false,"node":{"type":"feature","feature":{"type":"characteristic","characteristic":"tight loop"}},"children":[],"locations":[],"captures":{}},{"success":false,"node":{"type":"feature","feature":{"type":"characteristic","characteristic":"recursive call"}},"children":[],"locations":[],"captures":{}}],"locations":[],"captures":{}}],[{"type":"absolute","value":6442467052},{"success":true,"node":{"type":"statement","statement":{"type":"or"}},"children":[{"success":true,"node":{"type":"feature","feature":{"type":"characteristic","characteristic":"loop"}},"children":[],"locations":[{"type":"absolute","value":6442467052}],"captures":{}},{"success":false,"node":{"type":"feature","feature":{"type":"characteristic","characteristic":"tight loop"}},"children":[],"locations":[],"captures":{}},{"success":false,"node":{"type":"feature","feature":{"type":"characteristic","characteristic":"recursive call"}},"children":[],"locations":[],"captures":{}}],"locations":[],"captures":{}}],[{"type":"absolute","value":6442467160},{"success":true,"node":{"type":"statement","statement":{"type":"or"}},"children":[{"success":false,"node":{"type":"feature","feature":{"type":"characteristic","characteristic":"loop"}},"children":[],"locations":[],"captures":{}},{"success":true,"node":{"type":"feature","feature":{"type":"characteristic","characteristic":"tight loop"}},"children":[],"locations":[{"type":"absolute","value":6442467712},{"type":"absolute","value":6442467661}],"captures":{}},{"success":false,"node":{"type":"feature","feature":{"type":"characteristic","characteristic":"recursive call"}},"children":[],"locations":[],"captures":{}}],"locations":[],"captures":{}}],[{"type":"absolute","value":6442471216},{"success":true,"node":{"type":"statement","statement":{"type":"or"}},"children":[{"success":true,"node":{"type":"feature","feature":{"type":"characteristic","characteristic":"loop"}},"children":[],"locations":[{"type":"absolute","value":6442471216}],"captures":{}},{"success":false,"node":{"type":"feature","feature":{"type":"characteristic","characteristic":"tight loop"}},"children":[],"locations":[],"captures":{}},{"success":false,"node":{"type":"feature","feature":{"type":"characteristic","characteristic":"recursive call"}},"children":[],"locations":[],"captures":{}}],"locations":[],"captures":{}}],[{"type":"absolute","value":6442471276},{"success":true,"node":{"type":"statement","statement":{"type":"or"}},"children":[{"success":true,"node":{"type":"feature","feature":{"type":"characteristic","characteristic":"loop"}},"children":[],"locations":[{"type":"absolute","value":6442471276}],"captures":{}},{"success":false,"node":{"type":"feature","feature":{"type":"characteristic","characteristic":"tight loop"}},"children":[],"locations":[],"captures":{}},{"success":false,"node":{"type":"feature","feature":{"type":"characteristic","characteristic":"recursive call"}},"children":[],"locations":[],"captures":{}}],"locations":[],"captures":{}}]]},"encrypt data using RC4 PRGA":{"meta":{"name":"encrypt data using RC4 PRGA","namespace":"data-manipulation/encryption/rc4","authors":["moritz.raabe@mandiant.com"],"scopes":{"static":"function"},"attack":[{"parts":["Defense Evasion","Obfuscated Files or Information"],"tactic":"Defense Evasion","technique":"Obfuscated Files or Information","subtechnique":"","id":"T1027"}],"mbc":[{"parts":["Cryptography","Encrypt Data","RC4"],"objective":"Cryptography","behavior":"Encrypt Data","method":"RC4","id":"C0027.009"},{"parts":["Cryptography","Generate Pseudo-random Sequence","RC4 PRGA"],"objective":"Cryptography","behavior":"Generate Pseudo-random Sequence","method":"RC4 PRGA","id":"C0021.004"}],"references":[],"examples":["34404A3FB9804977C6AB86CB991FB130:0x403DB0","34404A3FB9804977C6AB86CB991FB130:0x403E50","9324D1A8AE37A36AE560C37448C9705A:0x4049F0","73CE04892E5F39EC82B00C02FC04C70F:0x4064C6"],"description":"","lib":false,"is_subscope_rule":false,"maec":{}},"source":"rule:\n  meta:\n    name: encrypt data using RC4 PRGA\n    namespace: data-manipulation/encryption/rc4\n    authors:\n      - moritz.raabe@mandiant.com\n    scopes:\n      static: function\n      dynamic: unsupported  # requires characteristic, mnemonic, basicblock features\n    att&ck:\n      - Defense Evasion::Obfuscated Files or Information [T1027]\n    mbc:\n      - Cryptography::Encrypt Data::RC4 [C0027.009]\n      - Cryptography::Generate Pseudo-random Sequence::RC4 PRGA [C0021.004]\n    examples:\n      - 34404A3FB9804977C6AB86CB991FB130:0x403DB0\n      - 34404A3FB9804977C6AB86CB991FB130:0x403E50\n      - 9324D1A8AE37A36AE560C37448C9705A:0x4049F0\n      - 73CE04892E5F39EC82B00C02FC04C70F:0x4064C6\n  features:\n    - and:\n      # TODO: maybe add characteristic for nzxor reg size\n      - count(characteristic(nzxor)): 1\n      - or:\n        - match: calculate modulo 256 via x86 assembly\n        # compiler may do this via zero-extended mov from 8-bit register\n        - count(mnemonic(movzx)): 4 or more\n      # should not call (many) functions\n      - count(characteristic(calls from)): (0, 4)\n      # should not be too simple or too complex (50 is picked by intuition)\n      - count(basic blocks): (4, 50)\n      - match: contain loop\n      - optional:\n        - or:\n          - number: 0xFF\n          - number: 0x100\n","matches":[[{"type":"absolute","value":6442455104},{"success":true,"node":{"type":"statement","statement":{"type":"and"}},"children":[{"success":true,"node":{"type":"feature","feature":{"type":"match","match":"contain loop"}},"children":[{"success":true,"node":{"type":"statement","statement":{"type":"or"}},"children":[{"success":false,"node":{"type":"feature","feature":{"type":"characteristic","characteristic":"loop"}},"children":[],"locations":[],"captures":{}},{"success":true,"node":{"type":"feature","feature":{"type":"characteristic","characteristic":"tight loop"}},"children":[],"locations":[{"type":"absolute","value":6442455656},{"type":"absolute","value":6442455605}],"captures":{}},{"success":false,"node":{"type":"feature","feature":{"type":"characteristic","characteristic":"recursive call"}},"children":[],"locations":[],"captures":{}}],"locations":[],"captures":{}}],"locations":[{"type":"absolute","value":6442455104}],"captures":{}},{"success":true,"node":{"type":"statement","statement":{"type":"range","min":1,"max":1,"child":{"type":"characteristic","characteristic":"nzxor"}}},"children":[],"locations":[{"type":"absolute","value":6442455694}],"captures":{}},{"success":true,"node":{"type":"statement","statement":{"type":"range","min":0,"max":4,"child":{"type":"characteristic","characteristic":"calls from"}}},"children":[],"locations":[],"captures":{}},{"success":true,"node":{"type":"statement","statement":{"type":"range","min":4,"max":50,"child":{"type":"basic block"}}},"children":[],"locations":[{"type":"absolute","value":6442455104},{"type":"absolute","value":6442455648},{"type":"absolute","value":6442455605},{"type":"absolute","value":6442455656},{"type":"absolute","value":6442455705}],"captures":{}},{"success":true,"node":{"type":"statement","statement":{"type":"or"}},"children":[{"success":false,"node":{"type":"feature","feature":{"type":"match","match":"calculate modulo 256 via x86 assembly"}},"children":[],"locations":[],"captures":{}},{"success":true,"node":{"type":"statement","statement":{"type":"range","min":4,"max":9223372036854775808,"child":{"type":"mnemonic","mnemonic":"movzx"}}},"children":[],"locations":[{"type":"absolute","value":6442455688},{"type":"absolute","value":6442455625},{"type":"absolute","value":6442455659},{"type":"absolute","value":6442455670}],"captures":{}}],"locations":[],"captures":{}},{"success":true,"node":{"type":"statement","statement":{"type":"optional"}},"children":[{"success":true,"node":{"type":"statement","statement":{"type":"or"}},"children":[{"success":false,"node":{"type":"feature","feature":{"type":"number","number":255}},"children":[],"locations":[],"captures":{}},{"success":true,"node":{"type":"feature","feature":{"type":"number","number":256}},"children":[],"locations":[{"type":"absolute","value":6442455120},{"type":"absolute","value":6442455189}],"captures":{}}],"locations":[],"captures":{}}],"locations":[],"captures":{}}],"locations":[],"captures":{}}],[{"type":"absolute","value":6442467160},{"success":true,"node":{"type":"statement","statement":{"type":"and"}},"children":[{"success":true,"node":{"type":"feature","feature":{"type":"match","match":"contain loop"}},"children":[{"success":true,"node":{"type":"statement","statement":{"type":"or"}},"children":[{"success":false,"node":{"type":"feature","feature":{"type":"characteristic","characteristic":"loop"}},"children":[],"locations":[],"captures":{}},{"success":true,"node":{"type":"feature","feature":{"type":"characteristic","characteristic":"tight loop"}},"children":[],"locations":[{"type":"absolute","value":6442467712},{"type":"absolute","value":6442467661}],"captures":{}},{"success":false,"node":{"type":"feature","feature":{"type":"characteristic","characteristic":"recursive call"}},"children":[],"locations":[],"captures":{}}],"locations":[],"captures":{}}],"locations":[{"type":"absolute","value":6442467160}],"captures":{}},{"success":true,"node":{"type":"statement","statement":{"type":"range","min":1,"max":1,"child":{"type":"characteristic","characteristic":"nzxor"}}},"children":[],"locations":[{"type":"absolute","value":6442467750}],"captures":{}},{"success":true,"node":{"type":"statement","statement":{"type":"range","min":0,"max":4,"child":{"type":"characteristic","characteristic":"calls from"}}},"children":[],"locations":[],"captures":{}},{"success":true,"node":{"type":"statement","statement":{"type":"range","min":4,"max":50,"child":{"type":"basic block"}}},"children":[],"locations":[{"type":"absolute","value":6442467712},{"type":"absolute","value":6442467761},{"type":"absolute","value":6442467704},{"type":"absolute","value":6442467160},{"type":"absolute","value":6442467661}],"captures":{}},{"success":true,"node":{"type":"statement","statement":{"type":"or"}},"children":[{"success":false,"node":{"type":"feature","feature":{"type":"match","match":"calculate modulo 256 via x86 assembly"}},"children":[],"locations":[],"captures":{}},{"success":true,"node":{"type":"statement","statement":{"type":"range","min":4,"max":9223372036854775808,"child":{"type":"mnemonic","mnemonic":"movzx"}}},"children":[],"locations":[{"type":"absolute","value":6442467744},{"type":"absolute","value":6442467681},{"type":"absolute","value":6442467715},{"type":"absolute","value":6442467726}],"captures":{}}],"locations":[],"captures":{}},{"success":true,"node":{"type":"statement","statement":{"type":"optional"}},"children":[{"success":true,"node":{"type":"statement","statement":{"type":"or"}},"children":[{"success":false,"node":{"type":"feature","feature":{"type":"number","number":255}},"children":[],"locations":[],"captures":{}},{"success":true,"node":{"type":"feature","feature":{"type":"number","number":256}},"children":[],"locations":[{"type":"absolute","value":6442467176},{"type":"absolute","value":6442467245}],"captures":{}}],"locations":[],"captures":{}}],"locations":[],"captures":{}}],"locations":[],"captures":{}}]]},"terminate process":{"meta":{"name":"terminate process","namespace":"host-interaction/process/terminate","authors":["moritz.raabe@mandiant.com","michael.hunhoff@mandiant.com","anushka.virgaonkar@mandiant.com"],"scopes":{"static":"function","dynamic":"thread"},"attack":[],"mbc":[{"parts":["Process","Terminate Process"],"objective":"Process","behavior":"Terminate Process","method":"","id":"C0018"}],"references":[],"examples":["C91887D861D9BD4A5872249B641BC9F9:0x401A77","9B7CCAA2AE6A5B96E3110EBCBC4311F6:0x10010307"],"description":"","lib":false,"is_subscope_rule":false,"maec":{}},"source":"rule:\n  meta:\n    name: terminate process\n    namespace: host-interaction/process/terminate\n    authors:\n      - moritz.raabe@mandiant.com\n      - michael.hunhoff@mandiant.com\n      - anushka.virgaonkar@mandiant.com\n    scopes:\n      static: function\n      dynamic: thread\n    mbc:\n      - Process::Terminate Process [C0018]\n    examples:\n      - C91887D861D9BD4A5872249B641BC9F9:0x401A77\n      - 9B7CCAA2AE6A5B96E3110EBCBC4311F6:0x10010307\n  features:\n    - or:\n      - api: System.Diagnostics.Process::Kill\n      - api: System.Diagnostics.Process::WaitForExit\n      - api: System.Diagnostics.Process::WaitForExitAsync\n      - api: System.Environment::Exit\n      - api: System.Windows.Forms.Application::Exit\n      - api: exit\n      - api: Exit\n      - and:\n        - optional:\n          - match: open process\n        - or:\n          - api: kernel32.TerminateProcess\n          - api: ntdll.NtTerminateProcess\n          - api: kernel32.ExitProcess\n","matches":[[{"type":"absolute","value":6442457884},{"success":true,"node":{"type":"statement","statement":{"type":"or"}},"children":[{"success":false,"node":{"type":"feature","feature":{"type":"api","api":"System.Diagnostics.Process::Kill"}},"children":[],"locations":[],"captures":{}},{"success":false,"node":{"type":"feature","feature":{"type":"api","api":"System.Diagnostics.Process::WaitForExit"}},"children":[],"locations":[],"captures":{}},{"success":false,"node":{"type":"feature","feature":{"type":"api","api":"System.Diagnostics.Process::WaitForExitAsync"}},"children":[],"locations":[],"captures":{}},{"success":false,"node":{"type":"feature","feature":{"type":"api","api":"System.Environment::Exit"}},"children":[],"locations":[],"captures":{}},{"success":false,"node":{"type":"feature","feature":{"type":"api","api":"System.Windows.Forms.Application::Exit"}},"children":[],"locations":[],"captures":{}},{"success":true,"node":{"type":"feature","feature":{"type":"api","api":"exit"}},"children":[],"locations":[{"type":"absolute","value":6442458628}],"captures":{}},{"success":false,"node":{"type":"feature","feature":{"type":"api","api":"Exit"}},"children":[],"locations":[],"captures":{}},{"success":false,"node":{"type":"statement","statement":{"type":"and"}},"children":[{"success":true,"node":{"type":"statement","statement":{"type":"optional"}},"children":[{"success":false,"node":{"type":"feature","feature":{"type":"match","match":"open process"}},"children":[],"locations":[],"captures":{}}],"locations":[],"captures":{}},{"success":false,"node":{"type":"statement","statement":{"type":"or"}},"children":[{"success":false,"node":{"type":"feature","feature":{"type":"api","api":"TerminateProcess"}},"children":[],"locations":[],"captures":{}},{"success":false,"node":{"type":"feature","feature":{"type":"api","api":"NtTerminateProcess"}},"children":[],"locations":[],"captures":{}},{"success":false,"node":{"type":"feature","feature":{"type":"api","api":"ExitProcess"}},"children":[],"locations":[],"captures":{}}],"locations":[],"captures":{}}],"locations":[],"captures":{}}],"locations":[],"captures":{}}]]},"get OS version":{"meta":{"name":"get OS version","authors":["@mr-tz"],"scopes":{"static":"function","dynamic":"call"},"attack":[],"mbc":[],"references":[],"examples":["493167E85E45363D09495D0841C30648:0x401000","5f66b82558ca92e54e77f216ef4c066c:0x44580A"],"description":"","lib":true,"is_subscope_rule":false,"maec":{}},"source":"rule:\n  meta:\n    name: get OS version\n    authors:\n      - \"@mr-tz\"\n    lib: true\n    scopes:\n      static: function\n      dynamic: call\n    examples:\n      - 493167E85E45363D09495D0841C30648:0x401000\n      - 5f66b82558ca92e54e77f216ef4c066c:0x44580A\n  features:\n    - or:\n      - api: RtlGetVersion\n      - api: ntoskrnl.PsGetVersion\n      - api: GetVersion\n      - api: GetVersionEx\n      - api: VerifyVersionInfo\n      - api: VerSetConditionMask\n      - api: RtlGetNtVersionNumbers\n      - api: GetProductInfo\n      - and:\n        - match: PEB access\n        - or:\n          - and:\n            - arch: i386\n            - or:\n              - offset: 0xA4 = PEB->OSMajorVersion\n              - offset: 0xA8 = PEB->OSMinorVersion\n              - offset: 0xAC = PEB->OSBuildNumber\n          - and:\n            - arch: amd64\n            - or:\n              - offset: 0x118 = PEB->OSMajorVersion\n              - offset: 0x11C = PEB->OSMinorVersion\n              - offset: 0x120 = PEB->OSBuildNumber\n","matches":[[{"type":"absolute","value":6442459780},{"success":true,"node":{"type":"statement","statement":{"type":"or"}},"children":[{"success":false,"node":{"type":"feature","feature":{"type":"api","api":"RtlGetVersion"}},"children":[],"locations":[],"captures":{}},{"success":false,"node":{"type":"feature","feature":{"type":"api","api":"PsGetVersion"}},"children":[],"locations":[],"captures":{}},{"success":false,"node":{"type":"feature","feature":{"type":"api","api":"GetVersion"}},"children":[],"locations":[],"captures":{}},{"success":false,"node":{"type":"feature","feature":{"type":"api","api":"GetVersionEx"}},"children":[],"locations":[],"captures":{}},{"success":false,"node":{"type":"feature","feature":{"type":"api","api":"VerifyVersionInfo"}},"children":[],"locations":[],"captures":{}},{"success":false,"node":{"type":"feature","feature":{"type":"api","api":"VerSetConditionMask"}},"children":[],"locations":[],"captures":{}},{"success":false,"node":{"type":"feature","feature":{"type":"api","api":"RtlGetNtVersionNumbers"}},"children":[],"locations":[],"captures":{}},{"success":false,"node":{"type":"feature","feature":{"type":"api","api":"GetProductInfo"}},"children":[],"locations":[],"captures":{}},{"success":true,"node":{"type":"statement","statement":{"type":"and"}},"children":[{"success":true,"node":{"type":"feature","feature":{"type":"match","match":"PEB access"}},"children":[{"success":true,"node":{"type":"statement","statement":{"type":"or"}},"children":[{"success":true,"node":{"type":"feature","feature":{"type":"characteristic","characteristic":"peb access"}},"children":[],"locations":[{"type":"absolute","value":6442466590}],"captures":{}},{"success":false,"node":{"type":"statement","statement":{"type":"and"}},"children":[{"success":false,"node":{"type":"feature","feature":{"type":"characteristic","characteristic":"fs access"}},"children":[],"locations":[],"captures":{}},{"success":false,"node":{"type":"feature","feature":{"type":"match","match":"PEB access/9b091c585c204cabb3288f628d0aef3d"}},"children":[],"locations":[],"captures":{}}],"locations":[],"captures":{}},{"success":false,"node":{"type":"statement","statement":{"type":"and"}},"children":[{"success":false,"node":{"type":"feature","feature":{"type":"arch","arch":"i386"}},"children":[],"locations":[],"captures":{}},{"success":false,"node":{"type":"feature","feature":{"type":"characteristic","characteristic":"fs access"}},"children":[],"locations":[],"captures":{}},{"success":false,"node":{"type":"statement","statement":{"type":"or"}},"children":[{"success":false,"node":{"type":"feature","feature":{"type":"offset","offset":48}},"children":[],"locations":[],"captures":{}},{"success":false,"node":{"type":"feature","feature":{"type":"match","match":"PEB access/55696f4507b74469ba0d871626bea552"}},"children":[],"locations":[],"captures":{}}],"locations":[],"captures":{}}],"locations":[],"captures":{}},{"success":false,"node":{"type":"statement","statement":{"type":"and"}},"children":[{"success":true,"node":{"type":"feature","feature":{"type":"arch","arch":"amd64"}},"children":[],"locations":[{"type":"no address"}],"captures":{}},{"success":true,"node":{"type":"feature","feature":{"type":"characteristic","characteristic":"gs access"}},"children":[],"locations":[{"type":"absolute","value":6442466590}],"captures":{}},{"success":false,"node":{"type":"statement","statement":{"type":"or"}},"children":[{"success":false,"node":{"type":"feature","feature":{"type":"offset","offset":96}},"children":[],"locations":[],"captures":{}},{"success":false,"node":{"type":"feature","feature":{"type":"match","match":"PEB access/37b2f808eb074bb69e0fdea2672a927c"}},"children":[],"locations":[],"captures":{}}],"locations":[],"captures":{}}],"locations":[],"captures":{}}],"locations":[],"captures":{}}],"locations":[{"type":"absolute","value":6442466583}],"captures":{}},{"success":true,"node":{"type":"statement","statement":{"type":"or"}},"children":[{"success":false,"node":{"type":"statement","statement":{"type":"and"}},"children":[{"success":false,"node":{"type":"feature","feature":{"type":"arch","arch":"i386"}},"children":[],"locations":[],"captures":{}},{"success":true,"node":{"type":"statement","statement":{"type":"or"}},"children":[{"success":false,"node":{"type":"feature","feature":{"type":"offset","offset":164,"description":"PEB->OSMajorVersion"}},"children":[],"locations":[],"captures":{}},{"success":true,"node":{"type":"feature","feature":{"type":"offset","offset":168,"description":"PEB->OSMinorVersion"}},"children":[],"locations":[{"type":"absolute","value":6442462614}],"captures":{}},{"success":false,"node":{"type":"feature","feature":{"type":"offset","offset":172,"description":"PEB->OSBuildNumber"}},"children":[],"locations":[],"captures":{}}],"locations":[],"captures":{}}],"locations":[],"captures":{}},{"success":true,"node":{"type":"statement","statement":{"type":"and"}},"children":[{"success":true,"node":{"type":"feature","feature":{"type":"arch","arch":"amd64"}},"children":[],"locations":[{"type":"no address"}],"captures":{}},{"success":true,"node":{"type":"statement","statement":{"type":"or"}},"children":[{"success":true,"node":{"type":"feature","feature":{"type":"offset","offset":280,"description":"PEB->OSMajorVersion"}},"children":[],"locations":[{"type":"absolute","value":6442464253}],"captures":{}},{"success":false,"node":{"type":"feature","feature":{"type":"offset","offset":284,"description":"PEB->OSMinorVersion"}},"children":[],"locations":[],"captures":{}},{"success":true,"node":{"type":"feature","feature":{"type":"offset","offset":288,"description":"PEB->OSBuildNumber"}},"children":[],"locations":[{"type":"absolute","value":6442464357}],"captures":{}}],"locations":[],"captures":{}}],"locations":[],"captures":{}}],"locations":[],"captures":{}}],"locations":[],"captures":{}}],"locations":[],"captures":{}}]]},"resolve function by parsing PE exports":{"meta":{"name":"resolve function by parsing PE exports","namespace":"load-code/pe","authors":["sara-rn"],"scopes":{"static":"function"},"attack":[],"mbc":[],"references":[],"examples":["73CE04892E5F39EC82B00C02FC04C70F:0x406BA1"],"description":"","lib":false,"is_subscope_rule":false,"maec":{}},"source":"rule:\n  meta:\n    name: resolve function by parsing PE exports\n    namespace: load-code/pe\n    authors:\n      - sara-rn\n    scopes:\n      static: function\n      dynamic: unsupported  # requires characteristic, offset, mnemonic features\n    examples:\n      - 73CE04892E5F39EC82B00C02FC04C70F:0x406BA1\n  features:\n    - and:\n      - os: windows\n      - or:\n        - characteristic: loop\n        - mnemonic: movzx\n      - and:\n        - offset: 0x3C = IMAGE_DOS_HEADER.PE.e_lfanew\n        - or:\n          - and:\n            - arch: i386\n            - offset: 0x78 = offset to IMAGE_DATA_DIRECTORY[IMAGE_DIRECTORY_ENTRY_EXPORT]\n          - and:\n            - arch: amd64\n            - offset: 0x88 = offset to IMAGE_DATA_DIRECTORY[IMAGE_DIRECTORY_ENTRY_EXPORT]\n        - 3 or more:\n          - offset: 0x14 = IMAGE_EXPORT_DIRECTORY.NumberOfFunctions\n          - offset: 0x24 = IMAGE_EXPORT_DIRECTORY.AddressOfNameOrdinals\n          - offset: 0x20 = IMAGE_EXPORT_DIRECTORY.AddressOfNames\n          - offset: 0x18 = IMAGE_EXPORT_DIRECTORY.NumberOfNames\n          - offset: 0x1C = IMAGE_EXPORT_DIRECTORY.AddressOfFunctions\n      - optional:\n        - or:\n          - api: LoadLibrary\n          - api: strcmp\n","matches":[[{"type":"absolute","value":6442466776},{"success":true,"node":{"type":"statement","statement":{"type":"and"}},"children":[{"success":true,"node":{"type":"feature","feature":{"type":"os","os":"windows"}},"children":[],"locations":[{"type":"no address"}],"captures":{}},{"success":true,"node":{"type":"statement","statement":{"type":"or"}},"children":[{"success":true,"node":{"type":"feature","feature":{"type":"characteristic","characteristic":"loop"}},"children":[],"locations":[{"type":"absolute","value":6442466776}],"captures":{}},{"success":true,"node":{"type":"feature","feature":{"type":"mnemonic","mnemonic":"movzx"}},"children":[],"locations":[{"type":"absolute","value":6442466912}],"captures":{}}],"locations":[],"captures":{}},{"success":true,"node":{"type":"statement","statement":{"type":"optional"}},"children":[{"success":false,"node":{"type":"statement","statement":{"type":"or"}},"children":[{"success":false,"node":{"type":"feature","feature":{"type":"api","api":"LoadLibrary"}},"children":[],"locations":[],"captures":{}},{"success":false,"node":{"type":"feature","feature":{"type":"api","api":"strcmp"}},"children":[],"locations":[],"captures":{}}],"locations":[],"captures":{}}],"locations":[],"captures":{}},{"success":true,"node":{"type":"statement","statement":{"type":"and"}},"children":[{"success":true,"node":{"type":"feature","feature":{"type":"offset","offset":60,"description":"IMAGE_DOS_HEADER.PE.e_lfanew"}},"children":[],"locations":[{"type":"absolute","value":6442466812}],"captures":{}},{"success":true,"node":{"type":"statement","statement":{"type":"or"}},"children":[{"success":false,"node":{"type":"statement","statement":{"type":"and"}},"children":[{"success":false,"node":{"type":"feature","feature":{"type":"arch","arch":"i386"}},"children":[],"locations":[],"captures":{}},{"success":false,"node":{"type":"feature","feature":{"type":"offset","offset":120,"description":"offset to IMAGE_DATA_DIRECTORY[IMAGE_DIRECTORY_ENTRY_EXPORT]"}},"children":[],"locations":[],"captures":{}}],"locations":[],"captures":{}},{"success":true,"node":{"type":"statement","statement":{"type":"and"}},"children":[{"success":true,"node":{"type":"feature","feature":{"type":"arch","arch":"amd64"}},"children":[],"locations":[{"type":"no address"}],"captures":{}},{"success":true,"node":{"type":"feature","feature":{"type":"offset","offset":136,"description":"offset to IMAGE_DATA_DIRECTORY[IMAGE_DIRECTORY_ENTRY_EXPORT]"}},"children":[],"locations":[{"type":"absolute","value":6442466816}],"captures":{}}],"locations":[],"captures":{}}],"locations":[],"captures":{}},{"success":true,"node":{"type":"statement","statement":{"type":"some","count":3}},"children":[{"success":false,"node":{"type":"feature","feature":{"type":"offset","offset":20,"description":"IMAGE_EXPORT_DIRECTORY.NumberOfFunctions"}},"children":[],"locations":[],"captures":{}},{"success":true,"node":{"type":"feature","feature":{"type":"offset","offset":36,"description":"IMAGE_EXPORT_DIRECTORY.AddressOfNameOrdinals"}},"children":[],"locations":[{"type":"absolute","value":6442466836}],"captures":{}},{"success":true,"node":{"type":"feature","feature":{"type":"offset","offset":32,"description":"IMAGE_EXPORT_DIRECTORY.AddressOfNames"}},"children":[],"locations":[{"type":"absolute","value":6442466826}],"captures":{}},{"success":true,"node":{"type":"feature","feature":{"type":"offset","offset":24,"description":"IMAGE_EXPORT_DIRECTORY.NumberOfNames"}},"children":[],"locations":[{"type":"absolute","value":6442466786},{"type":"absolute","value":6442466843}],"captures":{}},{"success":true,"node":{"type":"feature","feature":{"type":"offset","offset":28,"description":"IMAGE_EXPORT_DIRECTORY.AddressOfFunctions"}},"children":[],"locations":[{"type":"absolute","value":6442466830}],"captures":{}}],"locations":[],"captures":{}}],"locations":[],"captures":{}}],"locations":[],"captures":{}}]]}}}
