{"meta":{"timestamp":"2024-11-22T16:09:14.663502","version":"7.4.0","argv":["--os","windows","-j","./samples/dropper-memory-only/a722615c2ee101cde88c7f44fb214eccfe2d06752be751db066018a3244bce62"],"sample":{"md5":"95820d16da2d9c4fbb07130639be2143","sha1":"0a3ac9b182d8f14d9bc368d0c923270eed29b950","sha256":"a722615c2ee101cde88c7f44fb214eccfe2d06752be751db066018a3244bce62","path":"/samples/dropper-memory-only/a722615c2ee101cde88c7f44fb214eccfe2d06752be751db066018a3244bce62"},"flavor":"static","analysis":{"format":"pe","arch":"i386","os":"windows","extractor":"VivisectFeatureExtractor","rules":["/tmp/_MEIkuq1Ps/rules"],"base_address":{"type":"absolute","value":4194304},"layout":{"functions":[{"address":{"type":"absolute","value":4198416},"matched_basic_blocks":[{"address":{"type":"absolute","value":4198421}}]},{"address":{"type":"absolute","value":4206592},"matched_basic_blocks":[{"address":{"type":"absolute","value":4206644}}]},{"address":{"type":"absolute","value":4206736},"matched_basic_blocks":[{"address":{"type":"absolute","value":4206743}}]}]},"feature_counts":{"file":79,"functions":[{"address":{"type":"absolute","value":4198400},"count":9},{"address":{"type":"absolute","value":4198416},"count":27},{"address":{"type":"absolute","value":4206592},"count":43},{"address":{"type":"absolute","value":4206701},"count":18},{"address":{"type":"absolute","value":4206736},"count":34}]},"library_functions":[]}},"rules":{"allocate memory":{"meta":{"name":"allocate memory","authors":["0x534a@mailbox.org","@mr-tz"],"scopes":{"static":"basic block","dynamic":"call"},"attack":[],"mbc":[{"parts":["Memory","Allocate Memory"],"objective":"Memory","behavior":"Allocate Memory","method":"","id":"C0007"}],"references":[],"examples":["Practical Malware Analysis Lab 03-03.exe_:0x4010EA","563653399B82CD443F120ECEFF836EA3678D4CF11D9B351BB737573C2D856299:0x140001ABA"],"description":"","lib":true,"is_subscope_rule":false,"maec":{}},"source":"rule:\n  meta:\n    name: allocate memory\n    authors:\n      - 0x534a@mailbox.org\n      - \"@mr-tz\"\n    lib: true\n    scopes:\n      static: basic block\n      dynamic: call\n    mbc:\n      - Memory::Allocate Memory [C0007]\n    examples:\n      - Practical Malware Analysis Lab 03-03.exe_:0x4010EA\n      - 563653399B82CD443F120ECEFF836EA3678D4CF11D9B351BB737573C2D856299:0x140001ABA  # ntdll.NtAllocateVirtualMemory\n  features:\n    - or:\n      - api: kernel32.VirtualAlloc\n      - api: kernel32.VirtualAllocEx\n      - api: kernel32.VirtualAllocExNuma\n      - api: NtAllocateVirtualMemory\n      - api: ZwAllocateVirtualMemory\n      - api: NtMapViewOfSection\n      - api: ZwMapViewOfSection\n      - and:\n        - match: link function at runtime on Windows\n        - or:\n          - string: \"VirtualAlloc\"\n          - string: \"VirtualAllocEx\"\n          - string: \"VirtualAllocExNuma\"\n          - string: \"NtAllocateVirtualMemory\"\n          - string: \"ZwAllocateVirtualMemory\"\n          - string: \"NtMapViewOfSection\"\n          - string: \"ZwMapViewOfSection\"\n","matches":[[{"type":"absolute","value":4206644},{"success":true,"node":{"type":"statement","statement":{"type":"or"}},"children":[{"success":true,"node":{"type":"feature","feature":{"type":"api","api":"VirtualAlloc"}},"children":[],"locations":[{"type":"absolute","value":4206665}],"captures":{}},{"success":false,"node":{"type":"feature","feature":{"type":"api","api":"VirtualAllocEx"}},"children":[],"locations":[],"captures":{}},{"success":false,"node":{"type":"feature","feature":{"type":"api","api":"VirtualAllocExNuma"}},"children":[],"locations":[],"captures":{}},{"success":false,"node":{"type":"feature","feature":{"type":"api","api":"NtAllocateVirtualMemory"}},"children":[],"locations":[],"captures":{}},{"success":false,"node":{"type":"feature","feature":{"type":"api","api":"ZwAllocateVirtualMemory"}},"children":[],"locations":[],"captures":{}},{"success":false,"node":{"type":"feature","feature":{"type":"api","api":"NtMapViewOfSection"}},"children":[],"locations":[],"captures":{}},{"success":false,"node":{"type":"feature","feature":{"type":"api","api":"ZwMapViewOfSection"}},"children":[],"locations":[],"captures":{}},{"success":false,"node":{"type":"statement","statement":{"type":"and"}},"children":[{"success":false,"node":{"type":"feature","feature":{"type":"match","match":"link function at runtime on Windows"}},"children":[],"locations":[],"captures":{}},{"success":false,"node":{"type":"statement","statement":{"type":"or"}},"children":[{"success":false,"node":{"type":"feature","feature":{"type":"string","string":"VirtualAlloc"}},"children":[],"locations":[],"captures":{}},{"success":false,"node":{"type":"feature","feature":{"type":"string","string":"VirtualAllocEx"}},"children":[],"locations":[],"captures":{}},{"success":false,"node":{"type":"feature","feature":{"type":"string","string":"VirtualAllocExNuma"}},"children":[],"locations":[],"captures":{}},{"success":false,"node":{"type":"feature","feature":{"type":"string","string":"NtAllocateVirtualMemory"}},"children":[],"locations":[],"captures":{}},{"success":false,"node":{"type":"feature","feature":{"type":"string","string":"ZwAllocateVirtualMemory"}},"children":[],"locations":[],"captures":{}},{"success":false,"node":{"type":"feature","feature":{"type":"string","string":"NtMapViewOfSection"}},"children":[],"locations":[],"captures":{}},{"success":false,"node":{"type":"feature","feature":{"type":"string","string":"ZwMapViewOfSection"}},"children":[],"locations":[],"captures":{}}],"locations":[],"captures":{}}],"locations":[],"captures":{}}],"locations":[],"captures":{}}]]},"allocate or change RWX memory":{"meta":{"name":"allocate or change RWX memory","namespace":"host-interaction/process/inject","authors":["@mr-tz"],"scopes":{"static":"basic block","dynamic":"thread"},"attack":[],"mbc":[{"parts":["Memory","Allocate Memory"],"objective":"Memory","behavior":"Allocate Memory","method":"","id":"C0007"}],"references":[],"examples":["Practical Malware Analysis Lab 03-03.exe_:0x4010EA","563653399B82CD443F120ECEFF836EA3678D4CF11D9B351BB737573C2D856299:0x140001ABA"],"description":"","lib":false,"is_subscope_rule":false,"maec":{}},"source":"rule:\n  meta:\n    name: allocate or change RWX memory\n    namespace: host-interaction/process/inject\n    authors:\n      - \"@mr-tz\"\n    scopes:\n      static: basic block\n      dynamic: thread\n    mbc:\n      - Memory::Allocate Memory [C0007]\n    examples:\n      - Practical Malware Analysis Lab 03-03.exe_:0x4010EA\n      # ntdll\n      - 563653399B82CD443F120ECEFF836EA3678D4CF11D9B351BB737573C2D856299:0x140001ABA\n  features:\n    - and:\n      - or:\n        - match: allocate memory\n        - match: change memory protection\n      - or:\n        - number: 0x40 = PAGE_EXECUTE_READWRITE\n        # lea     r9d, [rcx+40h]  ; flProtect\n        # call    cs:VirtualAlloc\n        - instruction:\n          - mnemonic: lea\n          - offset: 0x40 = PAGE_EXECUTE_READWRITE\n","matches":[[{"type":"absolute","value":4206644},{"success":true,"node":{"type":"statement","statement":{"type":"and"}},"children":[{"success":true,"node":{"type":"statement","statement":{"type":"or"}},"children":[{"success":true,"node":{"type":"feature","feature":{"type":"match","match":"allocate memory"}},"children":[{"success":true,"node":{"type":"statement","statement":{"type":"or"}},"children":[{"success":true,"node":{"type":"feature","feature":{"type":"api","api":"VirtualAlloc"}},"children":[],"locations":[{"type":"absolute","value":4206665}],"captures":{}},{"success":false,"node":{"type":"feature","feature":{"type":"api","api":"VirtualAllocEx"}},"children":[],"locations":[],"captures":{}},{"success":false,"node":{"type":"feature","feature":{"type":"api","api":"VirtualAllocExNuma"}},"children":[],"locations":[],"captures":{}},{"success":false,"node":{"type":"feature","feature":{"type":"api","api":"NtAllocateVirtualMemory"}},"children":[],"locations":[],"captures":{}},{"success":false,"node":{"type":"feature","feature":{"type":"api","api":"ZwAllocateVirtualMemory"}},"children":[],"locations":[],"captures":{}},{"success":false,"node":{"type":"feature","feature":{"type":"api","api":"NtMapViewOfSection"}},"children":[],"locations":[],"captures":{}},{"success":false,"node":{"type":"feature","feature":{"type":"api","api":"ZwMapViewOfSection"}},"children":[],"locations":[],"captures":{}},{"success":false,"node":{"type":"statement","statement":{"type":"and"}},"children":[{"success":false,"node":{"type":"feature","feature":{"type":"match","match":"link function at runtime on Windows"}},"children":[],"locations":[],"captures":{}},{"success":false,"node":{"type":"statement","statement":{"type":"or"}},"children":[{"success":false,"node":{"type":"feature","feature":{"type":"string","string":"VirtualAlloc"}},"children":[],"locations":[],"captures":{}},{"success":false,"node":{"type":"feature","feature":{"type":"string","string":"VirtualAllocEx"}},"children":[],"locations":[],"captures":{}},{"success":false,"node":{"type":"feature","feature":{"type":"string","string":"VirtualAllocExNuma"}},"children":[],"locations":[],"captures":{}},{"success":false,"node":{"type":"feature","feature":{"type":"string","string":"NtAllocateVirtualMemory"}},"children":[],"locations":[],"captures":{}},{"success":false,"node":{"type":"feature","feature":{"type":"string","string":"ZwAllocateVirtualMemory"}},"children":[],"locations":[],"captures":{}},{"success":false,"node":{"type":"feature","feature":{"type":"string","string":"NtMapViewOfSection"}},"children":[],"locations":[],"captures":{}},{"success":false,"node":{"type":"feature","feature":{"type":"string","string":"ZwMapViewOfSection"}},"children":[],"locations":[],"captures":{}}],"locations":[],"captures":{}}],"locations":[],"captures":{}}],"locations":[],"captures":{}}],"locations":[{"type":"absolute","value":4206644}],"captures":{}},{"success":false,"node":{"type":"feature","feature":{"type":"match","match":"change memory protection"}},"children":[],"locations":[],"captures":{}}],"locations":[],"captures":{}},{"success":true,"node":{"type":"statement","statement":{"type":"or"}},"children":[{"success":true,"node":{"type":"feature","feature":{"type":"number","number":64,"description":"PAGE_EXECUTE_READWRITE"}},"children":[],"locations":[{"type":"absolute","value":4206644}],"captures":{}},{"success":false,"node":{"type":"feature","feature":{"type":"match","match":"allocate or change RWX memory/dc639735ac794250a82dbcfddcb97136"}},"children":[],"locations":[],"captures":{}}],"locations":[],"captures":{}}],"locations":[],"captures":{}}]]},"accept command line arguments":{"meta":{"name":"accept command line arguments","namespace":"host-interaction/cli","authors":["moritz.raabe@mandiant.com","anushka.virgaonkar@mandiant.com"],"scopes":{"static":"function","dynamic":"call"},"attack":[{"parts":["Execution","Command and Scripting Interpreter"],"tactic":"Execution","technique":"Command and Scripting Interpreter","subtechnique":"","id":"T1059"}],"mbc":[{"parts":["Execution","Command and Scripting Interpreter"],"objective":"Execution","behavior":"Command and Scripting Interpreter","method":"","id":"E1059"}],"references":[],"examples":["e5369ac309f1be6d77afeeb3edab0ed8:0x402760"],"description":"","lib":false,"is_subscope_rule":false,"maec":{}},"source":"rule:\n  meta:\n    name: accept command line arguments\n    namespace: host-interaction/cli\n    authors:\n      - moritz.raabe@mandiant.com\n      - anushka.virgaonkar@mandiant.com\n    scopes:\n      static: function\n      dynamic: call\n    att&ck:\n      - Execution::Command and Scripting Interpreter [T1059]\n    mbc:\n      - Execution::Command and Scripting Interpreter [E1059]\n    examples:\n      - e5369ac309f1be6d77afeeb3edab0ed8:0x402760\n  features:\n    - or:\n      - api: GetCommandLine\n      - api: CommandLineToArgv\n      - api: System.Environment::GetCommandLineArgs\n","matches":[[{"type":"absolute","value":4198400},{"success":true,"node":{"type":"statement","statement":{"type":"or"}},"children":[{"success":true,"node":{"type":"feature","feature":{"type":"api","api":"GetCommandLine"}},"children":[],"locations":[{"type":"absolute","value":4198400}],"captures":{}},{"success":false,"node":{"type":"feature","feature":{"type":"api","api":"CommandLineToArgv"}},"children":[],"locations":[],"captures":{}},{"success":false,"node":{"type":"feature","feature":{"type":"api","api":"System.Environment::GetCommandLineArgs"}},"children":[],"locations":[],"captures":{}}],"locations":[],"captures":{}}],[{"type":"absolute","value":4206592},{"success":true,"node":{"type":"statement","statement":{"type":"or"}},"children":[{"success":true,"node":{"type":"feature","feature":{"type":"api","api":"GetCommandLine"}},"children":[],"locations":[{"type":"absolute","value":4206592}],"captures":{}},{"success":false,"node":{"type":"feature","feature":{"type":"api","api":"CommandLineToArgv"}},"children":[],"locations":[],"captures":{}},{"success":false,"node":{"type":"feature","feature":{"type":"api","api":"System.Environment::GetCommandLineArgs"}},"children":[],"locations":[],"captures":{}}],"locations":[],"captures":{}}]]},"contain loop":{"meta":{"name":"contain loop","authors":["moritz.raabe@mandiant.com"],"scopes":{"static":"function"},"attack":[],"mbc":[],"references":[],"examples":["08AC667C65D36D6542917655571E61C8:0x406EAA"],"description":"","lib":true,"is_subscope_rule":false,"maec":{}},"source":"rule:\n  meta:\n    name: contain loop\n    authors:\n      - moritz.raabe@mandiant.com\n    lib: true\n    scopes:\n      static: function\n      dynamic: unsupported  # requires characteristic features\n    examples:\n      - 08AC667C65D36D6542917655571E61C8:0x406EAA\n  features:\n    - or:\n      - characteristic: loop\n      - characteristic: tight loop\n      - characteristic: recursive call\n","matches":[[{"type":"absolute","value":4198416},{"success":true,"node":{"type":"statement","statement":{"type":"or"}},"children":[{"success":false,"node":{"type":"feature","feature":{"type":"characteristic","characteristic":"loop"}},"children":[],"locations":[],"captures":{}},{"success":true,"node":{"type":"feature","feature":{"type":"characteristic","characteristic":"tight loop"}},"children":[],"locations":[{"type":"absolute","value":4198421}],"captures":{}},{"success":false,"node":{"type":"feature","feature":{"type":"characteristic","characteristic":"recursive call"}},"children":[],"locations":[],"captures":{}}],"locations":[],"captures":{}}],[{"type":"absolute","value":4206592},{"success":true,"node":{"type":"statement","statement":{"type":"or"}},"children":[{"success":true,"node":{"type":"feature","feature":{"type":"characteristic","characteristic":"loop"}},"children":[],"locations":[{"type":"absolute","value":4206592}],"captures":{}},{"success":false,"node":{"type":"feature","feature":{"type":"characteristic","characteristic":"tight loop"}},"children":[],"locations":[],"captures":{}},{"success":false,"node":{"type":"feature","feature":{"type":"characteristic","characteristic":"recursive call"}},"children":[],"locations":[],"captures":{}}],"locations":[],"captures":{}}],[{"type":"absolute","value":4206736},{"success":true,"node":{"type":"statement","statement":{"type":"or"}},"children":[{"success":false,"node":{"type":"feature","feature":{"type":"characteristic","characteristic":"loop"}},"children":[],"locations":[],"captures":{}},{"success":true,"node":{"type":"feature","feature":{"type":"characteristic","characteristic":"tight loop"}},"children":[],"locations":[{"type":"absolute","value":4206743}],"captures":{}},{"success":false,"node":{"type":"feature","feature":{"type":"characteristic","characteristic":"recursive call"}},"children":[],"locations":[],"captures":{}}],"locations":[],"captures":{}}]]},"execute shellcode via indirect call":{"meta":{"name":"execute shellcode via indirect call","namespace":"load-code/shellcode","authors":["ronnie.salomonsen@mandiant.com"],"scopes":{"static":"function"},"attack":[],"mbc":[{"parts":["Memory","Allocate Memory"],"objective":"Memory","behavior":"Allocate Memory","method":"","id":"C0007"}],"references":[],"examples":[],"description":"","lib":false,"is_subscope_rule":false,"maec":{}},"source":"rule:\n  meta:\n    name: execute shellcode via indirect call\n    namespace: load-code/shellcode\n    authors:\n      - ronnie.salomonsen@mandiant.com\n    scopes:\n      static: function\n      dynamic: unsupported  # requires characteristic features\n    mbc:\n      - Memory::Allocate Memory [C0007]\n  features:\n    - and:\n      - match: allocate or change RWX memory\n      - or:\n        - characteristic: indirect call\n        - characteristic: cross section flow\n","matches":[[{"type":"absolute","value":4206592},{"success":true,"node":{"type":"statement","statement":{"type":"and"}},"children":[{"success":true,"node":{"type":"feature","feature":{"type":"match","match":"allocate or change RWX memory"}},"children":[{"success":true,"node":{"type":"statement","statement":{"type":"and"}},"children":[{"success":true,"node":{"type":"statement","statement":{"type":"or"}},"children":[{"success":true,"node":{"type":"feature","feature":{"type":"match","match":"allocate memory"}},"children":[{"success":true,"node":{"type":"statement","statement":{"type":"or"}},"children":[{"success":true,"node":{"type":"feature","feature":{"type":"api","api":"VirtualAlloc"}},"children":[],"locations":[{"type":"absolute","value":4206665}],"captures":{}},{"success":false,"node":{"type":"feature","feature":{"type":"api","api":"VirtualAllocEx"}},"children":[],"locations":[],"captures":{}},{"success":false,"node":{"type":"feature","feature":{"type":"api","api":"VirtualAllocExNuma"}},"children":[],"locations":[],"captures":{}},{"success":false,"node":{"type":"feature","feature":{"type":"api","api":"NtAllocateVirtualMemory"}},"children":[],"locations":[],"captures":{}},{"success":false,"node":{"type":"feature","feature":{"type":"api","api":"ZwAllocateVirtualMemory"}},"children":[],"locations":[],"captures":{}},{"success":false,"node":{"type":"feature","feature":{"type":"api","api":"NtMapViewOfSection"}},"children":[],"locations":[],"captures":{}},{"success":false,"node":{"type":"feature","feature":{"type":"api","api":"ZwMapViewOfSection"}},"children":[],"locations":[],"captures":{}},{"success":false,"node":{"type":"statement","statement":{"type":"and"}},"children":[{"success":false,"node":{"type":"feature","feature":{"type":"match","match":"link function at runtime on Windows"}},"children":[],"locations":[],"captures":{}},{"success":false,"node":{"type":"statement","statement":{"type":"or"}},"children":[{"success":false,"node":{"type":"feature","feature":{"type":"string","string":"VirtualAlloc"}},"children":[],"locations":[],"captures":{}},{"success":false,"node":{"type":"feature","feature":{"type":"string","string":"VirtualAllocEx"}},"children":[],"locations":[],"captures":{}},{"success":false,"node":{"type":"feature","feature":{"type":"string","string":"VirtualAllocExNuma"}},"children":[],"locations":[],"captures":{}},{"success":false,"node":{"type":"feature","feature":{"type":"string","string":"NtAllocateVirtualMemory"}},"children":[],"locations":[],"captures":{}},{"success":false,"node":{"type":"feature","feature":{"type":"string","string":"ZwAllocateVirtualMemory"}},"children":[],"locations":[],"captures":{}},{"success":false,"node":{"type":"feature","feature":{"type":"string","string":"NtMapViewOfSection"}},"children":[],"locations":[],"captures":{}},{"success":false,"node":{"type":"feature","feature":{"type":"string","string":"ZwMapViewOfSection"}},"children":[],"locations":[],"captures":{}}],"locations":[],"captures":{}}],"locations":[],"captures":{}}],"locations":[],"captures":{}}],"locations":[{"type":"absolute","value":4206644}],"captures":{}},{"success":false,"node":{"type":"feature","feature":{"type":"match","match":"change memory protection"}},"children":[],"locations":[],"captures":{}}],"locations":[],"captures":{}},{"success":true,"node":{"type":"statement","statement":{"type":"or"}},"children":[{"success":true,"node":{"type":"feature","feature":{"type":"number","number":64,"description":"PAGE_EXECUTE_READWRITE"}},"children":[],"locations":[{"type":"absolute","value":4206644}],"captures":{}},{"success":false,"node":{"type":"feature","feature":{"type":"match","match":"allocate or change RWX memory/dc639735ac794250a82dbcfddcb97136"}},"children":[],"locations":[],"captures":{}}],"locations":[],"captures":{}}],"locations":[],"captures":{}}],"locations":[{"type":"absolute","value":4206644}],"captures":{}},{"success":true,"node":{"type":"statement","statement":{"type":"or"}},"children":[{"success":true,"node":{"type":"feature","feature":{"type":"characteristic","characteristic":"indirect call"}},"children":[],"locations":[{"type":"absolute","value":4206698}],"captures":{}},{"success":false,"node":{"type":"feature","feature":{"type":"characteristic","characteristic":"cross section flow"}},"children":[],"locations":[],"captures":{}}],"locations":[],"captures":{}}],"locations":[],"captures":{}}]]}}}
