{"meta":{"timestamp":"2024-11-17T18:45:54.308106","version":"7.4.0","argv":["--os","windows","-j","./samples/rootkit/f3b5781e8c957933fe9db1f2b2160538da3336eb9b36cc3c95498eeef7831e2c"],"sample":{"md5":"703c4a3f67a90d72106cb3679016268a","sha1":"0af19a6b02f077c4c0f71a4aad7b5d8cbd4530b7","sha256":"f3b5781e8c957933fe9db1f2b2160538da3336eb9b36cc3c95498eeef7831e2c","path":"/samples/rootkit/f3b5781e8c957933fe9db1f2b2160538da3336eb9b36cc3c95498eeef7831e2c"},"flavor":"static","analysis":{"format":"pe","arch":"amd64","os":"windows","extractor":"VivisectFeatureExtractor","rules":["/tmp/_MEIUOik4d/rules"],"base_address":{"type":"absolute","value":5368709120},"layout":{"functions":[{"address":{"type":"absolute","value":5368832000},"matched_basic_blocks":[{"address":{"type":"absolute","value":5368832305}}]},{"address":{"type":"absolute","value":5368832912},"matched_basic_blocks":[{"address":{"type":"absolute","value":5368832912}},{"address":{"type":"absolute","value":5368833231}},{"address":{"type":"absolute","value":5368833363}},{"address":{"type":"absolute","value":5368833519}}]},{"address":{"type":"absolute","value":5368833804},"matched_basic_blocks":[{"address":{"type":"absolute","value":5368833926}},{"address":{"type":"absolute","value":5368833970}},{"address":{"type":"absolute","value":5368834002}},{"address":{"type":"absolute","value":5368834132}}]},{"address":{"type":"absolute","value":5368834160},"matched_basic_blocks":[{"address":{"type":"absolute","value":5368834160}},{"address":{"type":"absolute","value":5368834803}},{"address":{"type":"absolute","value":5368834907}},{"address":{"type":"absolute","value":5368834981}},{"address":{"type":"absolute","value":5368835066}},{"address":{"type":"absolute","value":5368835173}},{"address":{"type":"absolute","value":5368835525}}]},{"address":{"type":"absolute","value":5368835584},"matched_basic_blocks":[{"address":{"type":"absolute","value":5368835651}}]},{"address":{"type":"absolute","value":5368835700},"matched_basic_blocks":[{"address":{"type":"absolute","value":5368835772}},{"address":{"type":"absolute","value":5368835805}}]},{"address":{"type":"absolute","value":5368835812},"matched_basic_blocks":[{"address":{"type":"absolute","value":5368835927}},{"address":{"type":"absolute","value":5368835938}}]},{"address":{"type":"absolute","value":5368836188},"matched_basic_blocks":[{"address":{"type":"absolute","value":5368836188}},{"address":{"type":"absolute","value":5368836468}}]},{"address":{"type":"absolute","value":5368836492},"matched_basic_blocks":[{"address":{"type":"absolute","value":5368836526}},{"address":{"type":"absolute","value":5368836749}}]},{"address":{"type":"absolute","value":5368836756},"matched_basic_blocks":[{"address":{"type":"absolute","value":5368836883}},{"address":{"type":"absolute","value":5368837136}}]},{"address":{"type":"absolute","value":5368837288},"matched_basic_blocks":[{"address":{"type":"absolute","value":5368837378}},{"address":{"type":"absolute","value":5368837392}},{"address":{"type":"absolute","value":5368837409}},{"address":{"type":"absolute","value":5368837475}}]},{"address":{"type":"absolute","value":5368837488},"matched_basic_blocks":[{"address":{"type":"absolute","value":5368837488}},{"address":{"type":"absolute","value":5368837628}},{"address":{"type":"absolute","value":5368837678}},{"address":{"type":"absolute","value":5368837714}},{"address":{"type":"absolute","value":5368837720}}]},{"address":{"type":"absolute","value":5368837840},"matched_basic_blocks":[{"address":{"type":"absolute","value":5368838011}},{"address":{"type":"absolute","value":5368838333}},{"address":{"type":"absolute","value":5368838498}}]},{"address":{"type":"absolute","value":5368838524},"matched_basic_blocks":[{"address":{"type":"absolute","value":5368837821}},{"address":{"type":"absolute","value":5368837834}},{"address":{"type":"absolute","value":5368838670}}]},{"address":{"type":"absolute","value":5368838684},"matched_basic_blocks":[{"address":{"type":"absolute","value":5368838684}},{"address":{"type":"absolute","value":5368838960}}]},{"address":{"type":"absolute","value":5368838976},"matched_basic_blocks":[{"address":{"type":"absolute","value":5368839157}}]},{"address":{"type":"absolute","value":5368839416},"matched_basic_blocks":[{"address":{"type":"absolute","value":5368839499}}]},{"address":{"type":"absolute","value":5368839508},"matched_basic_blocks":[{"address":{"type":"absolute","value":5368839508}}]},{"address":{"type":"absolute","value":5368839568},"matched_basic_blocks":[{"address":{"type":"absolute","value":5368839568}}]},{"address":{"type":"absolute","value":5368839612},"matched_basic_blocks":[{"address":{"type":"absolute","value":5368839853}},{"address":{"type":"absolute","value":5368839932}}]},{"address":{"type":"absolute","value":5368839984},"matched_basic_blocks":[{"address":{"type":"absolute","value":5368840018}}]},{"address":{"type":"absolute","value":5368840032},"matched_basic_blocks":[{"address":{"type":"absolute","value":5368840032}},{"address":{"type":"absolute","value":5368840120}},{"address":{"type":"absolute","value":5368840179}},{"address":{"type":"absolute","value":5368840214}}]},{"address":{"type":"absolute","value":5368840228},"matched_basic_blocks":[{"address":{"type":"absolute","value":5368840228}},{"address":{"type":"absolute","value":5368840332}},{"address":{"type":"absolute","value":5368840484}},{"address":{"type":"absolute","value":5368840530}}]},{"address":{"type":"absolute","value":5368840632},"matched_basic_blocks":[{"address":{"type":"absolute","value":5368840632}},{"address":{"type":"absolute","value":5368840680}},{"address":{"type":"absolute","value":5368840692}},{"address":{"type":"absolute","value":5368840794}},{"address":{"type":"absolute","value":5368840825}}]},{"address":{"type":"absolute","value":5368841024},"matched_basic_blocks":[{"address":{"type":"absolute","value":5368841120}},{"address":{"type":"absolute","value":5368841170}},{"address":{"type":"absolute","value":5368841183}},{"address":{"type":"absolute","value":5368841201}},{"address":{"type":"absolute","value":5368841280}},{"address":{"type":"absolute","value":5368841344}},{"address":{"type":"absolute","value":5368841472}},{"address":{"type":"absolute","value":5368841536}}]},{"address":{"type":"absolute","value":5368845056},"matched_basic_blocks":[{"address":{"type":"absolute","value":5368845072}},{"address":{"type":"absolute","value":5368845232}},{"address":{"type":"absolute","value":5368845260}},{"address":{"type":"absolute","value":5368845274}},{"address":{"type":"absolute","value":5368845277}},{"address":{"type":"absolute","value":5368845299}}]},{"address":{"type":"absolute","value":5368845088},"matched_basic_blocks":[{"address":{"type":"absolute","value":5368845093}}]},{"address":{"type":"absolute","value":5368845152},"matched_basic_blocks":[{"address":{"type":"absolute","value":5368845255}},{"address":{"type":"absolute","value":5368845272}},{"address":{"type":"absolute","value":5368845274}}]},{"address":{"type":"absolute","value":5368845184},"matched_basic_blocks":[{"address":{"type":"absolute","value":5368845232}},{"address":{"type":"absolute","value":5368845260}},{"address":{"type":"absolute","value":5368845299}},{"address":{"type":"absolute","value":5368845301}}]},{"address":{"type":"absolute","value":5368845216},"matched_basic_blocks":[{"address":{"type":"absolute","value":5368845232}},{"address":{"type":"absolute","value":5368845255}},{"address":{"type":"absolute","value":5368845260}},{"address":{"type":"absolute","value":5368845324}},{"address":{"type":"absolute","value":5368845325}},{"address":{"type":"absolute","value":5368845341}},{"address":{"type":"absolute","value":5368845397}}]}]},"feature_counts":{"file":1022,"functions":[{"address":{"type":"absolute","value":5368832000},"count":72},{"address":{"type":"absolute","value":5368832912},"count":140},{"address":{"type":"absolute","value":5368833804},"count":105},{"address":{"type":"absolute","value":5368834160},"count":154},{"address":{"type":"absolute","value":5368835584},"count":31},{"address":{"type":"absolute","value":5368835700},"count":46},{"address":{"type":"absolute","value":5368835812},"count":79},{"address":{"type":"absolute","value":5368836188},"count":80},{"address":{"type":"absolute","value":5368836492},"count":86},{"address":{"type":"absolute","value":5368836756},"count":92},{"address":{"type":"absolute","value":5368837288},"count":57},{"address":{"type":"absolute","value":5368837488},"count":68},{"address":{"type":"absolute","value":5368837840},"count":113},{"address":{"type":"absolute","value":5368838524},"count":37},{"address":{"type":"absolute","value":5368838684},"count":65},{"address":{"type":"absolute","value":5368838976},"count":61},{"address":{"type":"absolute","value":5368839239},"count":8},{"address":{"type":"absolute","value":5368839245},"count":8},{"address":{"type":"absolute","value":5368839257},"count":8},{"address":{"type":"absolute","value":5368839263},"count":8},{"address":{"type":"absolute","value":5368839269},"count":8},{"address":{"type":"absolute","value":5368839408},"count":8},{"address":{"type":"absolute","value":5368839416},"count":38},{"address":{"type":"absolute","value":5368839508},"count":17},{"address":{"type":"absolute","value":5368839568},"count":20},{"address":{"type":"absolute","value":5368839612},"count":71},{"address":{"type":"absolute","value":5368839984},"count":19},{"address":{"type":"absolute","value":5368840032},"count":67},{"address":{"type":"absolute","value":5368840228},"count":86},{"address":{"type":"absolute","value":5368840612},"count":11},{"address":{"type":"absolute","value":5368840632},"count":68},{"address":{"type":"absolute","value":5368840848},"count":7},{"address":{"type":"absolute","value":5368840864},"count":8},{"address":{"type":"absolute","value":5368840870},"count":8},{"address":{"type":"absolute","value":5368840876},"count":8},{"address":{"type":"absolute","value":5368840896},"count":8},{"address":{"type":"absolute","value":5368840912},"count":8},{"address":{"type":"absolute","value":5368841024},"count":85},{"address":{"type":"absolute","value":5368845056},"count":52},{"address":{"type":"absolute","value":5368845088},"count":17},{"address":{"type":"absolute","value":5368845152},"count":42},{"address":{"type":"absolute","value":5368845184},"count":39},{"address":{"type":"absolute","value":5368845216},"count":50},{"address":{"type":"absolute","value":5368860672},"count":21}]},"library_functions":[{"address":{"type":"absolute","value":5368839200},"name":"__security_check_cookie"},{"address":{"type":"absolute","value":5368839968},"name":"??$NumericLimitsMax@_K@CryptoPP@@YA_KXZ"},{"address":{"type":"absolute","value":5368840944},"name":"_guard_dispatch_icall_nop"}]}},"rules":{"delay execution":{"meta":{"name":"delay execution","authors":["michael.hunhoff@mandiant.com","@ramen0x3f"],"scopes":{"static":"basic block","dynamic":"call"},"attack":[],"mbc":[{"parts":["Anti-Behavioral Analysis","Dynamic Analysis Evasion","Delayed Execution"],"objective":"Anti-Behavioral Analysis","behavior":"Dynamic Analysis Evasion","method":"Delayed Execution","id":"B0003.003"}],"references":["https://docs.microsoft.com/en-us/windows/win32/sync/wait-functions","https://github.com/LordNoteworthy/al-khaser/blob/master/al-khaser/TimingAttacks/timing.cpp"],"examples":["al-khaser_x86.exe_:0x449770","B5F85C26D7AA5A1FB4AF5821B6B5AB9B:0x402FA6"],"description":"","lib":true,"is_subscope_rule":false,"maec":{}},"source":"rule:\n  meta:\n    name: delay execution\n    authors:\n      - michael.hunhoff@mandiant.com\n      - \"@ramen0x3f\"\n    lib: true\n    scopes:\n      static: basic block\n      dynamic: call\n    mbc:\n      - Anti-Behavioral Analysis::Dynamic Analysis Evasion::Delayed Execution [B0003.003]\n    references:\n      - https://docs.microsoft.com/en-us/windows/win32/sync/wait-functions\n      - https://github.com/LordNoteworthy/al-khaser/blob/master/al-khaser/TimingAttacks/timing.cpp\n    examples:\n      - al-khaser_x86.exe_:0x449770\n      - B5F85C26D7AA5A1FB4AF5821B6B5AB9B:0x402FA6\n  features:\n    - or:\n      - and:\n        - os: windows\n        - or:\n          - api: kernel32.Sleep\n          - api: kernel32.SleepEx\n          - api: kernel32.WaitForSingleObject\n          - api: kernel32.SignalObjectAndWait\n          - api: kernel32.WaitForSingleObjectEx\n          - api: kernel32.WaitForMultipleObjects\n          - api: kernel32.WaitForMultipleObjectsEx\n          - api: kernel32.RegisterWaitForSingleObject\n          - api: WaitOnAddress\n          - api: user32.MsgWaitForMultipleObjects\n          - api: user32.MsgWaitForMultipleObjectsEx\n          - api: NtDelayExecution\n          - api: KeWaitForSingleObject\n          - api: KeDelayExecutionThread\n      - and:\n        - or:\n          - os: linux\n          - os: android\n        - or:\n          - api: sleep\n          - api: usleep\n","matches":[[{"type":"absolute","value":5368832912},{"success":true,"node":{"type":"statement","statement":{"type":"or"}},"children":[{"success":false,"node":{"type":"statement","statement":{"type":"and"}},"children":[{"success":false,"node":{"type":"statement","statement":{"type":"or"}},"children":[{"success":false,"node":{"type":"feature","feature":{"type":"os","os":"linux"}},"children":[],"locations":[],"captures":{}},{"success":false,"node":{"type":"feature","feature":{"type":"os","os":"android"}},"children":[],"locations":[],"captures":{}}],"locations":[],"captures":{}},{"success":false,"node":{"type":"statement","statement":{"type":"or"}},"children":[{"success":false,"node":{"type":"feature","feature":{"type":"api","api":"sleep"}},"children":[],"locations":[],"captures":{}},{"success":false,"node":{"type":"feature","feature":{"type":"api","api":"usleep"}},"children":[],"locations":[],"captures":{}}],"locations":[],"captures":{}}],"locations":[],"captures":{}},{"success":true,"node":{"type":"statement","statement":{"type":"and"}},"children":[{"success":true,"node":{"type":"feature","feature":{"type":"os","os":"windows"}},"children":[],"locations":[{"type":"no address"}],"captures":{}},{"success":true,"node":{"type":"statement","statement":{"type":"or"}},"children":[{"success":false,"node":{"type":"feature","feature":{"type":"api","api":"Sleep"}},"children":[],"locations":[],"captures":{}},{"success":false,"node":{"type":"feature","feature":{"type":"api","api":"SleepEx"}},"children":[],"locations":[],"captures":{}},{"success":false,"node":{"type":"feature","feature":{"type":"api","api":"WaitForSingleObject"}},"children":[],"locations":[],"captures":{}},{"success":false,"node":{"type":"feature","feature":{"type":"api","api":"SignalObjectAndWait"}},"children":[],"locations":[],"captures":{}},{"success":false,"node":{"type":"feature","feature":{"type":"api","api":"WaitForSingleObjectEx"}},"children":[],"locations":[],"captures":{}},{"success":false,"node":{"type":"feature","feature":{"type":"api","api":"WaitForMultipleObjects"}},"children":[],"locations":[],"captures":{}},{"success":false,"node":{"type":"feature","feature":{"type":"api","api":"WaitForMultipleObjectsEx"}},"children":[],"locations":[],"captures":{}},{"success":false,"node":{"type":"feature","feature":{"type":"api","api":"RegisterWaitForSingleObject"}},"children":[],"locations":[],"captures":{}},{"success":false,"node":{"type":"feature","feature":{"type":"api","api":"WaitOnAddress"}},"children":[],"locations":[],"captures":{}},{"success":false,"node":{"type":"feature","feature":{"type":"api","api":"MsgWaitForMultipleObjects"}},"children":[],"locations":[],"captures":{}},{"success":false,"node":{"type":"feature","feature":{"type":"api","api":"MsgWaitForMultipleObjectsEx"}},"children":[],"locations":[],"captures":{}},{"success":false,"node":{"type":"feature","feature":{"type":"api","api":"NtDelayExecution"}},"children":[],"locations":[],"captures":{}},{"success":true,"node":{"type":"feature","feature":{"type":"api","api":"KeWaitForSingleObject"}},"children":[],"locations":[{"type":"absolute","value":5368833007}],"captures":{}},{"success":false,"node":{"type":"feature","feature":{"type":"api","api":"KeDelayExecutionThread"}},"children":[],"locations":[],"captures":{}}],"locations":[],"captures":{}}],"locations":[],"captures":{}}],"locations":[],"captures":{}}]]},"create or open file":{"meta":{"name":"create or open file","authors":["michael.hunhoff@mandiant.com","joakim@intezer.com"],"scopes":{"static":"basic block","dynamic":"call"},"attack":[],"mbc":[{"parts":["File System","Create File"],"objective":"File System","behavior":"Create File","method":"","id":"C0016"}],"references":[],"examples":["B5F85C26D7AA5A1FB4AF5821B6B5AB9B:0x401D7E"],"description":"","lib":true,"is_subscope_rule":false,"maec":{}},"source":"rule:\n  meta:\n    name: create or open file\n    authors:\n      - michael.hunhoff@mandiant.com\n      - joakim@intezer.com\n    lib: true\n    scopes:\n      static: basic block\n      dynamic: call\n    mbc:\n      - File System::Create File [C0016]\n    examples:\n      - B5F85C26D7AA5A1FB4AF5821B6B5AB9B:0x401D7E\n  features:\n    - or:\n      - api: CreateFile\n      - api: CreateFileEx\n      - api: IoCreateFile\n      - api: IoCreateFileEx\n      - api: ZwOpenFile\n      - api: ZwCreateFile\n      - api: NtOpenFile\n      - api: NtCreateFile\n      - api: LZCreateFile\n      - api: LZOpenFile\n      - api: fopen\n      - api: fopen64\n      - api: fdopen\n      - api: freopen\n      - api: open\n      - api: openat\n","matches":[[{"type":"absolute","value":5368833363},{"success":true,"node":{"type":"statement","statement":{"type":"or"}},"children":[{"success":false,"node":{"type":"feature","feature":{"type":"api","api":"CreateFile"}},"children":[],"locations":[],"captures":{}},{"success":false,"node":{"type":"feature","feature":{"type":"api","api":"CreateFileEx"}},"children":[],"locations":[],"captures":{}},{"success":true,"node":{"type":"feature","feature":{"type":"api","api":"IoCreateFile"}},"children":[],"locations":[{"type":"absolute","value":5368833472}],"captures":{}},{"success":false,"node":{"type":"feature","feature":{"type":"api","api":"IoCreateFileEx"}},"children":[],"locations":[],"captures":{}},{"success":false,"node":{"type":"feature","feature":{"type":"api","api":"ZwOpenFile"}},"children":[],"locations":[],"captures":{}},{"success":false,"node":{"type":"feature","feature":{"type":"api","api":"ZwCreateFile"}},"children":[],"locations":[],"captures":{}},{"success":false,"node":{"type":"feature","feature":{"type":"api","api":"NtOpenFile"}},"children":[],"locations":[],"captures":{}},{"success":false,"node":{"type":"feature","feature":{"type":"api","api":"NtCreateFile"}},"children":[],"locations":[],"captures":{}},{"success":false,"node":{"type":"feature","feature":{"type":"api","api":"LZCreateFile"}},"children":[],"locations":[],"captures":{}},{"success":false,"node":{"type":"feature","feature":{"type":"api","api":"LZOpenFile"}},"children":[],"locations":[],"captures":{}},{"success":false,"node":{"type":"feature","feature":{"type":"api","api":"fopen"}},"children":[],"locations":[],"captures":{}},{"success":false,"node":{"type":"feature","feature":{"type":"api","api":"fopen64"}},"children":[],"locations":[],"captures":{}},{"success":false,"node":{"type":"feature","feature":{"type":"api","api":"fdopen"}},"children":[],"locations":[],"captures":{}},{"success":false,"node":{"type":"feature","feature":{"type":"api","api":"freopen"}},"children":[],"locations":[],"captures":{}},{"success":false,"node":{"type":"feature","feature":{"type":"api","api":"open"}},"children":[],"locations":[],"captures":{}},{"success":false,"node":{"type":"feature","feature":{"type":"api","api":"openat"}},"children":[],"locations":[],"captures":{}}],"locations":[],"captures":{}}],[{"type":"absolute","value":5368833519},{"success":true,"node":{"type":"statement","statement":{"type":"or"}},"children":[{"success":false,"node":{"type":"feature","feature":{"type":"api","api":"CreateFile"}},"children":[],"locations":[],"captures":{}},{"success":false,"node":{"type":"feature","feature":{"type":"api","api":"CreateFileEx"}},"children":[],"locations":[],"captures":{}},{"success":true,"node":{"type":"feature","feature":{"type":"api","api":"IoCreateFile"}},"children":[],"locations":[{"type":"absolute","value":5368833628}],"captures":{}},{"success":false,"node":{"type":"feature","feature":{"type":"api","api":"IoCreateFileEx"}},"children":[],"locations":[],"captures":{}},{"success":false,"node":{"type":"feature","feature":{"type":"api","api":"ZwOpenFile"}},"children":[],"locations":[],"captures":{}},{"success":false,"node":{"type":"feature","feature":{"type":"api","api":"ZwCreateFile"}},"children":[],"locations":[],"captures":{}},{"success":false,"node":{"type":"feature","feature":{"type":"api","api":"NtOpenFile"}},"children":[],"locations":[],"captures":{}},{"success":false,"node":{"type":"feature","feature":{"type":"api","api":"NtCreateFile"}},"children":[],"locations":[],"captures":{}},{"success":false,"node":{"type":"feature","feature":{"type":"api","api":"LZCreateFile"}},"children":[],"locations":[],"captures":{}},{"success":false,"node":{"type":"feature","feature":{"type":"api","api":"LZOpenFile"}},"children":[],"locations":[],"captures":{}},{"success":false,"node":{"type":"feature","feature":{"type":"api","api":"fopen"}},"children":[],"locations":[],"captures":{}},{"success":false,"node":{"type":"feature","feature":{"type":"api","api":"fopen64"}},"children":[],"locations":[],"captures":{}},{"success":false,"node":{"type":"feature","feature":{"type":"api","api":"fdopen"}},"children":[],"locations":[],"captures":{}},{"success":false,"node":{"type":"feature","feature":{"type":"api","api":"freopen"}},"children":[],"locations":[],"captures":{}},{"success":false,"node":{"type":"feature","feature":{"type":"api","api":"open"}},"children":[],"locations":[],"captures":{}},{"success":false,"node":{"type":"feature","feature":{"type":"api","api":"openat"}},"children":[],"locations":[],"captures":{}}],"locations":[],"captures":{}}],[{"type":"absolute","value":5368838333},{"success":true,"node":{"type":"statement","statement":{"type":"or"}},"children":[{"success":false,"node":{"type":"feature","feature":{"type":"api","api":"CreateFile"}},"children":[],"locations":[],"captures":{}},{"success":false,"node":{"type":"feature","feature":{"type":"api","api":"CreateFileEx"}},"children":[],"locations":[],"captures":{}},{"success":false,"node":{"type":"feature","feature":{"type":"api","api":"IoCreateFile"}},"children":[],"locations":[],"captures":{}},{"success":false,"node":{"type":"feature","feature":{"type":"api","api":"IoCreateFileEx"}},"children":[],"locations":[],"captures":{}},{"success":false,"node":{"type":"feature","feature":{"type":"api","api":"ZwOpenFile"}},"children":[],"locations":[],"captures":{}},{"success":true,"node":{"type":"feature","feature":{"type":"api","api":"ZwCreateFile"}},"children":[],"locations":[{"type":"absolute","value":5368838428}],"captures":{}},{"success":false,"node":{"type":"feature","feature":{"type":"api","api":"NtOpenFile"}},"children":[],"locations":[],"captures":{}},{"success":false,"node":{"type":"feature","feature":{"type":"api","api":"NtCreateFile"}},"children":[],"locations":[],"captures":{}},{"success":false,"node":{"type":"feature","feature":{"type":"api","api":"LZCreateFile"}},"children":[],"locations":[],"captures":{}},{"success":false,"node":{"type":"feature","feature":{"type":"api","api":"LZOpenFile"}},"children":[],"locations":[],"captures":{}},{"success":false,"node":{"type":"feature","feature":{"type":"api","api":"fopen"}},"children":[],"locations":[],"captures":{}},{"success":false,"node":{"type":"feature","feature":{"type":"api","api":"fopen64"}},"children":[],"locations":[],"captures":{}},{"success":false,"node":{"type":"feature","feature":{"type":"api","api":"fdopen"}},"children":[],"locations":[],"captures":{}},{"success":false,"node":{"type":"feature","feature":{"type":"api","api":"freopen"}},"children":[],"locations":[],"captures":{}},{"success":false,"node":{"type":"feature","feature":{"type":"api","api":"open"}},"children":[],"locations":[],"captures":{}},{"success":false,"node":{"type":"feature","feature":{"type":"api","api":"openat"}},"children":[],"locations":[],"captures":{}}],"locations":[],"captures":{}}]]},"complete processing asynchronous IO request":{"meta":{"name":"complete processing asynchronous IO request","namespace":"host-interaction/driver","authors":["moritz.raabe@mandiant.com"],"scopes":{"static":"basic block","dynamic":"thread"},"attack":[],"mbc":[],"references":[],"examples":["Practical Malware Analysis Lab 10-03.sys_:0x10666"],"description":"signals that driver has finished all processing for a given IRP (part of major function)","lib":false,"is_subscope_rule":false,"maec":{}},"source":"rule:\n  meta:\n    name: complete processing asynchronous IO request\n    namespace: host-interaction/driver\n    authors:\n      - moritz.raabe@mandiant.com\n    description: signals that driver has finished all processing for a given IRP (part of major function)\n    scopes:\n      static: basic block\n      dynamic: thread\n    examples:\n      - Practical Malware Analysis Lab 10-03.sys_:0x10666\n  features:\n    - or:\n      - api: IoCompleteRequest\n      - api: IofCompleteRequest\n","matches":[[{"type":"absolute","value":5368835525},{"success":true,"node":{"type":"statement","statement":{"type":"or"}},"children":[{"success":false,"node":{"type":"feature","feature":{"type":"api","api":"IoCompleteRequest"}},"children":[],"locations":[],"captures":{}},{"success":true,"node":{"type":"feature","feature":{"type":"api","api":"IofCompleteRequest"}},"children":[],"locations":[{"type":"absolute","value":5368835547}],"captures":{}}],"locations":[],"captures":{}}]]},"get file attributes":{"meta":{"name":"get file attributes","namespace":"host-interaction/file-system/meta","authors":["michael.hunhoff@mandiant.com","anushka.virgaonkar@mandiant.com"],"scopes":{"static":"basic block","dynamic":"call"},"attack":[],"mbc":[{"parts":["File System","Get File Attributes"],"objective":"File System","behavior":"Get File Attributes","method":"","id":"C0049"}],"references":[],"examples":["03B236B23B1EC37C663527C1F53AF3FE:0x180019824","B5F85C26D7AA5A1FB4AF5821B6B5AB9B:0x4028B6","B5F85C26D7AA5A1FB4AF5821B6B5AB9B:0x4029E0"],"description":"","lib":false,"is_subscope_rule":false,"maec":{}},"source":"rule:\n  meta:\n    name: get file attributes\n    namespace: host-interaction/file-system/meta\n    authors:\n      - michael.hunhoff@mandiant.com\n      - anushka.virgaonkar@mandiant.com\n    scopes:\n      static: basic block\n      dynamic: call\n    mbc:\n      - File System::Get File Attributes [C0049]\n    examples:\n      - 03B236B23B1EC37C663527C1F53AF3FE:0x180019824\n      - B5F85C26D7AA5A1FB4AF5821B6B5AB9B:0x4028B6\n      - B5F85C26D7AA5A1FB4AF5821B6B5AB9B:0x4029E0\n  features:\n    - or:\n      - api: kernel32.GetFileAttributes\n      - api: ZwQueryDirectoryFile\n      - api: ZwQueryInformationFile\n      - api: NtQueryDirectoryFile\n      - api: NtQueryInformationFile\n      - api: System.IO.File::GetAttributes\n      - api: System.IO.File::GetCreationTime\n      - api: System.IO.File::GetCreationTimeUtc\n      - api: System.IO.File::GetLastAccessTime\n      - api: System.IO.File::GetLastAccessTimeUtc\n      - api: System.IO.File::GetLastWriteTime\n      - api: System.IO.File::GetLastWriteTimeUtc\n      - property/read: System.IO.FileSystemInfo::Attributes\n      - api: stat\n      - api: fstat\n      - api: lstat\n      - api: fstatat\n","matches":[[{"type":"absolute","value":5368838011},{"success":true,"node":{"type":"statement","statement":{"type":"or"}},"children":[{"success":false,"node":{"type":"feature","feature":{"type":"api","api":"GetFileAttributes"}},"children":[],"locations":[],"captures":{}},{"success":false,"node":{"type":"feature","feature":{"type":"api","api":"ZwQueryDirectoryFile"}},"children":[],"locations":[],"captures":{}},{"success":true,"node":{"type":"feature","feature":{"type":"api","api":"ZwQueryInformationFile"}},"children":[],"locations":[{"type":"absolute","value":5368838045}],"captures":{}},{"success":false,"node":{"type":"feature","feature":{"type":"api","api":"NtQueryDirectoryFile"}},"children":[],"locations":[],"captures":{}},{"success":false,"node":{"type":"feature","feature":{"type":"api","api":"NtQueryInformationFile"}},"children":[],"locations":[],"captures":{}},{"success":false,"node":{"type":"feature","feature":{"type":"api","api":"System.IO.File::GetAttributes"}},"children":[],"locations":[],"captures":{}},{"success":false,"node":{"type":"feature","feature":{"type":"api","api":"System.IO.File::GetCreationTime"}},"children":[],"locations":[],"captures":{}},{"success":false,"node":{"type":"feature","feature":{"type":"api","api":"System.IO.File::GetCreationTimeUtc"}},"children":[],"locations":[],"captures":{}},{"success":false,"node":{"type":"feature","feature":{"type":"api","api":"System.IO.File::GetLastAccessTime"}},"children":[],"locations":[],"captures":{}},{"success":false,"node":{"type":"feature","feature":{"type":"api","api":"System.IO.File::GetLastAccessTimeUtc"}},"children":[],"locations":[],"captures":{}},{"success":false,"node":{"type":"feature","feature":{"type":"api","api":"System.IO.File::GetLastWriteTime"}},"children":[],"locations":[],"captures":{}},{"success":false,"node":{"type":"feature","feature":{"type":"api","api":"System.IO.File::GetLastWriteTimeUtc"}},"children":[],"locations":[],"captures":{}},{"success":false,"node":{"type":"feature","feature":{"type":"property","access":"read","property":"System.IO.FileSystemInfo::Attributes"}},"children":[],"locations":[],"captures":{}},{"success":false,"node":{"type":"feature","feature":{"type":"api","api":"stat"}},"children":[],"locations":[],"captures":{}},{"success":false,"node":{"type":"feature","feature":{"type":"api","api":"fstat"}},"children":[],"locations":[],"captures":{}},{"success":false,"node":{"type":"feature","feature":{"type":"api","api":"lstat"}},"children":[],"locations":[],"captures":{}},{"success":false,"node":{"type":"feature","feature":{"type":"api","api":"fstatat"}},"children":[],"locations":[],"captures":{}}],"locations":[],"captures":{}}]]},"create device object":{"meta":{"name":"create device object","namespace":"host-interaction/driver","authors":["@mr-tz"],"scopes":{"static":"function","dynamic":"thread"},"attack":[],"mbc":[],"references":[],"examples":["Practical Malware Analysis Lab 10-03.sys_:0x00010706"],"description":"","lib":false,"is_subscope_rule":false,"maec":{}},"source":"rule:\n  meta:\n    name: create device object\n    namespace: host-interaction/driver\n    authors:\n      - \"@mr-tz\"\n    scopes:\n      static: function\n      dynamic: thread\n    examples:\n      - Practical Malware Analysis Lab 10-03.sys_:0x00010706\n  features:\n    - and:\n      - api: IoCreateDevice\n      - optional:\n        - description: sets up a symbolic link between a device object name and a user-visible name for the device\n        - api: IoCreateSymbolicLink\n","matches":[[{"type":"absolute","value":5368832000},{"success":true,"node":{"type":"statement","statement":{"type":"and"}},"children":[{"success":true,"node":{"type":"feature","feature":{"type":"api","api":"IoCreateDevice"}},"children":[],"locations":[{"type":"absolute","value":5368832106}],"captures":{}},{"success":true,"node":{"type":"statement","statement":{"type":"optional","description":"sets up a symbolic link between a device object name and a user-visible name for the device"}},"children":[{"success":true,"node":{"type":"feature","feature":{"type":"api","api":"IoCreateSymbolicLink"}},"children":[],"locations":[{"type":"absolute","value":5368832130}],"captures":{}}],"locations":[],"captures":{}}],"locations":[],"captures":{}}]]},"print debug messages":{"meta":{"name":"print debug messages","namespace":"host-interaction/log/debug/write-event","authors":["michael.hunhoff@mandiant.com"],"scopes":{"static":"function","dynamic":"call"},"attack":[],"mbc":[],"references":[],"examples":["493167E85E45363D09495D0841C30648:0x401000"],"description":"","lib":false,"is_subscope_rule":false,"maec":{}},"source":"rule:\n  meta:\n    name: print debug messages\n    namespace: host-interaction/log/debug/write-event\n    authors:\n      - michael.hunhoff@mandiant.com\n    scopes:\n      static: function\n      dynamic: call\n    examples:\n      - 493167E85E45363D09495D0841C30648:0x401000\n  features:\n    - or:\n      - api: DbgPrint\n      - api: kernel32.OutputDebugString\n      - and:\n        - os: android\n        - api: __android_log_print\n","matches":[[{"type":"absolute","value":5368832000},{"success":true,"node":{"type":"statement","statement":{"type":"or"}},"children":[{"success":true,"node":{"type":"feature","feature":{"type":"api","api":"DbgPrint"}},"children":[],"locations":[{"type":"absolute","value":5368832194},{"type":"absolute","value":5368832182},{"type":"absolute","value":5368832023},{"type":"absolute","value":5368832221},{"type":"absolute","value":5368832047},{"type":"absolute","value":5368832143}],"captures":{}},{"success":false,"node":{"type":"feature","feature":{"type":"api","api":"OutputDebugString"}},"children":[],"locations":[],"captures":{}},{"success":false,"node":{"type":"statement","statement":{"type":"and"}},"children":[{"success":false,"node":{"type":"feature","feature":{"type":"os","os":"android"}},"children":[],"locations":[],"captures":{}},{"success":false,"node":{"type":"feature","feature":{"type":"api","api":"__android_log_print"}},"children":[],"locations":[],"captures":{}}],"locations":[],"captures":{}}],"locations":[],"captures":{}}],[{"type":"absolute","value":5368832912},{"success":true,"node":{"type":"statement","statement":{"type":"or"}},"children":[{"success":true,"node":{"type":"feature","feature":{"type":"api","api":"DbgPrint"}},"children":[],"locations":[{"type":"absolute","value":5368833344},{"type":"absolute","value":5368833314},{"type":"absolute","value":5368833144},{"type":"absolute","value":5368833164},{"type":"absolute","value":5368833358}],"captures":{}},{"success":false,"node":{"type":"feature","feature":{"type":"api","api":"OutputDebugString"}},"children":[],"locations":[],"captures":{}},{"success":false,"node":{"type":"statement","statement":{"type":"and"}},"children":[{"success":false,"node":{"type":"feature","feature":{"type":"os","os":"android"}},"children":[],"locations":[],"captures":{}},{"success":false,"node":{"type":"feature","feature":{"type":"api","api":"__android_log_print"}},"children":[],"locations":[],"captures":{}}],"locations":[],"captures":{}}],"locations":[],"captures":{}}],[{"type":"absolute","value":5368833804},{"success":true,"node":{"type":"statement","statement":{"type":"or"}},"children":[{"success":true,"node":{"type":"feature","feature":{"type":"api","api":"DbgPrint"}},"children":[],"locations":[{"type":"absolute","value":5368833939},{"type":"absolute","value":5368833956},{"type":"absolute","value":5368833899},{"type":"absolute","value":5368834108},{"type":"absolute","value":5368834124}],"captures":{}},{"success":false,"node":{"type":"feature","feature":{"type":"api","api":"OutputDebugString"}},"children":[],"locations":[],"captures":{}},{"success":false,"node":{"type":"statement","statement":{"type":"and"}},"children":[{"success":false,"node":{"type":"feature","feature":{"type":"os","os":"android"}},"children":[],"locations":[],"captures":{}},{"success":false,"node":{"type":"feature","feature":{"type":"api","api":"__android_log_print"}},"children":[],"locations":[],"captures":{}}],"locations":[],"captures":{}}],"locations":[],"captures":{}}],[{"type":"absolute","value":5368834160},{"success":true,"node":{"type":"statement","statement":{"type":"or"}},"children":[{"success":true,"node":{"type":"feature","feature":{"type":"api","api":"DbgPrint"}},"children":[],"locations":[{"type":"absolute","value":5368834585},{"type":"absolute","value":5368835412},{"type":"absolute","value":5368834709},{"type":"absolute","value":5368834766}],"captures":{}},{"success":false,"node":{"type":"feature","feature":{"type":"api","api":"OutputDebugString"}},"children":[],"locations":[],"captures":{}},{"success":false,"node":{"type":"statement","statement":{"type":"and"}},"children":[{"success":false,"node":{"type":"feature","feature":{"type":"os","os":"android"}},"children":[],"locations":[],"captures":{}},{"success":false,"node":{"type":"feature","feature":{"type":"api","api":"__android_log_print"}},"children":[],"locations":[],"captures":{}}],"locations":[],"captures":{}}],"locations":[],"captures":{}}],[{"type":"absolute","value":5368835584},{"success":true,"node":{"type":"statement","statement":{"type":"or"}},"children":[{"success":true,"node":{"type":"feature","feature":{"type":"api","api":"DbgPrint"}},"children":[],"locations":[{"type":"absolute","value":5368839245},{"type":"absolute","value":5368835686}],"captures":{}},{"success":false,"node":{"type":"feature","feature":{"type":"api","api":"OutputDebugString"}},"children":[],"locations":[],"captures":{}},{"success":false,"node":{"type":"statement","statement":{"type":"and"}},"children":[{"success":false,"node":{"type":"feature","feature":{"type":"os","os":"android"}},"children":[],"locations":[],"captures":{}},{"success":false,"node":{"type":"feature","feature":{"type":"api","api":"__android_log_print"}},"children":[],"locations":[],"captures":{}}],"locations":[],"captures":{}}],"locations":[],"captures":{}}],[{"type":"absolute","value":5368835700},{"success":true,"node":{"type":"statement","statement":{"type":"or"}},"children":[{"success":true,"node":{"type":"feature","feature":{"type":"api","api":"DbgPrint"}},"children":[],"locations":[{"type":"absolute","value":5368835762},{"type":"absolute","value":5368835794},{"type":"absolute","value":5368835746}],"captures":{}},{"success":false,"node":{"type":"feature","feature":{"type":"api","api":"OutputDebugString"}},"children":[],"locations":[],"captures":{}},{"success":false,"node":{"type":"statement","statement":{"type":"and"}},"children":[{"success":false,"node":{"type":"feature","feature":{"type":"os","os":"android"}},"children":[],"locations":[],"captures":{}},{"success":false,"node":{"type":"feature","feature":{"type":"api","api":"__android_log_print"}},"children":[],"locations":[],"captures":{}}],"locations":[],"captures":{}}],"locations":[],"captures":{}}],[{"type":"absolute","value":5368835812},{"success":true,"node":{"type":"statement","statement":{"type":"or"}},"children":[{"success":true,"node":{"type":"feature","feature":{"type":"api","api":"DbgPrint"}},"children":[],"locations":[{"type":"absolute","value":5368835876},{"type":"absolute","value":5368836069},{"type":"absolute","value":5368836040},{"type":"absolute","value":5368835896},{"type":"absolute","value":5368836060}],"captures":{}},{"success":false,"node":{"type":"feature","feature":{"type":"api","api":"OutputDebugString"}},"children":[],"locations":[],"captures":{}},{"success":false,"node":{"type":"statement","statement":{"type":"and"}},"children":[{"success":false,"node":{"type":"feature","feature":{"type":"os","os":"android"}},"children":[],"locations":[],"captures":{}},{"success":false,"node":{"type":"feature","feature":{"type":"api","api":"__android_log_print"}},"children":[],"locations":[],"captures":{}}],"locations":[],"captures":{}}],"locations":[],"captures":{}}],[{"type":"absolute","value":5368836188},{"success":true,"node":{"type":"statement","statement":{"type":"or"}},"children":[{"success":true,"node":{"type":"feature","feature":{"type":"api","api":"DbgPrint"}},"children":[],"locations":[{"type":"absolute","value":5368836376},{"type":"absolute","value":5368836235}],"captures":{}},{"success":false,"node":{"type":"feature","feature":{"type":"api","api":"OutputDebugString"}},"children":[],"locations":[],"captures":{}},{"success":false,"node":{"type":"statement","statement":{"type":"and"}},"children":[{"success":false,"node":{"type":"feature","feature":{"type":"os","os":"android"}},"children":[],"locations":[],"captures":{}},{"success":false,"node":{"type":"feature","feature":{"type":"api","api":"__android_log_print"}},"children":[],"locations":[],"captures":{}}],"locations":[],"captures":{}}],"locations":[],"captures":{}}],[{"type":"absolute","value":5368836492},{"success":true,"node":{"type":"statement","statement":{"type":"or"}},"children":[{"success":true,"node":{"type":"feature","feature":{"type":"api","api":"DbgPrint"}},"children":[],"locations":[{"type":"absolute","value":5368836513},{"type":"absolute","value":5368836613},{"type":"absolute","value":5368836711},{"type":"absolute","value":5368836699},{"type":"absolute","value":5368836639},{"type":"absolute","value":5368836671}],"captures":{}},{"success":false,"node":{"type":"feature","feature":{"type":"api","api":"OutputDebugString"}},"children":[],"locations":[],"captures":{}},{"success":false,"node":{"type":"statement","statement":{"type":"and"}},"children":[{"success":false,"node":{"type":"feature","feature":{"type":"os","os":"android"}},"children":[],"locations":[],"captures":{}},{"success":false,"node":{"type":"feature","feature":{"type":"api","api":"__android_log_print"}},"children":[],"locations":[],"captures":{}}],"locations":[],"captures":{}}],"locations":[],"captures":{}}],[{"type":"absolute","value":5368836756},{"success":true,"node":{"type":"statement","statement":{"type":"or"}},"children":[{"success":true,"node":{"type":"feature","feature":{"type":"api","api":"DbgPrint"}},"children":[],"locations":[{"type":"absolute","value":5368836962},{"type":"absolute","value":5368837222},{"type":"absolute","value":5368836848},{"type":"absolute","value":5368837201},{"type":"absolute","value":5368837013},{"type":"absolute","value":5368836857},{"type":"absolute","value":5368837175},{"type":"absolute","value":5368836953},{"type":"absolute","value":5368837146},{"type":"absolute","value":5368837081}],"captures":{}},{"success":false,"node":{"type":"feature","feature":{"type":"api","api":"OutputDebugString"}},"children":[],"locations":[],"captures":{}},{"success":false,"node":{"type":"statement","statement":{"type":"and"}},"children":[{"success":false,"node":{"type":"feature","feature":{"type":"os","os":"android"}},"children":[],"locations":[],"captures":{}},{"success":false,"node":{"type":"feature","feature":{"type":"api","api":"__android_log_print"}},"children":[],"locations":[],"captures":{}}],"locations":[],"captures":{}}],"locations":[],"captures":{}}],[{"type":"absolute","value":5368837288},{"success":true,"node":{"type":"statement","statement":{"type":"or"}},"children":[{"success":true,"node":{"type":"feature","feature":{"type":"api","api":"DbgPrint"}},"children":[],"locations":[{"type":"absolute","value":5368837369},{"type":"absolute","value":5368837420},{"type":"absolute","value":5368837349}],"captures":{}},{"success":false,"node":{"type":"feature","feature":{"type":"api","api":"OutputDebugString"}},"children":[],"locations":[],"captures":{}},{"success":false,"node":{"type":"statement","statement":{"type":"and"}},"children":[{"success":false,"node":{"type":"feature","feature":{"type":"os","os":"android"}},"children":[],"locations":[],"captures":{}},{"success":false,"node":{"type":"feature","feature":{"type":"api","api":"__android_log_print"}},"children":[],"locations":[],"captures":{}}],"locations":[],"captures":{}}],"locations":[],"captures":{}}],[{"type":"absolute","value":5368837488},{"success":true,"node":{"type":"statement","statement":{"type":"or"}},"children":[{"success":true,"node":{"type":"feature","feature":{"type":"api","api":"DbgPrint"}},"children":[],"locations":[{"type":"absolute","value":5368837665},{"type":"absolute","value":5368837756}],"captures":{}},{"success":false,"node":{"type":"feature","feature":{"type":"api","api":"OutputDebugString"}},"children":[],"locations":[],"captures":{}},{"success":false,"node":{"type":"statement","statement":{"type":"and"}},"children":[{"success":false,"node":{"type":"feature","feature":{"type":"os","os":"android"}},"children":[],"locations":[],"captures":{}},{"success":false,"node":{"type":"feature","feature":{"type":"api","api":"__android_log_print"}},"children":[],"locations":[],"captures":{}}],"locations":[],"captures":{}}],"locations":[],"captures":{}}],[{"type":"absolute","value":5368837840},{"success":true,"node":{"type":"statement","statement":{"type":"or"}},"children":[{"success":true,"node":{"type":"feature","feature":{"type":"api","api":"DbgPrint"}},"children":[],"locations":[{"type":"absolute","value":5368838064},{"type":"absolute","value":5368838122},{"type":"absolute","value":5368838202}],"captures":{}},{"success":false,"node":{"type":"feature","feature":{"type":"api","api":"OutputDebugString"}},"children":[],"locations":[],"captures":{}},{"success":false,"node":{"type":"statement","statement":{"type":"and"}},"children":[{"success":false,"node":{"type":"feature","feature":{"type":"os","os":"android"}},"children":[],"locations":[],"captures":{}},{"success":false,"node":{"type":"feature","feature":{"type":"api","api":"__android_log_print"}},"children":[],"locations":[],"captures":{}}],"locations":[],"captures":{}}],"locations":[],"captures":{}}],[{"type":"absolute","value":5368838524},{"success":true,"node":{"type":"statement","statement":{"type":"or"}},"children":[{"success":true,"node":{"type":"feature","feature":{"type":"api","api":"DbgPrint"}},"children":[],"locations":[{"type":"absolute","value":5368838587}],"captures":{}},{"success":false,"node":{"type":"feature","feature":{"type":"api","api":"OutputDebugString"}},"children":[],"locations":[],"captures":{}},{"success":false,"node":{"type":"statement","statement":{"type":"and"}},"children":[{"success":false,"node":{"type":"feature","feature":{"type":"os","os":"android"}},"children":[],"locations":[],"captures":{}},{"success":false,"node":{"type":"feature","feature":{"type":"api","api":"__android_log_print"}},"children":[],"locations":[],"captures":{}}],"locations":[],"captures":{}}],"locations":[],"captures":{}}],[{"type":"absolute","value":5368838684},{"success":true,"node":{"type":"statement","statement":{"type":"or"}},"children":[{"success":true,"node":{"type":"feature","feature":{"type":"api","api":"DbgPrint"}},"children":[],"locations":[{"type":"absolute","value":5368838953},{"type":"absolute","value":5368838709}],"captures":{}},{"success":false,"node":{"type":"feature","feature":{"type":"api","api":"OutputDebugString"}},"children":[],"locations":[],"captures":{}},{"success":false,"node":{"type":"statement","statement":{"type":"and"}},"children":[{"success":false,"node":{"type":"feature","feature":{"type":"os","os":"android"}},"children":[],"locations":[],"captures":{}},{"success":false,"node":{"type":"feature","feature":{"type":"api","api":"__android_log_print"}},"children":[],"locations":[],"captures":{}}],"locations":[],"captures":{}}],"locations":[],"captures":{}}],[{"type":"absolute","value":5368838976},{"success":true,"node":{"type":"statement","statement":{"type":"or"}},"children":[{"success":true,"node":{"type":"feature","feature":{"type":"api","api":"DbgPrint"}},"children":[],"locations":[{"type":"absolute","value":5368839149}],"captures":{}},{"success":false,"node":{"type":"feature","feature":{"type":"api","api":"OutputDebugString"}},"children":[],"locations":[],"captures":{}},{"success":false,"node":{"type":"statement","statement":{"type":"and"}},"children":[{"success":false,"node":{"type":"feature","feature":{"type":"os","os":"android"}},"children":[],"locations":[],"captures":{}},{"success":false,"node":{"type":"feature","feature":{"type":"api","api":"__android_log_print"}},"children":[],"locations":[],"captures":{}}],"locations":[],"captures":{}}],"locations":[],"captures":{}}]]},"find process by PID":{"meta":{"name":"find process by PID","namespace":"host-interaction/process/list","authors":["michael.hunhoff@mandiant.com","anushka.virgaonkar@mandiant.com"],"scopes":{"static":"function","dynamic":"thread"},"attack":[{"parts":["Discovery","Process Discovery"],"tactic":"Discovery","technique":"Process Discovery","subtechnique":"","id":"T1057"}],"mbc":[],"references":[],"examples":["493167E85E45363D09495D0841C30648:0x404B00"],"description":"","lib":false,"is_subscope_rule":false,"maec":{}},"source":"rule:\n  meta:\n    name: find process by PID\n    namespace: host-interaction/process/list\n    authors:\n      - michael.hunhoff@mandiant.com\n      - anushka.virgaonkar@mandiant.com\n    scopes:\n      static: function\n      dynamic: thread\n    att&ck:\n      - Discovery::Process Discovery [T1057]\n    examples:\n      - 493167E85E45363D09495D0841C30648:0x404B00\n  features:\n    - and:\n      - or:\n        - api: ntoskrnl.PsLookupProcessByProcessId\n        - api: System.Diagnostics.Process::GetProcessById\n      - optional:\n        - api: ntoskrnl.ObfDereferenceObject\n","matches":[[{"type":"absolute","value":5368832912},{"success":true,"node":{"type":"statement","statement":{"type":"and"}},"children":[{"success":true,"node":{"type":"statement","statement":{"type":"optional"}},"children":[{"success":true,"node":{"type":"feature","feature":{"type":"api","api":"ObfDereferenceObject"}},"children":[],"locations":[{"type":"absolute","value":5368833291}],"captures":{}}],"locations":[],"captures":{}},{"success":true,"node":{"type":"statement","statement":{"type":"or"}},"children":[{"success":true,"node":{"type":"feature","feature":{"type":"api","api":"PsLookupProcessByProcessId"}},"children":[],"locations":[{"type":"absolute","value":5368833118}],"captures":{}},{"success":false,"node":{"type":"feature","feature":{"type":"api","api":"System.Diagnostics.Process::GetProcessById"}},"children":[],"locations":[],"captures":{}}],"locations":[],"captures":{}}],"locations":[],"captures":{}}],[{"type":"absolute","value":5368835700},{"success":true,"node":{"type":"statement","statement":{"type":"and"}},"children":[{"success":true,"node":{"type":"statement","statement":{"type":"optional"}},"children":[{"success":false,"node":{"type":"feature","feature":{"type":"api","api":"ObfDereferenceObject"}},"children":[],"locations":[],"captures":{}}],"locations":[],"captures":{}},{"success":true,"node":{"type":"statement","statement":{"type":"or"}},"children":[{"success":true,"node":{"type":"feature","feature":{"type":"api","api":"PsLookupProcessByProcessId"}},"children":[],"locations":[{"type":"absolute","value":5368835722}],"captures":{}},{"success":false,"node":{"type":"feature","feature":{"type":"api","api":"System.Diagnostics.Process::GetProcessById"}},"children":[],"locations":[],"captures":{}}],"locations":[],"captures":{}}],"locations":[],"captures":{}}],[{"type":"absolute","value":5368835812},{"success":true,"node":{"type":"statement","statement":{"type":"and"}},"children":[{"success":true,"node":{"type":"statement","statement":{"type":"optional"}},"children":[{"success":true,"node":{"type":"feature","feature":{"type":"api","api":"ObfDereferenceObject"}},"children":[],"locations":[{"type":"absolute","value":5368836085}],"captures":{}}],"locations":[],"captures":{}},{"success":true,"node":{"type":"statement","statement":{"type":"or"}},"children":[{"success":true,"node":{"type":"feature","feature":{"type":"api","api":"PsLookupProcessByProcessId"}},"children":[],"locations":[{"type":"absolute","value":5368835850}],"captures":{}},{"success":false,"node":{"type":"feature","feature":{"type":"api","api":"System.Diagnostics.Process::GetProcessById"}},"children":[],"locations":[],"captures":{}}],"locations":[],"captures":{}}],"locations":[],"captures":{}}],[{"type":"absolute","value":5368836756},{"success":true,"node":{"type":"statement","statement":{"type":"and"}},"children":[{"success":true,"node":{"type":"statement","statement":{"type":"optional"}},"children":[{"success":true,"node":{"type":"feature","feature":{"type":"api","api":"ObfDereferenceObject"}},"children":[],"locations":[{"type":"absolute","value":5368837256},{"type":"absolute","value":5368837272},{"type":"absolute","value":5368837238},{"type":"absolute","value":5368837247}],"captures":{}}],"locations":[],"captures":{}},{"success":true,"node":{"type":"statement","statement":{"type":"or"}},"children":[{"success":true,"node":{"type":"feature","feature":{"type":"api","api":"PsLookupProcessByProcessId"}},"children":[],"locations":[{"type":"absolute","value":5368836808},{"type":"absolute","value":5368836913}],"captures":{}},{"success":false,"node":{"type":"feature","feature":{"type":"api","api":"System.Diagnostics.Process::GetProcessById"}},"children":[],"locations":[],"captures":{}}],"locations":[],"captures":{}}],"locations":[],"captures":{}}],[{"type":"absolute","value":5368837288},{"success":true,"node":{"type":"statement","statement":{"type":"and"}},"children":[{"success":true,"node":{"type":"statement","statement":{"type":"optional"}},"children":[{"success":true,"node":{"type":"feature","feature":{"type":"api","api":"ObfDereferenceObject"}},"children":[],"locations":[{"type":"absolute","value":5368837461}],"captures":{}}],"locations":[],"captures":{}},{"success":true,"node":{"type":"statement","statement":{"type":"or"}},"children":[{"success":true,"node":{"type":"feature","feature":{"type":"api","api":"PsLookupProcessByProcessId"}},"children":[],"locations":[{"type":"absolute","value":5368837323}],"captures":{}},{"success":false,"node":{"type":"feature","feature":{"type":"api","api":"System.Diagnostics.Process::GetProcessById"}},"children":[],"locations":[],"captures":{}}],"locations":[],"captures":{}}],"locations":[],"captures":{}}]]},"contain loop":{"meta":{"name":"contain loop","authors":["moritz.raabe@mandiant.com"],"scopes":{"static":"function"},"attack":[],"mbc":[],"references":[],"examples":["08AC667C65D36D6542917655571E61C8:0x406EAA"],"description":"","lib":true,"is_subscope_rule":false,"maec":{}},"source":"rule:\n  meta:\n    name: contain loop\n    authors:\n      - moritz.raabe@mandiant.com\n    lib: true\n    scopes:\n      static: function\n      dynamic: unsupported  # requires characteristic features\n    examples:\n      - 08AC667C65D36D6542917655571E61C8:0x406EAA\n  features:\n    - or:\n      - characteristic: loop\n      - characteristic: tight loop\n      - characteristic: recursive call\n","matches":[[{"type":"absolute","value":5368833804},{"success":true,"node":{"type":"statement","statement":{"type":"or"}},"children":[{"success":false,"node":{"type":"feature","feature":{"type":"characteristic","characteristic":"loop"}},"children":[],"locations":[],"captures":{}},{"success":true,"node":{"type":"feature","feature":{"type":"characteristic","characteristic":"tight loop"}},"children":[],"locations":[{"type":"absolute","value":5368834002}],"captures":{}},{"success":false,"node":{"type":"feature","feature":{"type":"characteristic","characteristic":"recursive call"}},"children":[],"locations":[],"captures":{}}],"locations":[],"captures":{}}],[{"type":"absolute","value":5368834160},{"success":true,"node":{"type":"statement","statement":{"type":"or"}},"children":[{"success":false,"node":{"type":"feature","feature":{"type":"characteristic","characteristic":"loop"}},"children":[],"locations":[],"captures":{}},{"success":true,"node":{"type":"feature","feature":{"type":"characteristic","characteristic":"tight loop"}},"children":[],"locations":[{"type":"absolute","value":5368835173},{"type":"absolute","value":5368834907},{"type":"absolute","value":5368834803},{"type":"absolute","value":5368835066}],"captures":{}},{"success":false,"node":{"type":"feature","feature":{"type":"characteristic","characteristic":"recursive call"}},"children":[],"locations":[],"captures":{}}],"locations":[],"captures":{}}],[{"type":"absolute","value":5368837288},{"success":true,"node":{"type":"statement","statement":{"type":"or"}},"children":[{"success":true,"node":{"type":"feature","feature":{"type":"characteristic","characteristic":"loop"}},"children":[],"locations":[{"type":"absolute","value":5368837288}],"captures":{}},{"success":false,"node":{"type":"feature","feature":{"type":"characteristic","characteristic":"tight loop"}},"children":[],"locations":[],"captures":{}},{"success":false,"node":{"type":"feature","feature":{"type":"characteristic","characteristic":"recursive call"}},"children":[],"locations":[],"captures":{}}],"locations":[],"captures":{}}],[{"type":"absolute","value":5368837488},{"success":true,"node":{"type":"statement","statement":{"type":"or"}},"children":[{"success":true,"node":{"type":"feature","feature":{"type":"characteristic","characteristic":"loop"}},"children":[],"locations":[{"type":"absolute","value":5368837488}],"captures":{}},{"success":false,"node":{"type":"feature","feature":{"type":"characteristic","characteristic":"tight loop"}},"children":[],"locations":[],"captures":{}},{"success":false,"node":{"type":"feature","feature":{"type":"characteristic","characteristic":"recursive call"}},"children":[],"locations":[],"captures":{}}],"locations":[],"captures":{}}],[{"type":"absolute","value":5368840032},{"success":true,"node":{"type":"statement","statement":{"type":"or"}},"children":[{"success":true,"node":{"type":"feature","feature":{"type":"characteristic","characteristic":"loop"}},"children":[],"locations":[{"type":"absolute","value":5368840032}],"captures":{}},{"success":false,"node":{"type":"feature","feature":{"type":"characteristic","characteristic":"tight loop"}},"children":[],"locations":[],"captures":{}},{"success":false,"node":{"type":"feature","feature":{"type":"characteristic","characteristic":"recursive call"}},"children":[],"locations":[],"captures":{}}],"locations":[],"captures":{}}],[{"type":"absolute","value":5368840228},{"success":true,"node":{"type":"statement","statement":{"type":"or"}},"children":[{"success":true,"node":{"type":"feature","feature":{"type":"characteristic","characteristic":"loop"}},"children":[],"locations":[{"type":"absolute","value":5368840228}],"captures":{}},{"success":false,"node":{"type":"feature","feature":{"type":"characteristic","characteristic":"tight loop"}},"children":[],"locations":[],"captures":{}},{"success":false,"node":{"type":"feature","feature":{"type":"characteristic","characteristic":"recursive call"}},"children":[],"locations":[],"captures":{}}],"locations":[],"captures":{}}],[{"type":"absolute","value":5368840632},{"success":true,"node":{"type":"statement","statement":{"type":"or"}},"children":[{"success":true,"node":{"type":"feature","feature":{"type":"characteristic","characteristic":"loop"}},"children":[],"locations":[{"type":"absolute","value":5368840632}],"captures":{}},{"success":false,"node":{"type":"feature","feature":{"type":"characteristic","characteristic":"tight loop"}},"children":[],"locations":[],"captures":{}},{"success":false,"node":{"type":"feature","feature":{"type":"characteristic","characteristic":"recursive call"}},"children":[],"locations":[],"captures":{}}],"locations":[],"captures":{}}],[{"type":"absolute","value":5368841024},{"success":true,"node":{"type":"statement","statement":{"type":"or"}},"children":[{"success":false,"node":{"type":"feature","feature":{"type":"characteristic","characteristic":"loop"}},"children":[],"locations":[],"captures":{}},{"success":true,"node":{"type":"feature","feature":{"type":"characteristic","characteristic":"tight loop"}},"children":[],"locations":[{"type":"absolute","value":5368841280},{"type":"absolute","value":5368841344},{"type":"absolute","value":5368841472},{"type":"absolute","value":5368841123},{"type":"absolute","value":5368841600},{"type":"absolute","value":5368841664},{"type":"absolute","value":5368841098}],"captures":{}},{"success":false,"node":{"type":"feature","feature":{"type":"characteristic","characteristic":"recursive call"}},"children":[],"locations":[],"captures":{}}],"locations":[],"captures":{}}]]},"get OS version":{"meta":{"name":"get OS version","authors":["@mr-tz"],"scopes":{"static":"function","dynamic":"call"},"attack":[],"mbc":[],"references":[],"examples":["493167E85E45363D09495D0841C30648:0x401000","5f66b82558ca92e54e77f216ef4c066c:0x44580A"],"description":"","lib":true,"is_subscope_rule":false,"maec":{}},"source":"rule:\n  meta:\n    name: get OS version\n    authors:\n      - \"@mr-tz\"\n    lib: true\n    scopes:\n      static: function\n      dynamic: call\n    examples:\n      - 493167E85E45363D09495D0841C30648:0x401000\n      - 5f66b82558ca92e54e77f216ef4c066c:0x44580A\n  features:\n    - or:\n      - api: RtlGetVersion\n      - api: ntoskrnl.PsGetVersion\n      - api: GetVersion\n      - api: GetVersionEx\n      - api: VerifyVersionInfo\n      - api: VerSetConditionMask\n      - api: RtlGetNtVersionNumbers\n      - api: GetProductInfo\n      - and:\n        - match: PEB access\n        - or:\n          - and:\n            - arch: i386\n            - or:\n              - offset: 0xA4 = PEB->OSMajorVersion\n              - offset: 0xA8 = PEB->OSMinorVersion\n              - offset: 0xAC = PEB->OSBuildNumber\n          - and:\n            - arch: amd64\n            - or:\n              - offset: 0x118 = PEB->OSMajorVersion\n              - offset: 0x11C = PEB->OSMinorVersion\n              - offset: 0x120 = PEB->OSBuildNumber\n","matches":[[{"type":"absolute","value":5368836188},{"success":true,"node":{"type":"statement","statement":{"type":"or"}},"children":[{"success":true,"node":{"type":"feature","feature":{"type":"api","api":"RtlGetVersion"}},"children":[],"locations":[{"type":"absolute","value":5368836218}],"captures":{}},{"success":false,"node":{"type":"feature","feature":{"type":"api","api":"PsGetVersion"}},"children":[],"locations":[],"captures":{}},{"success":false,"node":{"type":"feature","feature":{"type":"api","api":"GetVersion"}},"children":[],"locations":[],"captures":{}},{"success":false,"node":{"type":"feature","feature":{"type":"api","api":"GetVersionEx"}},"children":[],"locations":[],"captures":{}},{"success":false,"node":{"type":"feature","feature":{"type":"api","api":"VerifyVersionInfo"}},"children":[],"locations":[],"captures":{}},{"success":false,"node":{"type":"feature","feature":{"type":"api","api":"VerSetConditionMask"}},"children":[],"locations":[],"captures":{}},{"success":false,"node":{"type":"feature","feature":{"type":"api","api":"RtlGetNtVersionNumbers"}},"children":[],"locations":[],"captures":{}},{"success":false,"node":{"type":"feature","feature":{"type":"api","api":"GetProductInfo"}},"children":[],"locations":[],"captures":{}},{"success":false,"node":{"type":"statement","statement":{"type":"and"}},"children":[{"success":false,"node":{"type":"feature","feature":{"type":"match","match":"PEB access"}},"children":[],"locations":[],"captures":{}},{"success":false,"node":{"type":"statement","statement":{"type":"or"}},"children":[{"success":false,"node":{"type":"statement","statement":{"type":"and"}},"children":[{"success":false,"node":{"type":"feature","feature":{"type":"arch","arch":"i386"}},"children":[],"locations":[],"captures":{}},{"success":false,"node":{"type":"statement","statement":{"type":"or"}},"children":[{"success":false,"node":{"type":"feature","feature":{"type":"offset","offset":164,"description":"PEB->OSMajorVersion"}},"children":[],"locations":[],"captures":{}},{"success":false,"node":{"type":"feature","feature":{"type":"offset","offset":168,"description":"PEB->OSMinorVersion"}},"children":[],"locations":[],"captures":{}},{"success":false,"node":{"type":"feature","feature":{"type":"offset","offset":172,"description":"PEB->OSBuildNumber"}},"children":[],"locations":[],"captures":{}}],"locations":[],"captures":{}}],"locations":[],"captures":{}},{"success":false,"node":{"type":"statement","statement":{"type":"and"}},"children":[{"success":true,"node":{"type":"feature","feature":{"type":"arch","arch":"amd64"}},"children":[],"locations":[{"type":"no address"}],"captures":{}},{"success":false,"node":{"type":"statement","statement":{"type":"or"}},"children":[{"success":false,"node":{"type":"feature","feature":{"type":"offset","offset":280,"description":"PEB->OSMajorVersion"}},"children":[],"locations":[],"captures":{}},{"success":false,"node":{"type":"feature","feature":{"type":"offset","offset":284,"description":"PEB->OSMinorVersion"}},"children":[],"locations":[],"captures":{}},{"success":false,"node":{"type":"feature","feature":{"type":"offset","offset":288,"description":"PEB->OSBuildNumber"}},"children":[],"locations":[],"captures":{}}],"locations":[],"captures":{}}],"locations":[],"captures":{}}],"locations":[],"captures":{}}],"locations":[],"captures":{}}],"locations":[],"captures":{}}]]},"read file on Windows":{"meta":{"name":"read file on Windows","namespace":"host-interaction/file-system/read","authors":["moritz.raabe@mandiant.com","anushka.virgaonkar@mandiant.com"],"scopes":{"static":"function","dynamic":"thread"},"attack":[],"mbc":[{"parts":["File System","Read File"],"objective":"File System","behavior":"Read File","method":"","id":"C0051"}],"references":[],"examples":["BFB9B5391A13D0AFD787E87AB90F14F5:0x1314567B"],"description":"","lib":false,"is_subscope_rule":false,"maec":{}},"source":"rule:\n  meta:\n    name: read file on Windows\n    namespace: host-interaction/file-system/read\n    authors:\n      - moritz.raabe@mandiant.com\n      - anushka.virgaonkar@mandiant.com\n    scopes:\n      static: function\n      dynamic: thread\n    mbc:\n      - File System::Read File [C0051]\n    examples:\n      - BFB9B5391A13D0AFD787E87AB90F14F5:0x1314567B\n  features:\n    - or:\n      - and:\n        - os: windows\n        - optional:\n          - and:\n            - number: 0x80000000 = GENERIC_READ\n            - match: create or open file\n        - or:\n          - api: kernel32.ReadFile\n          - api: ReadFileEx\n          - api: NtReadFile\n          - api: ZwReadFile\n          - api: LZRead\n          - api: _read\n          - api: fread\n      - api: System.IO.File::ReadAllBytes\n      - api: System.IO.File::ReadAllBytesAsync\n      - api: System.IO.File::ReadAllLines\n      - api: System.IO.File::ReadAllLinesAsync\n      - api: System.IO.File::ReadAllText\n      - api: System.IO.File::ReadAllTextAsync\n      - api: System.IO.File::ReadLines\n","matches":[[{"type":"absolute","value":5368837840},{"success":true,"node":{"type":"statement","statement":{"type":"or"}},"children":[{"success":false,"node":{"type":"feature","feature":{"type":"api","api":"System.IO.File::ReadAllBytes"}},"children":[],"locations":[],"captures":{}},{"success":false,"node":{"type":"feature","feature":{"type":"api","api":"System.IO.File::ReadAllBytesAsync"}},"children":[],"locations":[],"captures":{}},{"success":false,"node":{"type":"feature","feature":{"type":"api","api":"System.IO.File::ReadAllLines"}},"children":[],"locations":[],"captures":{}},{"success":false,"node":{"type":"feature","feature":{"type":"api","api":"System.IO.File::ReadAllLinesAsync"}},"children":[],"locations":[],"captures":{}},{"success":false,"node":{"type":"feature","feature":{"type":"api","api":"System.IO.File::ReadAllText"}},"children":[],"locations":[],"captures":{}},{"success":false,"node":{"type":"feature","feature":{"type":"api","api":"System.IO.File::ReadAllTextAsync"}},"children":[],"locations":[],"captures":{}},{"success":false,"node":{"type":"feature","feature":{"type":"api","api":"System.IO.File::ReadLines"}},"children":[],"locations":[],"captures":{}},{"success":true,"node":{"type":"statement","statement":{"type":"and"}},"children":[{"success":true,"node":{"type":"feature","feature":{"type":"os","os":"windows"}},"children":[],"locations":[{"type":"no address"}],"captures":{}},{"success":true,"node":{"type":"statement","statement":{"type":"optional"}},"children":[{"success":false,"node":{"type":"statement","statement":{"type":"and"}},"children":[{"success":false,"node":{"type":"feature","feature":{"type":"number","number":2147483648,"description":"GENERIC_READ"}},"children":[],"locations":[],"captures":{}},{"success":true,"node":{"type":"feature","feature":{"type":"match","match":"create or open file"}},"children":[{"success":true,"node":{"type":"statement","statement":{"type":"or"}},"children":[{"success":false,"node":{"type":"feature","feature":{"type":"api","api":"CreateFile"}},"children":[],"locations":[],"captures":{}},{"success":false,"node":{"type":"feature","feature":{"type":"api","api":"CreateFileEx"}},"children":[],"locations":[],"captures":{}},{"success":false,"node":{"type":"feature","feature":{"type":"api","api":"IoCreateFile"}},"children":[],"locations":[],"captures":{}},{"success":false,"node":{"type":"feature","feature":{"type":"api","api":"IoCreateFileEx"}},"children":[],"locations":[],"captures":{}},{"success":false,"node":{"type":"feature","feature":{"type":"api","api":"ZwOpenFile"}},"children":[],"locations":[],"captures":{}},{"success":true,"node":{"type":"feature","feature":{"type":"api","api":"ZwCreateFile"}},"children":[],"locations":[{"type":"absolute","value":5368838428}],"captures":{}},{"success":false,"node":{"type":"feature","feature":{"type":"api","api":"NtOpenFile"}},"children":[],"locations":[],"captures":{}},{"success":false,"node":{"type":"feature","feature":{"type":"api","api":"NtCreateFile"}},"children":[],"locations":[],"captures":{}},{"success":false,"node":{"type":"feature","feature":{"type":"api","api":"LZCreateFile"}},"children":[],"locations":[],"captures":{}},{"success":false,"node":{"type":"feature","feature":{"type":"api","api":"LZOpenFile"}},"children":[],"locations":[],"captures":{}},{"success":false,"node":{"type":"feature","feature":{"type":"api","api":"fopen"}},"children":[],"locations":[],"captures":{}},{"success":false,"node":{"type":"feature","feature":{"type":"api","api":"fopen64"}},"children":[],"locations":[],"captures":{}},{"success":false,"node":{"type":"feature","feature":{"type":"api","api":"fdopen"}},"children":[],"locations":[],"captures":{}},{"success":false,"node":{"type":"feature","feature":{"type":"api","api":"freopen"}},"children":[],"locations":[],"captures":{}},{"success":false,"node":{"type":"feature","feature":{"type":"api","api":"open"}},"children":[],"locations":[],"captures":{}},{"success":false,"node":{"type":"feature","feature":{"type":"api","api":"openat"}},"children":[],"locations":[],"captures":{}}],"locations":[],"captures":{}}],"locations":[{"type":"absolute","value":5368838333}],"captures":{}}],"locations":[],"captures":{}}],"locations":[],"captures":{}},{"success":true,"node":{"type":"statement","statement":{"type":"or"}},"children":[{"success":false,"node":{"type":"feature","feature":{"type":"api","api":"ReadFile"}},"children":[],"locations":[],"captures":{}},{"success":false,"node":{"type":"feature","feature":{"type":"api","api":"ReadFileEx"}},"children":[],"locations":[],"captures":{}},{"success":false,"node":{"type":"feature","feature":{"type":"api","api":"NtReadFile"}},"children":[],"locations":[],"captures":{}},{"success":true,"node":{"type":"feature","feature":{"type":"api","api":"ZwReadFile"}},"children":[],"locations":[{"type":"absolute","value":5368838183}],"captures":{}},{"success":false,"node":{"type":"feature","feature":{"type":"api","api":"LZRead"}},"children":[],"locations":[],"captures":{}},{"success":false,"node":{"type":"feature","feature":{"type":"api","api":"_read"}},"children":[],"locations":[],"captures":{}},{"success":false,"node":{"type":"feature","feature":{"type":"api","api":"fread"}},"children":[],"locations":[],"captures":{}}],"locations":[],"captures":{}}],"locations":[],"captures":{}}],"locations":[],"captures":{}}]]},"write file on Windows":{"meta":{"name":"write file on Windows","namespace":"host-interaction/file-system/write","authors":["william.ballenthin@mandiant.com","anushka.virgaonkar@mandiant.com"],"scopes":{"static":"function","dynamic":"thread"},"attack":[],"mbc":[{"parts":["File System","Writes File"],"objective":"File System","behavior":"Writes File","method":"","id":"C0052"}],"references":[],"examples":["Practical Malware Analysis Lab 01-04.exe_:0x4011FC","563653399B82CD443F120ECEFF836EA3678D4CF11D9B351BB737573C2D856299:0x1400025C4"],"description":"","lib":false,"is_subscope_rule":false,"maec":{}},"source":"rule:\n  meta:\n    name: write file on Windows\n    namespace: host-interaction/file-system/write\n    authors:\n      - william.ballenthin@mandiant.com\n      - anushka.virgaonkar@mandiant.com\n    scopes:\n      static: function\n      dynamic: thread\n    mbc:\n      - File System::Writes File [C0052]\n    examples:\n      - Practical Malware Analysis Lab 01-04.exe_:0x4011FC\n      # ntdll\n      - 563653399B82CD443F120ECEFF836EA3678D4CF11D9B351BB737573C2D856299:0x1400025C4\n  features:\n    - or:\n      - and:\n        - os: windows\n        - optional:\n          - basic block:\n            - or:\n              - number: 0x40000000 = GENERIC_WRITE\n              - number: 0x2 = FILE_WRITE_DATA\n              - match: create or open file\n          - call:\n            - or:\n              - number: 0x40000000 = GENERIC_WRITE\n              - number: 0x2 = FILE_WRITE_DATA\n              - match: create or open file\n        - or:\n          - api: kernel32.WriteFile\n          - api: kernel32.WriteFileEx\n          - api: NtWriteFile\n          - api: ZwWriteFile\n          - api: _fwrite\n          - api: fwrite\n      - api: System.IO.File::WriteAllBytes\n      - api: System.IO.File::WriteAllBytesAsync\n      - api: System.IO.File::WriteAllLines\n      - api: System.IO.File::WriteAllLinesAsync\n      - api: System.IO.File::WriteAllText\n      - api: System.IO.File::WriteAllTextAsync\n      - api: System.IO.File::AppendAllLines\n      - api: System.IO.File::AppendAllLinesAsync\n      - api: System.IO.File::AppendAllText\n      - api: System.IO.File::AppendAllTextAsync\n      - api: System.IO.File::AppendText\n      - api: System.IO.FileInfo::AppendText\n","matches":[[{"type":"absolute","value":5368837840},{"success":true,"node":{"type":"statement","statement":{"type":"or"}},"children":[{"success":false,"node":{"type":"feature","feature":{"type":"api","api":"System.IO.File::WriteAllBytes"}},"children":[],"locations":[],"captures":{}},{"success":false,"node":{"type":"feature","feature":{"type":"api","api":"System.IO.File::WriteAllBytesAsync"}},"children":[],"locations":[],"captures":{}},{"success":false,"node":{"type":"feature","feature":{"type":"api","api":"System.IO.File::WriteAllLines"}},"children":[],"locations":[],"captures":{}},{"success":false,"node":{"type":"feature","feature":{"type":"api","api":"System.IO.File::WriteAllLinesAsync"}},"children":[],"locations":[],"captures":{}},{"success":false,"node":{"type":"feature","feature":{"type":"api","api":"System.IO.File::WriteAllText"}},"children":[],"locations":[],"captures":{}},{"success":false,"node":{"type":"feature","feature":{"type":"api","api":"System.IO.File::WriteAllTextAsync"}},"children":[],"locations":[],"captures":{}},{"success":false,"node":{"type":"feature","feature":{"type":"api","api":"System.IO.File::AppendAllLines"}},"children":[],"locations":[],"captures":{}},{"success":false,"node":{"type":"feature","feature":{"type":"api","api":"System.IO.File::AppendAllLinesAsync"}},"children":[],"locations":[],"captures":{}},{"success":false,"node":{"type":"feature","feature":{"type":"api","api":"System.IO.File::AppendAllText"}},"children":[],"locations":[],"captures":{}},{"success":false,"node":{"type":"feature","feature":{"type":"api","api":"System.IO.File::AppendAllTextAsync"}},"children":[],"locations":[],"captures":{}},{"success":false,"node":{"type":"feature","feature":{"type":"api","api":"System.IO.File::AppendText"}},"children":[],"locations":[],"captures":{}},{"success":false,"node":{"type":"feature","feature":{"type":"api","api":"System.IO.FileInfo::AppendText"}},"children":[],"locations":[],"captures":{}},{"success":true,"node":{"type":"statement","statement":{"type":"and"}},"children":[{"success":true,"node":{"type":"feature","feature":{"type":"os","os":"windows"}},"children":[],"locations":[{"type":"no address"}],"captures":{}},{"success":true,"node":{"type":"statement","statement":{"type":"optional"}},"children":[{"success":true,"node":{"type":"statement","statement":{"type":"subscope","scope":"basic block"}},"children":[{"success":true,"node":{"type":"statement","statement":{"type":"or"}},"children":[{"success":true,"node":{"type":"feature","feature":{"type":"number","number":1073741824,"description":"GENERIC_WRITE"}},"children":[],"locations":[{"type":"absolute","value":5368838379}],"captures":{}},{"success":false,"node":{"type":"feature","feature":{"type":"number","number":2,"description":"FILE_WRITE_DATA"}},"children":[],"locations":[],"captures":{}},{"success":true,"node":{"type":"feature","feature":{"type":"match","match":"create or open file"}},"children":[{"success":true,"node":{"type":"statement","statement":{"type":"or"}},"children":[{"success":false,"node":{"type":"feature","feature":{"type":"api","api":"CreateFile"}},"children":[],"locations":[],"captures":{}},{"success":false,"node":{"type":"feature","feature":{"type":"api","api":"CreateFileEx"}},"children":[],"locations":[],"captures":{}},{"success":false,"node":{"type":"feature","feature":{"type":"api","api":"IoCreateFile"}},"children":[],"locations":[],"captures":{}},{"success":false,"node":{"type":"feature","feature":{"type":"api","api":"IoCreateFileEx"}},"children":[],"locations":[],"captures":{}},{"success":false,"node":{"type":"feature","feature":{"type":"api","api":"ZwOpenFile"}},"children":[],"locations":[],"captures":{}},{"success":true,"node":{"type":"feature","feature":{"type":"api","api":"ZwCreateFile"}},"children":[],"locations":[{"type":"absolute","value":5368838428}],"captures":{}},{"success":false,"node":{"type":"feature","feature":{"type":"api","api":"NtOpenFile"}},"children":[],"locations":[],"captures":{}},{"success":false,"node":{"type":"feature","feature":{"type":"api","api":"NtCreateFile"}},"children":[],"locations":[],"captures":{}},{"success":false,"node":{"type":"feature","feature":{"type":"api","api":"LZCreateFile"}},"children":[],"locations":[],"captures":{}},{"success":false,"node":{"type":"feature","feature":{"type":"api","api":"LZOpenFile"}},"children":[],"locations":[],"captures":{}},{"success":false,"node":{"type":"feature","feature":{"type":"api","api":"fopen"}},"children":[],"locations":[],"captures":{}},{"success":false,"node":{"type":"feature","feature":{"type":"api","api":"fopen64"}},"children":[],"locations":[],"captures":{}},{"success":false,"node":{"type":"feature","feature":{"type":"api","api":"fdopen"}},"children":[],"locations":[],"captures":{}},{"success":false,"node":{"type":"feature","feature":{"type":"api","api":"freopen"}},"children":[],"locations":[],"captures":{}},{"success":false,"node":{"type":"feature","feature":{"type":"api","api":"open"}},"children":[],"locations":[],"captures":{}},{"success":false,"node":{"type":"feature","feature":{"type":"api","api":"openat"}},"children":[],"locations":[],"captures":{}}],"locations":[],"captures":{}}],"locations":[{"type":"absolute","value":5368838333}],"captures":{}}],"locations":[],"captures":{}}],"locations":[{"type":"absolute","value":5368838333}],"captures":{}},{"success":false,"node":{"type":"feature","feature":{"type":"match","match":"write file on Windows/0833e45a1159458f87513f08b73aeb21"}},"children":[],"locations":[],"captures":{}}],"locations":[],"captures":{}},{"success":true,"node":{"type":"statement","statement":{"type":"or"}},"children":[{"success":false,"node":{"type":"feature","feature":{"type":"api","api":"WriteFile"}},"children":[],"locations":[],"captures":{}},{"success":false,"node":{"type":"feature","feature":{"type":"api","api":"WriteFileEx"}},"children":[],"locations":[],"captures":{}},{"success":false,"node":{"type":"feature","feature":{"type":"api","api":"NtWriteFile"}},"children":[],"locations":[],"captures":{}},{"success":true,"node":{"type":"feature","feature":{"type":"api","api":"ZwWriteFile"}},"children":[],"locations":[{"type":"absolute","value":5368838478}],"captures":{}},{"success":false,"node":{"type":"feature","feature":{"type":"api","api":"_fwrite"}},"children":[],"locations":[],"captures":{}},{"success":false,"node":{"type":"feature","feature":{"type":"api","api":"fwrite"}},"children":[],"locations":[],"captures":{}}],"locations":[],"captures":{}}],"locations":[],"captures":{}}],"locations":[],"captures":{}}]]},"delete file":{"meta":{"name":"delete file","namespace":"host-interaction/file-system/delete","authors":["moritz.raabe@mandiant.com","michael.hunhoff@mandiant.com"],"scopes":{"static":"function","dynamic":"thread"},"attack":[],"mbc":[{"parts":["File System","Delete File"],"objective":"File System","behavior":"Delete File","method":"","id":"C0047"}],"references":[],"examples":["946A99F36A46D335DEC080D9A4371940:0x100015F0","31600AD0D1A7EA615690DF111AE36C73:0x401A15","563653399B82CD443F120ECEFF836EA3678D4CF11D9B351BB737573C2D856299:0x140001E04"],"description":"","lib":false,"is_subscope_rule":false,"maec":{}},"source":"rule:\n  meta:\n    name: delete file\n    namespace: host-interaction/file-system/delete\n    authors:\n      - moritz.raabe@mandiant.com\n      - michael.hunhoff@mandiant.com\n    scopes:\n      static: function\n      dynamic: thread\n    mbc:\n      - File System::Delete File [C0047]\n    examples:\n      - 946A99F36A46D335DEC080D9A4371940:0x100015F0\n      # MoveFileEx\n      - 31600AD0D1A7EA615690DF111AE36C73:0x401A15\n      # NtDeleteFile\n      - 563653399B82CD443F120ECEFF836EA3678D4CF11D9B351BB737573C2D856299:0x140001E04\n  features:\n    - or:\n      - api: kernel32.DeleteFile\n      - api: DeleteFileTransacted\n      - api: NtDeleteFile\n      - api: ZwDeleteFile\n      - api: remove\n      - api: _wremove\n      - api: System.IO.File::Delete\n      - api: System.IO.FileSystemInfo::Delete\n      # static\n      - basic block:\n        - and:\n          - number: 3 = FO_DELETE\n          - or:\n            - api: kernel32.SHFileOperation\n      - basic block:\n        - and:\n          - number: 4 = MOVEFILE_DELAY_UNTIL_REBOOT\n          - number: 0 = NULL\n          - api: MoveFileEx\n      # dynamic\n      - call:\n        - and:\n          - number: 3 = FO_DELETE\n          - or:\n            - api: kernel32.SHFileOperation\n      - call:\n        - and:\n          - number: 4 = MOVEFILE_DELAY_UNTIL_REBOOT\n          - number: 0 = NULL\n          - api: MoveFileEx\n","matches":[[{"type":"absolute","value":5368837840},{"success":true,"node":{"type":"statement","statement":{"type":"or"}},"children":[{"success":false,"node":{"type":"feature","feature":{"type":"api","api":"DeleteFile"}},"children":[],"locations":[],"captures":{}},{"success":false,"node":{"type":"feature","feature":{"type":"api","api":"DeleteFileTransacted"}},"children":[],"locations":[],"captures":{}},{"success":false,"node":{"type":"feature","feature":{"type":"api","api":"NtDeleteFile"}},"children":[],"locations":[],"captures":{}},{"success":true,"node":{"type":"feature","feature":{"type":"api","api":"ZwDeleteFile"}},"children":[],"locations":[{"type":"absolute","value":5368838291}],"captures":{}},{"success":false,"node":{"type":"feature","feature":{"type":"api","api":"remove"}},"children":[],"locations":[],"captures":{}},{"success":false,"node":{"type":"feature","feature":{"type":"api","api":"_wremove"}},"children":[],"locations":[],"captures":{}},{"success":false,"node":{"type":"feature","feature":{"type":"api","api":"System.IO.File::Delete"}},"children":[],"locations":[],"captures":{}},{"success":false,"node":{"type":"feature","feature":{"type":"api","api":"System.IO.FileSystemInfo::Delete"}},"children":[],"locations":[],"captures":{}},{"success":false,"node":{"type":"feature","feature":{"type":"match","match":"delete file/0185fbfa15d74b9a8ceb504720651bdc"}},"children":[],"locations":[],"captures":{}},{"success":false,"node":{"type":"feature","feature":{"type":"match","match":"delete file/4d4eb8ddfb934686a7d09ef4c81f5af5"}},"children":[],"locations":[],"captures":{}},{"success":false,"node":{"type":"feature","feature":{"type":"match","match":"delete file/8f0b07d541074b37be3c25be3d18c900"}},"children":[],"locations":[],"captures":{}},{"success":false,"node":{"type":"feature","feature":{"type":"match","match":"delete file/4fecee882cbb4d0fa9ec8a03af2dd08a"}},"children":[],"locations":[],"captures":{}}],"locations":[],"captures":{}}]]},"contains PDB path":{"meta":{"name":"contains PDB path","namespace":"executable/pe/pdb","authors":["moritz.raabe@mandiant.com"],"scopes":{"static":"file","dynamic":"file"},"attack":[],"mbc":[],"references":[],"examples":["464EF2CA59782CE697BC329713698CCC"],"description":"","lib":false,"is_subscope_rule":false,"maec":{}},"source":"rule:\n  meta:\n    name: contains PDB path\n    namespace: executable/pe/pdb\n    authors:\n      - moritz.raabe@mandiant.com\n    scopes:\n      static: file\n      dynamic: file\n    examples:\n      - 464EF2CA59782CE697BC329713698CCC  # level32.exe\n  features:\n    - string: /:\\\\.*\\.pdb/\n","matches":[[{"type":"no address"},{"success":true,"node":{"type":"feature","feature":{"type":"regex","regex":"/:\\\\.*\\.pdb/"}},"children":[],"locations":[{"type":"file","value":135448}],"captures":{"C:\\Users\\anash\\Downloads\\Chaos-Rootkit-master\\x64\\Release\\Chaos-Rootkit.pdb":[{"type":"file","value":135448}]}}]]},"contain an embedded PE file":{"meta":{"name":"contain an embedded PE file","namespace":"executable/subfile/pe","authors":["moritz.raabe@mandiant.com"],"scopes":{"static":"file","dynamic":"file"},"attack":[],"mbc":[{"parts":["Execution","Install Additional Program"],"objective":"Execution","behavior":"Install Additional Program","method":"","id":"B0023"}],"references":[],"examples":["Practical Malware Analysis Lab 01-04.exe_:0x4060"],"description":"","lib":false,"is_subscope_rule":false,"maec":{}},"source":"rule:\n  meta:\n    name: contain an embedded PE file\n    namespace: executable/subfile/pe\n    authors:\n      - moritz.raabe@mandiant.com\n    scopes:\n      static: file\n      dynamic: file\n    mbc:\n      - Execution::Install Additional Program [B0023]\n    examples:\n      - Practical Malware Analysis Lab 01-04.exe_:0x4060\n  features:\n    - or:\n      - count(characteristic(embedded pe)): 1 or more\n      - count(string(This program cannot be run in DOS mode.)): 2 or more\n","matches":[[{"type":"no address"},{"success":true,"node":{"type":"statement","statement":{"type":"or"}},"children":[{"success":true,"node":{"type":"statement","statement":{"type":"range","min":1,"max":9223372036854775808,"child":{"type":"characteristic","characteristic":"embedded pe"}}},"children":[],"locations":[{"type":"file","value":1024}],"captures":{}},{"success":false,"node":{"type":"statement","statement":{"type":"range","min":2,"max":9223372036854775808,"child":{"type":"string","string":"This program cannot be run in DOS mode."}}},"children":[],"locations":[],"captures":{}}],"locations":[],"captures":{}}]]}}}
